ES, 2613956654819.2812, 1412323.0935443682, 2020-04-01, 116.57021913716406, 0.6548781448086856, 0.014074098034824385, 1e-12, 1e-12, 92.0, 1e-12, 0.4, 0.008333333333333333, 0.008333333333333333, 1e-12, 0.4, 1e-12, 0.4, 1e-12
ES, 758669141177.6135, 866289.6826192187, 2020-04-01, 107.57400393595813, 0.2905836560069141, 0.04635219302033758, 0.01900671017754056, 6.507505742320135e-11, 91.99999999999271, 1e-12, 0.34031756576492317, 0.008333333333487137, 0.008333333333533746, 0.39999999996421143, 1.0087000613691817e-12, 1e-12, 0.39999999999728136, 1e-12
ES, 532763143263.4268, 739979.5809271941, 2020-04-01, 210.02053738472227, 0.32803507665424536, 0.022507676371652942, 0.03918618264030993, 1e-12, 81.5876332264108, 1e-12, 0.039614450050023085, 0.008333333568608308, 0.39999999049288604, 0.3680580535397862, 4.1384641630572645e-06, 1e-12, 0.4, 1e-12
ES, 659026957773.9729, 1361798.5665246183, 2020-04-01, 160.44797721131704, 0.5455757405866299, 0.013889856951326125, 0.001225400277415024, 2.1841251757352084e-08, 91.99999999972772, 2.2496249783007067e-06, 0.010733121640484483, 0.39760220744222025, 0.008335277583581699, 8.58192436323063e-09, 0.3999999999999947, 0.002448746071912731, 0.4, 1.2662159730391257e-05
ES, 2779574632446.08, 1567478.407140529, 2020-04-01, 211.15808504343318, 0.6754246471135589, 0.00247626100803168, 0.19999959893184996, 1e-12, 91.99999978046178, 1e-12, 0.04861457652382884, 0.008333333333333333, 0.008333333333333333, 1e-12, 0.4, 1e-12, 0.4, 1e-12
ES, 1606515909376.39, 1261737.9370109101, 2020-04-01, 77.6659921682504, 0.4778473345603141, 0.03496717097779609, 1e-12, 1e-12, 5.000289984366706, 1.7290108337465802e-06, 0.039122470517400636, 0.039120795548948206, 0.008333333333333333, 1e-12, 0.4, 1e-12, 0.4, 1e-12
ES, 2185562824229.278, 2154976.923806209, 2020-04-01, 182.91539434686663, 0.5069107384219611, 0.025184053074933363, 1.6291938194378378e-10, 1e-12, 5.0, 4.09993014380495e-06, 0.00833341534325737, 0.00833333334158172, 0.008333333341568753, 9.321567955308052e-12, 0.4, 1e-12, 0.4, 1e-12
ES, 400565688879.0468, 1263975.955135259, 2020-04-01, 200.91274770173825, 0.5741587506240526, 0.08762960375649033, 9.357295446856067e-09, 1e-12, 5.320591942074551, 4.256486819869724e-06, 0.009802058511047167, 0.008334020166740105, 0.11758988675333171, 0.1101078157909303, 0.2884188396229747, 1e-12, 0.28989218665561733, 1e-12
ES, 1732220990473.473, 1306904.5039132673, 2020-04-01, 112.96554878534393, 0.6420977263538739, 0.030518512225921772, 0.18785821364788555, 1e-12, 88.48845651118359, 1e-12, 0.06329333944757036, 0.030330252716418843, 0.36950189668271, 0.3680765568068386, 0.35705026387218475, 9.999999960041972e-13, 0.4, 1e-12
ES, 824413923234.7156, 1006184.3605637227, 2020-04-01, 209.10022862596622, 0.7754980964760019, 0.06145196270431508, 1e-12, 1e-12, 92.0, 1e-12, 0.2051706032593675, 0.008333333333333333, 0.2730390162189467, 0.4, 1e-12, 1e-12, 0.3603078497184678, 1e-12
ES, 264289340325.5694, 793373.4951978202, 2020-04-01, 161.80380895322503, 0.7481420162301666, 0.02130786337168819, 2.7097411192948947e-07, 1e-12, 91.69649131525735, 2.349470055592262e-05, 0.00833426332717049, 0.05833586854377421, 0.39999999325766533, 0.012662718490043252, 0.39999999999935676, 1e-12, 0.4, 1e-12
ES, 4213588419115.4395, 2053329.5115212868, 2020-04-01, 70.27019163301723, 0.4553018019284618, 0.001326305587928435, 0.010881767393394198, 2.85455646535048e-10, 91.74372856433465, 1e-12, 0.399999996989106, 0.008333336532298856, 0.3999999956406771, 2.891816314095039e-09, 0.39999999693113275, 9.999999999999998e-13, 0.3999999999999992, 1e-12
ES, 222864036702.20935, 471673.6597622029, 2020-04-01, 144.58982645577458, 0.529200606612551, 0.016322466574499695, 0.14516542541615432, 1e-12, 91.7550204563474, 1e-12, 0.3025682598589029, 0.10576506846113291, 0.10576506953779041, 0.09950474843579388, 0.0995047496004627, 1e-12, 0.4, 1e-12
ES, 2753769618881.564, 1513505.4240630327, 2020-04-01, 117.64507447069231, 0.5578285910900334, 0.07000035376746236, 3.775012626000068e-11, 9.530826468837568e-08, 5.000000000000002, 6.607973230180231e-08, 0.4, 0.008333333333333333, 0.008333333333333333, 1e-12, 0.4, 1e-12, 0.4, 1e-12
ES, 3592164656727.5913, 1902442.0056566473, 2020-04-01, 120.8270943657273, 0.391516434465502, 0.004600162631309903, 0.16509860690687164, 1e-12, 87.01237573158461, 1e-12, 0.058856247270990356, 0.37754613540561327, 0.036402145660662834, 0.04687118034665457, 0.37706839417107435, 1e-12, 0.4, 1e-12
ES, 836854140543.6365, 1444519.9577383702, 2020-04-01, 140.71889911115716, 0.43281682398663746, 0.03470360286836222, 1e-12, 1e-12, 5.000000029241655, 1.0677170063307066e-05, 0.008333334685017117, 0.4, 0.008333333333333533, 2.1606416278824063e-10, 0.3999999995064705, 1e-12, 0.3999999888998013, 1e-12
ES, 3391103492058.8564, 1919981.6805411328, 2020-04-01, 204.0027484587248, 0.3170755028817693, 0.04452739295942622, 9.526431897939662e-08, 1.426658715265061e-06, 5.130655207067005, 4.7769182483803786e-08, 0.31357156212804116, 0.39990408794870286, 0.32932829999194707, 0.17779351842756916, 0.17833618473011825, 9.789811710951413e-05, 0.3999021018838941, 9.789811723466023e-05
ES, 3898676845683.515, 1951257.6775219638, 2020-04-01, 86.92753598502168, 0.3373186896854476, 0.024154146893812487, 1e-12, 1e-12, 8.280880559085373, 1.9143492864929165e-07, 0.28863819465750923, 0.3999999999999384, 0.30042532802142397, 0.2983067227670897, 0.12075180428119403, 1e-12, 0.4, 1e-12
ES, 2924609938104.21, 1910298.9290772567, 2020-04-01, 141.27509806044063, 0.25376089370792215, 0.025303370720995897, 0.18138740734957912, 1e-12, 88.85579578922325, 2.823250695452158e-06, 0.022051090606067004, 0.38784669807354544, 0.09928400870721249, 0.061043261758782566, 0.0004323104744162391, 1e-12, 0.3955402242328029, 1e-12
ES, 3076701484633.7666, 1745443.4146681416, 2020-04-01, 96.06894203285748, 0.3347317726371513, 0.08356638733948832, 0.05422382397369238, 1e-12, 91.67114421579522, 1e-12, 0.11452200795408739, 0.11452164784041836, 0.11452168162926034, 0.3999999899954277, 1.1204767439882125e-07, 1e-12, 0.39999909796660643, 1.6953478114910054e-05
ES, 1696071743856.2893, 2044983.3464597906, 2020-04-01, 203.8452788682266, 0.5382194474488411, 0.04930489666446137, 2.9046107654440537e-08, 1e-12, 92.0, 7.589214029779413e-06, 0.00833336130626477, 0.3999999999279853, 0.008333333608014932, 1.0003086164192026e-12, 0.39999999675474973, 1e-12, 0.4, 1e-12
ES, 4531145774903.889, 2107015.4200774613, 2020-04-01, 160.08330480040777, 0.5267663710558369, 0.07684076061525391, 0.07420888619818734, 9.999999999999965e-13, 91.9999999613014, 1e-12, 0.07675697383339912, 0.127976577724372, 0.008333333333336277, 0.1700048547254302, 0.22999764146965257, 1e-12, 0.4, 1e-12
ES, 2504633942316.9634, 1476472.7958296891, 2020-04-01, 62.53976949806687, 0.2620167606514681, 0.08181617964129732, 2.734058536103875e-07, 5.220233002779788e-08, 5.000036008708568, 3.553004596315913e-08, 0.11870879933869624, 0.008333333333333333, 0.008333333333333333, 1e-12, 0.3237215903120229, 1e-12, 0.4, 1.3208483058390937e-05
ES, 2048462559413.4521, 1426414.002293608, 2020-04-01, 136.0307048850152, 0.7884812216103526, 0.0768485318831409, 1e-12, 1e-12, 7.15703673129042, 1.1332475041943131e-06, 0.058401155337340076, 0.12289759357158657, 0.12495370553549398, 0.1170018006562063, 0.00761914760645972, 1e-12, 0.3979001400412431, 1e-12
ES, 4055294659275.781, 1754089.975488362, 2020-04-01, 159.64128943082864, 0.2624920103653226, 0.025268126463147172, 6.789387069192732e-07, 1e-12, 91.84999673820354, 1e-12, 0.22147679762462322, 0.008333333333333333, 0.008333333333333333, 1e-12, 0.4, 1e-12, 0.4, 1e-12
ES, 1928918194650.5603, 2053194.7670038415, 2020-04-01, 130.1133591452325, 0.6548781448086856, 0.06228530429709172, 1e-12, 1e-12, 15.001901321281004, 8.594795855452559e-06, 0.010266958585385313, 0.0932268166458964, 0.010270037673521198, 0.0025609159065508604, 0.22028983687289708, 1e-12, 0.4, 1e-12
ES, 1914910431847.3794, 2021280.5970011777, 2020-04-01, 107.57400393595813, 0.4176474874440975, 0.021074581551825157, 2.1832930788346433e-05, 1e-12, 91.99995209900959, 6.876240224692763e-06, 0.008333364561745821, 0.008333333333333333, 0.008333333333333333, 1e-12, 0.39999999999282954, 1e-12, 0.3999524000030894, 1e-12
ES, 1338420962894.0645, 1104007.3072121206, 2020-04-01, 195.0156641679963, 0.32803507665424536, 0.08426111730160082, 1e-12, 1e-12, 5.000040640132494, 1.9744330721675323e-06, 0.03409105823894735, 0.008333333333333333, 0.008333333333333333, 1e-12, 0.3736944808133714, 1e-12, 0.4, 1e-12
ES, 2115556429315.1538, 1361798.5665246183, 2020-04-01, 107.69741925351067, 0.5455757405866299, 0.013889856951326125, 0.012526551363394483, 1e-12, 91.96562902113223, 1e-12, 0.050522029795778856, 0.008333333333333333, 0.008333333333333333, 1e-12, 0.4, 1e-12, 0.4, 1e-12
ES, 3355944863901.7607, 1891561.7759642354, 2020-04-01, 211.15808504343318, 0.4688987708417583, 0.017723354556851832, 0.1996080890293169, 3.902511437772281e-09, 91.99999999999952, 1e-12, 0.39818213767308314, 0.028821914440604918, 0.39999953167471414, 0.00015589020819184083, 0.39999997316922287, 1.0666277912061066e-06, 0.39929174028917885, 1e-12
ES, 1620807672493.8035, 1261737.9370109101, 2020-04-01, 135.7579637807883, 0.4778473345603141, 0.015602538662083536, 0.19666800590858496, 1e-12, 91.50126352625377, 1e-12, 0.07082178985714362, 0.39999706836380794, 0.07082166483316452, 2.758065810876303e-09, 0.39999745465172687, 1e-12, 0.3999967280482006, 1e-12
ES, 4658698081836.464, 2154976.923806209, 2020-04-01, 182.91539434686663, 0.4139137578780212, 0.029784761185444725, 0.0881307204156233, 1e-12, 91.99999364013254, 1.148219652178806e-11, 0.18197481378357916, 0.3792104365935194, 0.3792104368906505, 0.1762614393438143, 0.2025066670622091, 1e-12, 0.3989255009546667, 1e-12
ES, 1250875611289.705, 1263975.955135259, 2020-04-01, 200.91274770173825, 0.2642242154807011, 0.08762960375649033, 0.1999999999999983, 1e-12, 92.0, 1e-12, 0.3999999999999966, 0.008333333333333333, 0.008333333333333333, 1e-12, 0.4, 1e-12, 0.4, 1e-12
ES, 3413859798534.2715, 2150543.201732886, 2020-04-01, 112.96554878534393, 0.5076435728804558, 0.0342006498154546, 0.02435761334282876, 1e-12, 81.253071663039, 1e-12, 0.0560336584271692, 0.3522996738719419, 0.30037143663465826, 7.325859562975793e-05, 0.1103960379258882, 1.9296639497857907e-06, 0.35131033205106693, 9.067493137797663e-06
ES, 2368223116586.9, 1345728.507387979, 2020-04-01, 126.40240438972232, 0.5266950056358821, 0.02379209443232944, 1e-12, 1e-12, 91.80379138271742, 1e-12, 0.4, 0.008333333333333333, 0.008333333333333333, 1e-12, 0.4, 1e-12, 0.4, 1e-12
ES, 636016308525.147, 793373.4951978202, 2020-04-01, 161.80380895322503, 0.7030764624065983, 0.07211736809539288, 0.1639644985201249, 1e-12, 91.99999999988742, 1e-12, 0.3294304763653647, 0.008333333333333333, 0.008333333333333333, 1e-12, 0.32792899728983393, 1e-12, 0.4, 1e-12
ES, 2025707814774.683, 1562255.6784427003, 2020-04-01, 70.27019163301723, 0.6944282676094432, 0.05966326874861176, 5.368334968414363e-07, 3.323233066929585e-06, 5.312632489325444, 3.578595700026977e-08, 0.4, 0.39999999999987584, 0.00848951193094118, 0.01096567511613639, 0.3998404984533787, 2.0260695385536566e-07, 0.3999999746742559, 0.00015950154837984882
ES, 728603538606.5135, 862392.1569937972, 2020-04-01, 162.44257734931327, 0.5455584026071265, 0.024374988346280067, 0.18954611867150237, 1e-12, 91.88491129235864, 1e-12, 0.3795278156872545, 0.028805517594814572, 0.25418316236359456, 0.02090776263466635, 0.3021098604069447, 1e-12, 0.4, 1e-12
ES, 1190825527402.1875, 1476390.932338372, 2020-04-01, 48.44505310656495, 0.5578285910900334, 0.07000035376746236, 1e-12, 1e-12, 19.40356561854614, 9.905620029071032e-06, 0.012411108927608364, 0.3980804635218299, 0.07533117500166524, 0.06842327132290098, 0.33158005658242645, 1e-12, 0.4, 1e-12
ES, 2090791321001.1172, 1932124.7548739621, 2020-04-01, 117.6491769680826, 0.2441722851032976, 0.003922643404453365, 4.1779538718370603e-07, 1.9132742424997822e-09, 18.27220319415325, 1.4990989234513538e-06, 0.018035964999761418, 0.394436578663876, 0.39029736933287595, 0.39009093038545756, 0.00990906969782837, 1e-12, 0.3442602788438118, 2.892346361847144e-07
ES, 2567080323185.6826, 1690719.1262410458, 2020-04-01, 140.71889911115716, 0.5350129850979348, 0.04385768675907117, 2.63236459149152e-07, 1.153198420073003e-06, 5.0, 4.5053836638834745e-08, 0.4, 0.39999999999993696, 0.008443115556002589, 0.00011211801564338638, 0.3998878819852923, 0.00011211801577284683, 0.3998878819852289, 0.00011211801607993773
ES, 289639848914.271, 692666.3946129973, 2020-04-01, 126.48398922085417, 0.3170755028817693, 0.0852217203105897, 1e-12, 1e-12, 5.334538550414752, 1.482393647113413e-05, 0.014047325249169997, 0.3985645625518709, 0.09190640225989927, 0.08535121819510509, 0.27355250861786734, 1e-12, 0.39985471626914926, 1e-12
ES, 3608389156278.755, 1826767.43119672, 2020-04-01, 98.8308582806283, 0.7786594167178659, 0.024154146893812487, 1.683052886842414e-07, 3.9177910757837876e-08, 6.495807049692665, 2.0193684930782526e-08, 0.3932239599520632, 0.008333333333333333, 0.008333333333333333, 1e-12, 0.3998782964224745, 0.00012170357848073883, 0.39987829642246847, 0.00012170357828013758
ES, 1499997667365.8337, 1291415.9656442625, 2020-04-01, 141.27509806044063, 0.25376089370792215, 0.031146631269147858, 0.19999999104322644, 1e-12, 80.174956293028, 1e-12, 0.033388815961983107, 0.39999842833054233, 0.033417078484056006, 2.012729509666581e-06, 0.39999992153374764, 1e-12, 0.39999999335953895, 1e-12
ES, 4008594352420.744, 1877481.845605098, 2020-04-01, 96.06894203285748, 0.3347317726371513, 0.08356638733948832, 0.02103985699074301, 1e-12, 91.97130373592726, 1e-12, 0.04953638714415608, 0.008333333333333333, 0.008333333333333333, 1e-12, 0.4, 1e-12, 0.4, 1e-12
ES, 4759063745304.516, 2044983.3464597906, 2020-04-01, 189.87858521435342, 0.5382194474488411, 0.014293418029868653, 0.018809586977386238, 1e-12, 91.97486880752427, 1e-12, 0.04951415960776368, 0.008333333333333333, 0.008333333333333333, 1e-12, 0.4, 1e-12, 0.4, 1e-12
ES, 2027705258326.0312, 1880285.2323948906, 2020-04-01, 187.6084625316664, 0.4904215381862523, 0.017644803066132135, 0.01332217565624069, 1e-12, 61.22826128251574, 1e-12, 0.016643582486077776, 0.3998254842073438, 0.34647076418717504, 0.3556860597715161, 0.05108286754591197, 1e-12, 0.3984200045168326, 1e-12
ES, 5128424035105.924, 2040116.6830909855, 2020-04-01, 98.49727967316004, 0.3258784227365862, 0.01104561541607028, 5.518190559992381e-07, 1e-12, 82.51986719641339, 6.119936734103526e-08, 0.12001156481451011, 0.008333333333333333, 0.008333333333333333, 1e-12, 0.32091952478008046, 1e-12, 0.4, 1e-12
ES, 2308001862475.4243, 1426414.002293608, 2020-04-01, 136.0307048850152, 0.7769341809331662, 0.005962839770328099, 0.1780789667180468, 1e-12, 92.0, 1e-12, 0.05125410730014494, 0.008333333333333333, 0.008333333333333333, 1e-12, 0.39999851181651647, 1e-12, 0.4, 1e-12
ES, 1019212049737.6776, 1452189.4286480548, 2020-04-01, 181.0233960639055, 0.2273410465714269, 0.07786974103683861, 1e-12, 1e-12, 5.0, 1.6467169171290345e-07, 0.2597642232922032, 0.008333333333333333, 0.008333333333333333, 1e-12, 0.14321953375487495, 1e-12, 0.2567804836062698, 1e-12
ES, 2232145151051.6333, 1479264.9842910897, 2020-04-01, 116.57021913716406, 0.6548781448086856, 0.07188935455972603, 1e-12, 1e-12, 5.000000005656532, 6.935999953664363e-07, 0.0817174590519131, 0.008333520359912975, 0.008333340361658455, 1.693415951180953e-08, 1.8557843801219248e-07, 1e-12, 0.4, 1e-12
ES, 4649204157583.598, 2021280.5970011777, 2020-04-01, 107.57400393595813, 0.6929512220309921, 0.07435809460849585, 8.60630346786098e-08, 7.332372330687672e-08, 5.0, 3.241918593159031e-08, 0.39999959107999117, 0.008333333333333333, 0.008333333333333333, 1e-12, 0.39992833676862427, 7.166323237715156e-05, 0.39999376396987857, 7.166323238585716e-05
ES, 484112159813.79364, 1104007.3072121206, 2020-04-01, 195.0156641679963, 0.32803507665424536, 0.08426111730160082, 1e-12, 1e-12, 5.000000001229736, 1.3136563837607132e-05, 0.008333333749702068, 0.39999999997135266, 0.008333333850060277, 1e-12, 0.39999999947834675, 1e-12, 0.4, 1e-12
ES, 1479934232814.374, 1361798.5665246183, 2020-04-01, 107.69741925351067, 0.2788379734197741, 0.09823641271685771, 0.19999999999995804, 1e-12, 91.99494163378552, 1e-12, 0.39999999999991787, 0.008333333333333333, 0.008333333333333333, 1e-12, 0.4, 1e-12, 0.4, 1e-12
ES, 2110939696499.457, 2121113.1873989166, 2020-04-01, 209.03588890372598, 0.43473601149337704, 0.04111588253212248, 1e-12, 1e-12, 5.000000000010834, 6.178716380098395e-06, 0.008333336062723153, 0.008333333333333333, 0.008333333333333333, 1e-12, 0.4, 1e-12, 0.4, 1e-12
ES, 2990232773615.1187, 1848262.173572876, 2020-04-01, 189.83170447560755, 0.4778473345603141, 0.014634715459720565, 0.008749630799873153, 1e-12, 91.36627886511559, 1e-12, 0.38229888485157093, 0.008333333333336806, 0.008333333333336806, 1.0035469478048276e-12, 0.018080219547748633, 1e-12, 0.3828748738614543, 9.999778782798785e-13
ES, 1702620378357.691, 1416849.5016525968, 2020-04-01, 111.08713547521833, 0.49943184921245365, 0.01049343817912412, 0.13748146311624745, 1e-12, 82.52572103109719, 4.578989021727245e-06, 0.018262863246618213, 0.008333333333333333, 0.008333333333333333, 1e-12, 0.3986626955552658, 1e-12, 0.39999999993488927, 1e-12
ES, 640037337606.515, 1263975.955135259, 2020-04-01, 55.62900832174563, 0.2887120938563261, 0.06871710899438618, 1e-12, 1e-12, 5.000000039303364, 1.3637599493340549e-05, 0.008419651826728733, 0.3997867372636783, 0.39975799283895325, 0.39978857567183895, 0.2681206888903619, 1e-12, 0.39999999876758735, 1e-12
ES, 1216945965788.605, 1735193.558813728, 2020-04-01, 96.94811374263907, 0.5076435728804558, 0.012088595736005254, 0.19999993976044506, 1e-12, 91.99999995888359, 1.0277106956504846e-05, 0.008334449504354838, 0.39999999999773767, 0.39999999999999997, 0.3999999998033507, 0.3999998855453862, 1e-12, 0.4, 1e-12
ES, 1017788946544.8394, 1597187.1119256467, 2020-04-01, 126.40240438972232, 0.37364100875758843, 0.0239915049624921, 1e-12, 1e-12, 5.0, 9.574577754058291e-06, 0.008333368595998335, 0.39999999999999053, 0.008333333333333338, 5.990929847827051e-12, 0.4, 1e-12, 0.3999999990496587, 1e-12
ES, 1667905697515.0334, 2041313.7864454496, 2020-04-01, 128.36552288684118, 0.4111472094509451, 0.04996261444190359, 2.0121776397263383e-08, 1e-12, 91.76679860847004, 7.561018769036284e-06, 0.008333347574860529, 0.4, 0.008333333574110436, 2.9851337553780677e-09, 0.3999999991937356, 1e-12, 0.4, 1e-12
ES, 1451354209473.2324, 1213832.4870516013, 2020-04-01, 70.27019163301723, 0.4553018019284618, 0.014874742895998461, 0.06311292141566713, 5.070636388210114e-10, 92.0, 1e-12, 0.3999999999989061, 0.23117204596650243, 0.1549956529318689, 0.09030869618820049, 0.20712197419043485, 1e-12, 0.4, 1e-12
ES, 1473600358086.465, 1979304.5791652994, 2020-04-01, 162.44257734931327, 0.43011035241106954, 0.024374988346280067, 1.0201073226663778e-09, 1e-12, 5.000000004029441, 4.8877308310060685e-06, 0.008338730286400134, 0.39999461910079825, 0.008333339044371928, 3.756445882876701e-09, 0.3999948699786622, 2.0151330018245163e-07, 0.3999979759381611, 0.00011238941528551524
ES, 1822453628833.9756, 2117272.810640123, 2020-04-01, 126.96229008887222, 0.5578285910900334, 0.0811678655913516, 1e-12, 1e-12, 5.000000002147732, 7.7100242889522e-06, 0.008333339200223035, 0.3999999999999981, 0.008333333333333333, 1e-12, 0.4, 1e-12, 0.4, 1e-12
ES, 1377478621854.6055, 1561399.5563922354, 2020-04-01, 120.8270943657273, 0.47928490600995866, 0.04126215715267318, 0.029128191477020574, 1e-12, 79.32985773949355, 6.116075426538287e-06, 0.011697386618668797, 0.3981162964391044, 0.06497547682850482, 0.05799093111028275, 0.3421555589017515, 1e-12, 0.39999714489022664, 1e-12
ES, 724628089210.932, 790792.8840669168, 2020-04-01, 140.71889911115716, 0.4659928907605359, 0.04385768675907117, 1e-12, 2.5266976384824167e-08, 5.0, 1.452033601295136e-07, 0.39999936911594386, 0.008428112384400107, 0.008428112384381558, 9.679562788269116e-05, 0.39990320435993676, 9.679564042594391e-05, 0.39999161825465196, 9.679567684718736e-05
ES, 522930456222.8296, 1140019.1303442437, 2020-04-01, 166.95658649610743, 0.4987764583864363, 0.09980387327396699, 9.147108446430568e-10, 1e-12, 5.000000516435837, 8.82017388902705e-06, 0.00833440045759213, 0.3999994309233997, 0.008333333333759418, 1.8869908154541052e-08, 0.39999962834155084, 1e-12, 0.39999999999999863, 1e-12
ES, 3076565445770.8467, 1951257.6775219638, 2020-04-01, 58.4687768213178, 0.3373186896854476, 0.002183469170341087, 0.2, 1e-12, 92.0, 1e-12, 0.4, 0.008333333333333333, 0.008333333333333333, 1e-12, 0.4, 1e-12, 0.4, 1e-12
ES, 2764528683752.7383, 1542539.6922098312, 2020-04-01, 141.27509806044063, 0.5255932085834193, 0.025303370720995897, 1e-12, 1e-12, 5.000000290396012, 8.741687354245282e-07, 0.05085305647219091, 0.008333333333333333, 0.008333333333333333, 1e-12, 0.4, 1e-12, 0.4, 1e-12
ES, 1868274270591.8982, 1369377.9695235728, 2020-04-01, 96.06894203285748, 0.25065409758630924, 0.07208063812741371, 0.19996789378550855, 1e-12, 91.28198643916836, 1e-12, 0.05589446769050514, 0.38779942340213047, 0.008333333333333333, 0.0007290959268704939, 0.3999999807091286, 1e-12, 0.3965907311690445, 1e-12
ES, 1622261094913.0002, 1260026.2658118447, 2020-04-01, 154.43744279715372, 0.5382194474488411, 0.027062585567171518, 1e-12, 1e-12, 5.000883571394018, 9.288853847687045e-07, 0.0749735571390932, 0.3308929227799571, 0.14841206212528626, 0.1165017326211648, 0.18273364261022473, 1e-12, 0.4, 2.955156730340292e-07
ES, 5059912517832.277, 1976535.453215229, 2020-04-01, 151.1237041033142, 0.5267663710558369, 0.0009347874606504902, 1e-12, 1e-12, 91.37354030863489, 1e-12, 0.4, 0.008333333333333333, 0.008333333333333333, 1e-12, 0.4, 1e-12, 0.4, 1e-12
ES, 115439584611.64182, 2040116.6830909855, 2020-04-01, 125.93068491730244, 0.3254727523620373, 0.0045533938758598935, 3.881756244963786e-06, 1.3446615772940121e-05, 24.761797049038382, 6.7477903432378775e-09, 0.008333382579697608, 0.16276710734695662, 0.046912750985122036, 1.147820928539105e-08, 0.15141192745126855, 1e-12, 0.1577189199760709, 1e-12
ES, 1766756579679.809, 2044410.9432249663, 2020-04-01, 94.05669381930011, 0.7769341809331662, 0.017041449887512928, 1e-12, 1e-12, 5.0, 1.0470050561066516e-05, 0.008333347278915814, 0.39964230941672274, 0.3996424389852109, 0.3996357444987188, 0.3996356715889771, 1e-12, 0.39963566433291386, 1e-12
ES, 5317655673141.7, 2152879.8379448587, 2020-04-01, 115.98114384834693, 0.31625678722271333, 0.0424880185444211, 1e-12, 1e-12, 92.0, 1e-12, 0.4, 0.008333333333333333, 0.008333333333333333, 1e-12, 0.4, 1e-12, 0.4, 1e-12
ES, 2576150966105.475, 1605079.4632723064, 2020-04-01, 174.9256405535169, 0.2647049543737032, 0.08691357339322077, 0.0020208133023290197, 1e-12, 90.25806894752164, 1.0143932736102113e-06, 0.05253273854093597, 0.3867405221870271, 0.08466983257045832, 0.0790821813198526, 0.35768357868283546, 1e-12, 0.39826964759810257, 1e-12
ES, 3427653049302.575, 1999531.732850274, 2020-04-01, 177.3484258630342, 0.3507040613840765, 0.042801368676890314, 3.1586742503936858e-09, 6.00097455487597e-07, 5.0, 4.041694463375059e-08, 0.3998474242091905, 0.008333333333333333, 0.008333333333333333, 1e-12, 6.317271212278842e-09, 0.00015581576957597598, 0.39984418423165785, 0.00015581576958692583
ES, 4484663566546.309, 1850125.3474305498, 2020-04-01, 75.06913198545365, 0.32803507665424536, 0.0315560724364646, 5.406317692420458e-07, 1e-12, 87.03872686815171, 1e-12, 0.39701965186266386, 0.00833439204653055, 0.008334392046524057, 1.0812400051351662e-06, 0.39999891876091453, 1.081239473515598e-06, 0.3999999092124577, 1.0812353598645762e-06
ES, 270877231108.40283, 821795.0616247877, 2020-04-01, 107.69741925351067, 0.5455757405866299, 0.013889856951326125, 5.408065013271126e-09, 1e-12, 5.000000000031287, 7.725344837016899e-06, 0.008333585959393245, 0.008333334456605977, 0.008333333719555304, 3.703581557993448e-10, 7.484531426259324e-10, 1e-12, 0.4, 1e-12
ES, 3930612154109.0547, 1842372.2268073768, 2020-04-01, 211.15808504343318, 0.26715178735000555, 0.017723354556851832, 5.436967137667211e-06, 1e-12, 92.0, 2.0318047779362522e-07, 0.046899151238172225, 0.008333333333333333, 0.008333333333333333, 1e-12, 0.4, 1e-12, 0.39840020242152496, 1e-12
ES, 3706642051328.2583, 1848262.173572876, 2020-04-01, 192.94099330499432, 0.33469414776650386, 0.024650587116579217, 1e-12, 1e-12, 5.610070568581265, 1.4538241806313906e-06, 0.031046789385913817, 0.008333333333333333, 0.008333333333333333, 1e-12, 0.4, 1e-12, 0.4, 1e-12
ES, 4802065318300.212, 2154976.923806209, 2020-04-01, 116.3468967215864, 0.6082047392290164, 0.008319575471929479, 0.04082352674062284, 1e-12, 92.0, 1e-12, 0.08827940653270339, 0.008333333333333333, 0.008333333333333333, 1e-12, 0.0816470535519937, 1e-12, 0.4, 1e-12
ES, 915207016881.6437, 1519111.7919160025, 2020-04-01, 175.70380174544695, 0.37344603508614627, 0.08762960375649033, 0.19999946927881312, 5.708650360745781e-10, 91.82090850720252, 4.940379568694483e-06, 0.008339287756273983, 0.39999904396941166, 0.05647986851367805, 1.88813449309262e-07, 0.3999944503613715, 1e-12, 0.3999990945117, 1e-12
ES, 4686972573060.166, 1971430.5680822032, 2020-04-01, 118.05278917355498, 0.49338600306015434, 0.014836968574489426, 1.3735630490332574e-06, 1e-12, 91.98898713411509, 6.834800059705601e-08, 0.07858149332648279, 0.008333333333333333, 0.008333333333333333, 1e-12, 0.33747728872154326, 1e-12, 0.4, 1e-12
ES, 4356980957060.629, 1956898.0580095688, 2020-04-01, 105.53833005659797, 0.43941899048932753, 0.04495690483588122, 0.021130471291170867, 1e-12, 92.0, 1e-12, 0.04971384562493769, 0.008333333333333333, 0.008333333333333333, 1e-12, 0.4, 1e-12, 0.4, 1e-12
ES, 1825702992871.0232, 1977971.868538718, 2020-04-01, 128.36552288684118, 0.3539727502057318, 0.04137789767651689, 0.19999981099592717, 1e-12, 91.99999999998828, 6.775361260416907e-06, 0.008333410984921833, 0.008333333333333333, 0.008333333333333333, 1e-12, 0.4, 1e-12, 0.4, 9.999971463006265e-13
ES, 1709937323400.5396, 1238911.4675713938, 2020-04-01, 70.27019163301723, 0.4553018019284618, 0.009060374051617429, 1e-12, 1e-12, 91.62202433867323, 1e-12, 0.4, 0.008333333333333333, 0.008333333333333333, 1e-12, 0.4, 1e-12, 0.4, 1e-12
ES, 2016198569539.8196, 1993024.6063865833, 2020-04-01, 162.44257734931327, 0.5374388688210328, 0.08770999160319516, 1.7162231661495702e-09, 1e-12, 5.2025182003730475, 2.9923702209375015e-06, 0.009015023413528063, 0.008352708736644777, 0.008343490479183726, 1.060137712521876e-05, 0.3814566415877959, 1e-12, 0.4, 1e-12
ES, 1933443037862.107, 1432531.3393778077, 2020-04-01, 76.04643452308724, 0.6824482642304495, 0.005038684131911608, 0.01957311768731377, 2.2016729633169856e-11, 91.9999999999999, 3.662951903693177e-08, 0.04666402213588944, 0.3999999999994312, 0.39935239074599993, 0.4, 0.386785231846551, 1e-12, 0.386925248205002, 1e-12
ES, 1533079961922.2917, 1902442.0056566473, 2020-04-01, 120.8270943657273, 0.7884514548964761, 0.03400714106106941, 0.19999929474731318, 1.647886987962716e-09, 91.25892152842842, 5.199183203971549e-06, 0.00834046814661271, 0.3999982890348391, 0.39999395061106613, 0.3999938053560306, 5.961467838719066e-06, 1e-12, 0.4, 1e-12
ES, 2831302674756.513, 1690719.1262410458, 2020-04-01, 113.61911953821999, 0.43049796232822846, 0.04444894621921487, 1e-12, 1e-12, 5.471563055803173, 1.3661416744607532e-06, 0.0426220640736242, 0.36783420799868805, 0.010456275572962026, 0.00216811978716669, 0.4, 1e-12, 0.4, 6.404899584667293e-06
ES, 3458333686535.44, 1919981.6805411328, 2020-04-01, 204.0027484587248, 0.4695057577724491, 0.04452739295942622, 0.19999999999552143, 5.905500820303714e-12, 92.0, 1e-12, 0.39999999999931557, 0.4, 0.008333333333576436, 2.616366149545969e-12, 0.39999999999918967, 1e-12, 0.39999999999921815, 1.000000000000001e-12
ES, 4076004064276.2407, 1875242.8463185444, 2020-04-01, 126.0761352727188, 0.43854423521183805, 0.07356980025225994, 1e-12, 2.001844771366211e-07, 5.0, 5.2240659529194466e-08, 0.3999467308687749, 0.008386602049359303, 0.008386602045948178, 5.440209937797772e-05, 0.39994559748701874, 5.440251639373321e-05, 0.3999455974870187, 5.4403752507711465e-05
ES, 1851500147503.5688, 1188650.0417314398, 2020-04-01, 106.74855447229594, 0.6588444294793425, 0.055508265340164814, 8.450898935742139e-07, 1e-12, 92.0, 1e-12, 0.3947868275038551, 0.008333333333333333, 0.008333333333333333, 1e-12, 0.4, 1e-12, 0.4, 1e-12
ES, 1418048806823.4868, 1744303.1640389992, 2020-04-01, 136.61674667504053, 0.3347317726371513, 0.030889073718431907, 0.19999999940530058, 1e-12, 91.92867441844176, 7.597200506609921e-06, 0.008334510977883972, 0.008333333333333333, 0.00833333333333335, 1e-12, 0.4, 1e-12, 0.4, 1e-12
ES, 1373642018422.9822, 1804560.2425657434, 2020-04-01, 189.87858521435342, 0.5382194474488411, 0.025266708510456395, 7.269866657339656e-05, 2.642412230269885e-09, 91.99969057517876, 2.692836202071062e-06, 0.008334758847661923, 0.008474342346673571, 0.008474342255351593, 0.00014400915507659768, 0.3998559890018693, 0.00014397666864253327, 0.39985599004686295, 0.00014387788877666334
ES, 2558802472985.2397, 1675420.7478628133, 2020-04-01, 92.69463929455327, 0.5012987228477471, 0.0009347874606504902, 9.115557200180858e-08, 1.6565426910815107e-08, 79.88794129589186, 1.4162748718739508e-07, 0.06286080918579551, 0.008339178165793262, 0.008339178165739557, 5.9691915680774945e-06, 0.3999940308082839, 3.195072370110624e-10, 0.34431237517980545, 5.969151745185456e-06
ES, 2209324301013.3135, 1645609.0328062724, 2020-04-01, 133.82350020790193, 0.3258784227365862, 0.09785356691478535, 1e-12, 1e-12, 6.637124785549464, 3.7015428299787803e-06, 0.015705458188410647, 0.008333333333333333, 0.008333333333333333, 1e-12, 0.39999803800239564, 1e-12, 0.4, 1e-12
ES, 4097067266703.6333, 2198751.4376697727, 2020-04-01, 85.1273577911798, 0.7769341809331662, 0.05408971934877253, 1e-12, 1e-12, 5.000001281513291, 1.4843941779144287e-06, 0.03351036182757039, 0.3748217476448951, 0.3748275634573521, 1e-12, 0.37428375515129214, 1e-12, 0.3742753323088177, 1e-12
ES, 4034757366359.038, 1982126.4950934004, 2020-04-01, 137.2642380933397, 0.28898117541262364, 0.0424880185444211, 0.02920271088418839, 1e-12, 91.5006498964696, 1e-12, 0.06552197548480125, 0.008333333333333333, 0.008333333333333333, 1e-12, 0.05840542177915269, 1e-12, 0.4, 1e-12
ES, 5162860521334.659, 2043877.6632120842, 2020-04-01, 116.57021913716406, 0.6018659193080869, 0.0014425905828708324, 1.1594555444093816e-06, 1e-12, 92.0, 2.0809984374748056e-07, 0.08112056522221056, 0.008333333333333333, 0.008333333333333333, 1e-12, 0.4, 1e-12, 0.4, 9.999778782798785e-13
ES, 4275456452788.9766, 2079787.5223980881, 2020-04-01, 107.57400393595813, 0.48840699518211417, 0.007153055901684617, 1.507122513915348e-08, 4.988437222356737e-09, 5.0045400559141875, 2.3438037205244726e-07, 0.04396509147381954, 0.008333333333333333, 0.021350236254599527, 1e-12, 0.4, 1e-12, 0.38670613990884906, 1e-12
ES, 4504615349559.403, 2110541.8339768797, 2020-04-01, 45.259870315338524, 0.581500920331093, 0.018174301415172307, 0.08598263455608103, 1e-12, 88.63082250107712, 1e-12, 0.052794250618091995, 0.39999999973800365, 0.0235010863700538, 0.015490471140236621, 0.0466792480658303, 1e-12, 0.4, 1e-12
ES, 2695373743764.4873, 2048366.6396137644, 2020-04-01, 79.50408372856599, 0.4793866420508245, 0.00011822100477411302, 0.01590259941926885, 1e-12, 90.6067563491305, 3.0363948082187556e-06, 0.016393932613369973, 0.03917346016762967, 0.008333333333333333, 1.5010772510705263e-11, 0.39615239530259966, 9.999986949615902e-13, 0.36883234301660356, 1e-12
ES, 1370414908176.6875, 1842372.2268073768, 2020-04-01, 124.2789714465227, 0.5324751978084696, 0.005968123463332464, 1e-12, 1e-12, 5.0, 8.345914494021213e-06, 0.008333353338760171, 0.008333333482910989, 0.008333333333333349, 1.0000224985275343e-12, 1.0001053429194293e-12, 9.600662449204886e-09, 0.3999999811246336, 1e-12
ES, 2718184874634.9883, 1684082.1274085299, 2020-04-01, 192.94099330499432, 0.6795813955694361, 0.09719422072851593, 0.19999999996165116, 1e-12, 91.99999998331825, 1e-12, 0.39999999992490015, 0.008333333333333333, 0.008333333333333333, 1e-12, 0.4, 1e-12, 0.4, 1e-12
ES, 3869546978994.743, 1719787.6034408226, 2020-04-01, 144.1467529897726, 0.6082047392290164, 0.05979648558823775, 1e-12, 1e-12, 91.12282699245557, 1e-12, 0.4, 0.008333333333333333, 0.008333333333333333, 1e-12, 0.4, 1e-12, 0.4, 1e-12
ES, 711557871337.7286, 1263975.955135259, 2020-04-01, 200.91274770173825, 0.5615270341757174, 0.031163108455677442, 1e-12, 1e-12, 5.507832533329792, 8.55628732513601e-06, 0.010764542694775793, 0.06172231050474798, 0.01612452879730458, 0.00011367955159603002, 0.08317476571336109, 1e-12, 0.36749675054763875, 1e-12
ES, 1815537770091.22, 1971430.5680822032, 2020-04-01, 118.05278917355498, 0.23661251926062743, 0.025117031539362226, 1e-12, 1e-12, 5.0000000000001155, 7.761776647660265e-06, 0.009220704516130811, 0.008333333333333333, 0.008333333333333333, 1e-12, 0.4, 9.999999999994796e-13, 0.4, 1e-12
ES, 2829322693147.2563, 1581349.8132583227, 2020-04-01, 209.82404415532326, 0.3316737306860982, 0.018830861234740613, 0.06316678848539002, 1e-12, 92.0, 1e-12, 0.05014052111981258, 0.008333333333333333, 0.008333333333333333, 1e-12, 0.39999999474776365, 1e-12, 0.4, 1e-12
ES, 3766886650725.243, 2053503.6904993537, 2020-04-01, 144.98184642101276, 0.2384879106671718, 0.09121678597054586, 2.6503653300496337e-07, 1.1062062495337817e-06, 5.0, 3.4824264217815786e-08, 0.3999999817125512, 0.39999997902707796, 0.008440926939552779, 0.00010988283288529517, 0.39989011711860756, 1.723564363765798e-07, 0.3999999889985893, 0.00010988283319721123
ES, 3498715598184.328, 1752853.363092335, 2020-04-01, 208.41438661925488, 0.6431836530518833, 0.001326305587928435, 0.021349458453228727, 1e-12, 91.99330492631188, 1e-12, 0.05014268937816521, 0.008333333333333333, 0.008333333333333333, 1e-12, 0.3999999999677722, 1e-12, 0.4, 1e-12
ES, 3486801812190.023, 1917866.469237463, 2020-04-01, 154.95531965476107, 0.5229202147058365, 0.08770999160319516, 1.913687732586727e-07, 1.4300976100270718e-07, 5.0, 4.249192146970967e-08, 0.16015509754448418, 0.0698215107746661, 0.008424542752018566, 9.315004561706568e-05, 0.39813453657253445, 9.315004572192749e-05, 0.39990684995526377, 9.315004609100822e-05
ES, 2194901876986.456, 1704181.2488442298, 2020-04-01, 134.7246912739659, 0.5578285910900334, 0.027315583222916735, 0.0062506487123979056, 1e-12, 84.03992448008354, 4.358624257417392e-06, 0.018649559886136802, 0.3951011348334223, 0.14016657472623237, 0.1361524090605426, 0.26546099164580783, 9.999999999999965e-13, 0.3999999996113849, 1e-12
ES, 4925673600213.218, 2199418.899900238, 2020-04-01, 120.8270943657273, 0.5914314856553822, 0.0423779798977682, 0.19923400886165873, 9.999999999994796e-13, 91.62100267299094, 1e-12, 0.0700046462116314, 0.06986513059457632, 0.06986514418200844, 0.06284097274304762, 0.06298418660413399, 1e-12, 0.4, 1e-12
ES, 2948263225429.2207, 1690719.1262410458, 2020-04-01, 189.47867498607772, 0.43049796232822846, 0.04444894621921487, 0.03419390091880678, 1e-12, 92.0, 1e-12, 0.07529638929003131, 0.008333333333333333, 0.008333333333333333, 1e-12, 0.06838780185770663, 1e-12, 0.4, 1e-12
ES, 2639188736392.249, 1672891.4766876784, 2020-04-01, 119.99617295073003, 0.4695057577724491, 0.0106638240684269, 4.565604949646332e-06, 1.2141447576808466e-06, 72.76376296089533, 2.2050268333837014e-08, 0.39999800998015367, 0.3999997577504393, 0.3999999999996034, 9.680097316602787e-05, 0.3999122063024396, 1.7203341184719833e-07, 0.3999999964891352, 8.766976559886617e-05
ES, 3978006054889.0405, 2167852.6083409204, 2020-04-01, 216.85015462988483, 0.7903122201171329, 0.07356980025225994, 5.921379787232136e-10, 1e-12, 5.000000002117092, 1.2110979605262126e-06, 0.03198741700394123, 0.37633483797731243, 0.3763348383167013, 0.3758313490817636, 0.37583135214152386, 1e-12, 0.37583135203731155, 1e-12
ES, 1582217220318.4473, 1848302.547437917, 2020-04-01, 197.25121217379026, 0.4332931000888929, 0.025303370720995897, 2.456643702151089e-07, 1.602171908225828e-09, 91.99726604746199, 2.7290407226334504e-06, 0.008334035375793917, 0.008339002440947282, 0.008334994236881619, 2.587725158012955e-07, 0.4, 1e-12, 0.3999841131281757, 1e-12
ES, 1632445901269.3423, 1877481.845605098, 2020-04-01, 96.06894203285748, 0.3541344659661476, 0.05979648558823775, 0.19999974778738963, 1.6146872508054879e-09, 91.99961197551644, 2.9484441075430655e-06, 0.008335158176467149, 0.008333333333333333, 0.008333333333333333, 1e-12, 0.3999999993417, 1e-12, 0.4, 1e-12
ES, 3013353050213.0825, 1855512.8045165464, 2020-04-01, 145.13949722638745, 0.5382194474488411, 0.06891670763682761, 1e-12, 1e-12, 5.802999349860635, 1.435235048164249e-06, 0.03880641645452807, 0.3571633689514655, 0.011948368714187071, 0.02563362872366758, 0.007101619188911088, 1e-12, 0.3780583209645608, 1e-12
ES, 1838719880031.145, 2102062.4265583255, 2020-04-01, 151.1237041033142, 0.7039563313921957, 0.06081615724263191, 1e-12, 1e-12, 5.000000003736248, 8.351853277175688e-06, 0.008333348623269968, 0.399999999999995, 0.008333336968845355, 3.473008952417802e-10, 0.4, 1e-12, 0.4, 1e-12
ES, 3429154074363.9976, 1835973.3738700512, 2020-04-01, 136.5268537908527, 0.4665130555731396, 0.01104561541607028, 0.0496204137946565, 1e-12, 89.93119169742508, 1e-12, 0.07911462501684303, 0.27372539049615996, 0.14270574730083938, 0.2707021060987047, 0.3351922267838206, 1e-12, 0.4, 1e-12
ES, 1710429198402.6943, 1303682.646237653, 2020-04-01, 104.38429761385856, 0.7769341809331662, 0.009104511502550976, 0.2, 1e-12, 91.77828689013072, 1e-12, 0.4, 0.008333333333333333, 0.008333333333333333, 1e-12, 0.4, 1e-12, 0.4, 1e-12
ES, 1157077412291.003, 1718873.78009717, 2020-04-01, 115.98114384834693, 0.31625678722271333, 0.0780657110828423, 1.4401503470393165e-08, 1.6548246682873594e-08, 5.000000089117787, 2.8368037091310736e-06, 0.008334011937477242, 0.39999999941006154, 0.008333333333861855, 2.5785402726001536e-09, 0.3999999999999952, 1e-12, 0.4, 1e-12
ES, 4654300246311.524, 2212639.047408004, 2020-04-01, 176.2280580889443, 0.7846601449285138, 0.058003810869270325, 1.1630842972498043e-07, 1.1045732266226925e-05, 5.000000000021542, 4.1558698586760486e-08, 0.09599386024114431, 0.39999965934280257, 0.3999998868492691, 0.3999998844717659, 0.39999956717348173, 1e-12, 0.3999947126810378, 1e-12
ES, 1687782095498.2556, 2021280.5970011777, 2020-04-01, 155.19305547332263, 0.6929512220309921, 0.07435809460849585, 2.4522738777303415e-09, 1.174179158176154e-09, 5.000000006101453, 3.895396300800309e-06, 0.00833469639226739, 0.3999990956172005, 0.008333746726789383, 4.1250603375743967e-07, 0.3999986711438435, 1e-12, 0.3999995915377715, 1e-12
ES, 2371449752619.8774, 2110541.8339768797, 2020-04-01, 219.37739100600703, 0.6955462386514814, 0.08882252611792642, 1e-12, 1e-12, 5.192708738710917, 6.206719052152312e-06, 0.010712507206604412, 0.3976210109954206, 0.3976211135804596, 0.22272922573595008, 0.3152167266351404, 1e-12, 0.4, 1e-12
ES, 534291127203.4075, 1151389.2377672351, 2020-04-01, 107.70645699059483, 0.4793866420508245, 0.00011822100477411302, 0.2, 1e-12, 91.99999999977256, 1.395647867227082e-05, 0.008333333545801376, 0.3999999949198736, 0.008346601081028316, 9.235307588607281e-06, 0.39999999999477137, 1e-12, 0.4, 1e-12
ES, 2076006912700.322, 2105995.6657599397, 2020-04-01, 211.15808504343318, 0.4042037190188852, 0.017723354556851832, 1.0032999503163345e-12, 1e-12, 91.99999999999967, 6.160604248469538e-06, 0.008333554735223254, 0.008333333333333333, 0.008333333333333333, 1e-12, 0.4, 1e-12, 0.4, 1e-12
ES, 2928986467728.082, 1848262.173572876, 2020-04-01, 211.66375920149855, 0.3194650439351575, 0.030051919643741907, 1e-12, 1e-12, 5.656193892157682, 1.4605987384637316e-06, 0.03333264498921421, 0.3555949597756604, 0.05964912277061054, 0.032054718729686266, 0.3765836454604431, 1e-12, 0.37792293353695766, 1e-12
ES, 1722475945392.6846, 1901435.991975709, 2020-04-01, 116.3468967215864, 0.6801123289366171, 0.027115805271996442, 1.0682670773988033e-09, 1.5755674678486848e-08, 5.0, 2.443691304801377e-06, 0.008333333333333333, 0.008333333333333333, 0.008333333333333333, 1e-12, 0.4, 1e-12, 0.4, 1e-12
ES, 4658958023893.071, 2135588.595254641, 2020-04-01, 155.47759125903022, 0.39497285728089415, 0.02290767914300799, 0.03853346936043136, 1e-12, 91.9820639738823, 1e-12, 0.07886729193921854, 0.010509798881625588, 0.010509798886403897, 0.3676783576454683, 0.07706693876547634, 1e-12, 0.4, 1e-12
ES, 4505079573564.655, 1971430.5680822032, 2020-04-01, 135.13685668106808, 0.6965197718606051, 0.014836968574489426, 4.120862942883363e-06, 1e-12, 91.99924480096709, 1.7519236091883083e-07, 0.05161120048765397, 0.008333333333333333, 0.008333333333333333, 1e-12, 0.35667660640060994, 1e-12, 0.4, 1e-12
ES, 3824567932567.056, 1998675.1764627905, 2020-04-01, 199.61284974072743, 0.35283339480259046, 0.09193616792919367, 4.462362728417343e-06, 1e-12, 35.00632703023205, 2.950551050008479e-08, 0.14342156625103794, 0.1870885705423315, 0.16818707844551678, 0.16206256241182693, 0.2544773253345115, 0.0004903621279700618, 0.4, 7.230178133251002e-09
ES, 2309330201600.372, 2034936.3722994132, 2020-04-01, 144.98184642101276, 0.2384879106671718, 0.01548885730956416, 0.15208598943318574, 1e-12, 81.40074189278064, 4.159474574397076e-06, 0.011701917731908977, 0.39853808077137576, 0.1021649327267799, 0.2100941147072641, 1.6846041173717342e-11, 1e-12, 0.4, 1e-12
ES, 2204310984034.753, 1958047.281947043, 2020-04-01, 125.4977367560334, 0.6729217837390753, 0.001326305587928435, 0.10431337633705566, 1e-12, 89.01419480494023, 6.688710910706604e-06, 0.012977142641084174, 0.07462713973376969, 0.07462690740450553, 0.002502421225577455, 0.06770346630880589, 9.999999960041972e-13, 0.4, 1e-12
ES, 17095842129.98721, 1982487.65694481, 2020-04-01, 146.49229816995603, 0.4010613457685255, 0.010439212274886221, 0.19264078099382567, 1e-12, 88.79872768821417, 1e-12, 0.02274513722049469, 0.008333333333333333, 0.008333333333333333, 1e-12, 0.38528156198761515, 0.34121909909716175, 0.38528156198761504, 9.999778792739561e-13
ES, 2270206325569.322, 1384685.6054197191, 2020-04-01, 117.64507447069231, 0.5578285910900334, 0.012913145007054925, 1e-12, 1e-12, 91.99991483620559, 7.468107889951718e-07, 0.05726680161285815, 0.008333333333333333, 0.008333333333333333, 1e-12, 0.4, 1e-12, 0.4, 1e-12
ES, 4439888809052.987, 2086549.334883746, 2020-04-01, 149.42310379535087, 0.6925968168660612, 0.08249997804352187, 0.16414255744203085, 1.5115955982408347e-09, 91.43071471670241, 1e-12, 0.07346986498229127, 0.27919275136606025, 0.3982328470716872, 0.33963919477642457, 0.27657982816386006, 1e-12, 0.4, 1e-12
ES, 671026580723.2858, 753412.436341585, 2020-04-01, 182.29547796186844, 0.7562400318424337, 0.04444894621921487, 1e-12, 1e-12, 92.0, 1e-12, 0.4, 0.008333333333333333, 0.008333333333333333, 1e-12, 0.4, 1e-12, 0.4, 1e-12
ES, 4848934400616.523, 2063446.3883233857, 2020-04-01, 169.195894531568, 0.671776487914884, 0.008457623312726903, 0.021501039854782394, 1e-12, 91.99999999997564, 1e-12, 0.05043953652279165, 0.008333333333333333, 0.008333333333333333, 1e-12, 0.4, 1e-12, 0.4, 1e-12
ES, 4121899725824.5967, 1909388.7091440547, 2020-04-01, 126.0761352727188, 0.6325637698729174, 0.031146729755739604, 1.5939931488372008e-10, 1.1983757863243735e-06, 5.0, 4.01671021801829e-08, 0.3999999996583088, 0.008333333334236456, 0.008333333333333333, 8.202239198047333e-12, 0.39999999965344896, 3.485314978290107e-10, 0.3999999996534535, 1.3561912157311888e-09
ES, 2583879250704.05, 1591148.9848701698, 2020-04-01, 76.47404058761279, 0.25376089370792215, 0.04372434874573528, 0.011416046780459998, 1e-12, 91.9999999999897, 1e-12, 0.06616085318334507, 0.008333333333333333, 0.008333333335096884, 0.07400952131028826, 0.4, 1e-12, 0.4, 1e-12
ES, 1948978697856.958, 1877481.845605098, 2020-04-01, 87.57711893755614, 0.3347317726371513, 0.08356638733948832, 8.652772511936701e-09, 1.090521855924692e-06, 91.82855519443818, 1.8582841519917406e-08, 0.4, 0.3999999830569082, 0.008412048377382993, 8.038983322235313e-05, 0.3999195928641953, 8.038983329125259e-05, 0.399919610167702, 8.038983349307494e-05
ES, 203987962569.69528, 710163.7421793886, 2020-04-01, 197.3340768274442, 0.3491314784822046, 0.05669020323530957, 1e-12, 1e-12, 5.000000000000003, 1.9150724553355456e-05, 0.00833334086253198, 0.020778604104674924, 0.008333333333333333, 0.00012999532447212033, 0.08913555587763573, 1e-12, 0.4, 1e-12
ES, 4015300256391.643, 1998921.5593259789, 2020-04-01, 70.44957207215172, 0.5267663710558369, 0.0648934629669964, 0.1943593208690154, 9.340535215293757e-10, 91.27037581794502, 1e-12, 0.06926832065436139, 0.39776233985934395, 0.12492238941715858, 0.11905542868119987, 0.3092989461883059, 1e-12, 0.3977147281005805, 1e-12
ES, 4169333402014.307, 2040116.6830909855, 2020-04-01, 152.788461547198, 0.3573746917344467, 0.06263809686290626, 0.0005973711747298351, 4.643115670862927e-09, 92.0, 4.825424046650882e-08, 0.062361166587058744, 0.342401689205113, 0.008333333333916294, 1.5236710449517534e-12, 0.34482263838859806, 1e-12, 0.39635355498245395, 1e-12
ES, 4547200827704.713, 2198751.4376697727, 2020-04-01, 85.1273577911798, 0.37722636978273805, 0.01636875464654154, 0.19064229336380278, 1e-12, 91.91847572392072, 6.972152006697332e-12, 0.3816496887097548, 0.38164463105236013, 0.02669739973295956, 7.68736130263683e-06, 1.6609926646113662e-05, 1e-12, 0.39997421800429045, 1.000000596219835e-12
ES, 5867912785441.654, 2152879.8379448587, 2020-04-01, 156.84635831829092, 0.31625678722271333, 0.0470771565152308, 1e-12, 1e-12, 92.0, 1e-12, 0.4, 0.008333333333333333, 0.008333333333333333, 1e-12, 0.4, 1e-12, 0.4, 1e-12
ES, 3812839079856.298, 1959008.5230991368, 2020-04-01, 122.36102349695146, 0.6723455172764512, 0.010724275883987376, 1e-12, 1e-12, 5.000005992635401, 1.2198226209650982e-06, 0.040675603238645074, 0.398044050697006, 0.09896886384685834, 0.031032815837963787, 0.3074360539448381, 1e-12, 0.4, 1e-12
ES, 3902278990609.3174, 2021280.5970011777, 2020-04-01, 165.24152944016615, 0.6533836795927568, 0.0730388652018115, 0.08242639574168342, 1e-12, 88.88637482358112, 1e-12, 0.16975169165948892, 0.008333333333333333, 0.008333333333333333, 1e-12, 0.16485279148558854, 1e-12, 0.4, 1e-12
ES, 2252546884509.2593, 2110541.8339768797, 2020-04-01, 108.1089972739806, 0.645317031675327, 0.018174301415172307, 0.19897035380642047, 3.506989795421912e-10, 91.55208140108645, 3.3849190737238905e-06, 0.010350199028603053, 0.3979835481094586, 0.008333498634084665, 3.9072810962598305e-08, 0.3979407079226244, 1e-12, 0.3979407079229646, 1e-12
ES, 476162924351.0075, 682178.6279647702, 2020-04-01, 58.75587047322267, 0.7063642255422926, 0.05301284248585257, 0.004799413068782757, 1e-12, 91.99957913295749, 2.4151179803649707e-07, 0.09221290564495767, 0.39150017774583556, 0.03229518192830728, 0.03828129733767241, 0.3721401552661443, 1e-12, 0.4, 1e-12
ES, 3446126856082.2456, 1842372.2268073768, 2020-04-01, 211.15808504343318, 0.26715178735000555, 0.09082474609079466, 1.8430672404087814e-06, 1e-12, 91.99999999840016, 7.922418372058491e-07, 0.056164825179280425, 0.35217191742062526, 0.008336742211352223, 3.481408529257307e-06, 0.3511545022166944, 1e-12, 0.4, 1e-12
ES, 1540621528384.7012, 1809847.1171627168, 2020-04-01, 192.94099330499432, 0.4617337040999342, 0.016034183179677843, 0.03658315351923676, 1e-12, 91.99464112453569, 7.35797171636316e-06, 0.008335198840743883, 0.008333333333333333, 0.008333333333333333, 1e-12, 0.4, 1e-12, 0.4, 1e-12
ES, 1910411104369.5278, 2019690.6829791705, 2020-04-01, 116.3468967215864, 0.5321071629675354, 0.04319852299678913, 6.751562405815385e-09, 9.999999999994796e-13, 5.000004677663538, 2.6235148125605807e-06, 0.008334568832092505, 0.008333333333333333, 0.008333333333333333, 1e-12, 0.4, 1e-12, 0.4, 1e-12
ES, 1619167029828.2812, 1757445.2240052633, 2020-04-01, 142.9792523212801, 0.6040864192632135, 0.02290767914300799, 1.834050130346574e-09, 1e-12, 5.022083595618215, 4.283994148266322e-06, 0.010709020314887262, 0.009424707457651036, 0.008333945254508899, 0.39999060742916714, 0.0008180037347594463, 1e-12, 0.399999999658553, 1e-12
ES, 1139925982082.1333, 1554529.551213413, 2020-04-01, 121.78071860638963, 0.49338600306015434, 0.014836968574489426, 0.1999999990643916, 1e-12, 91.99999980705435, 9.051086052700686e-06, 0.00833384375514207, 0.008333333333333333, 0.008333333333333333, 1e-12, 0.3999999999999988, 1e-12, 0.4, 1e-12
ES, 3527366582021.7256, 2122738.5183095927, 2020-04-01, 105.53833005659797, 0.43941899048932753, 0.04495690483588122, 5.602417245422903e-07, 1.7685016189534896e-06, 5.049404227304673, 2.1835476339543086e-08, 0.26121436207058774, 0.2150498543652094, 0.11429703505319776, 0.0001451291965168706, 1.11919103069284e-12, 0.00014512919659914693, 0.3998548708043987, 0.00014512919675684253
ES, 2643656211384.824, 1609980.9436969096, 2020-04-01, 189.03927395802842, 0.2384879106671718, 0.020519359462358895, 6.847578142213479e-10, 1.8112768948599187e-07, 5.000000000000023, 1.2580886365346995e-07, 0.11133696342386416, 0.4, 0.4, 0.4, 1e-12, 1e-12, 0.4, 1e-12
ES, 3400859201203.6245, 1834847.2988658524, 2020-04-01, 181.38896958431053, 0.4553018019284618, 0.0524541234025076, 0.19061210695872843, 8.854755086541974e-10, 91.52408582832643, 1e-12, 0.07047216513196126, 0.11293547988853142, 0.15290597204132272, 0.3578041817167673, 0.2509764978159014, 1e-12, 0.3986251500705903, 1e-12
ES, 1672715468456.5303, 2022785.4494961968, 2020-04-01, 112.92521907753117, 0.6223031401845385, 0.08770999160319516, 1e-12, 1e-12, 5.000000000052014, 8.035073084294884e-06, 0.008333501886586414, 0.008333333343575007, 0.008333333347060509, 1e-12, 2.145410226261823e-11, 1e-12, 0.4, 1e-12
ES, 4481741339018.841, 2100725.197242888, 2020-04-01, 117.64507447069231, 0.5578285910900334, 0.012282560075563777, 0.1999999996458742, 8.450843067092323e-08, 91.97533363825394, 1e-12, 0.06483436126241458, 0.3999999999999913, 0.008333600380949543, 4.1825667789421945e-08, 0.3999999999999679, 1e-12, 0.4, 1e-12
ES, 965231335594.1224, 972497.4248021082, 2020-04-01, 89.14640545676058, 0.2555685511641571, 0.036651801924443415, 0.0016714016863625778, 5.044981774094877e-10, 91.99999999999976, 1e-12, 0.3999999999805002, 0.3999999999976493, 0.008333333333333333, 1e-12, 1e-12, 9.999999999998931e-13, 0.39999999999555186, 1e-12
ES, 1702802991306.693, 1927686.409533321, 2020-04-01, 132.89642719580274, 0.35939385437976434, 0.03324242552037318, 9.952190981180395e-09, 1.604260084553511e-08, 5.000094593867653, 1.96722089633543e-06, 0.00833334273521156, 0.008333333333333333, 0.008333333333333333, 1e-12, 0.3999999311815548, 1.8630596512958934e-06, 0.4, 9.999778791206805e-13
ES, 936145987546.1356, 1481915.3397134463, 2020-04-01, 162.33836362285697, 0.649816738507933, 0.05205436545664916, 8.042780864085326e-05, 5.566696132667382e-10, 91.99995124004174, 4.649911105461751e-06, 0.008338737816713803, 0.008485473712822534, 0.008485473576603154, 0.00015537732813634232, 0.3998446172133266, 0.00015531123819266068, 0.39984461933935705, 0.00015510761635322245
ES, 3937189087409.579, 1884533.6935230112, 2020-04-01, 104.71105986094375, 0.4230780846849108, 0.031146729755739604, 1e-12, 1e-12, 91.63442800277046, 1e-12, 0.4, 0.008333333333333333, 0.008333333333333333, 1e-12, 0.4, 1e-12, 0.4, 1e-12
ES, 3693707188017.256, 1910298.9290772567, 2020-04-01, 50.59639806784571, 0.7967387837025435, 0.0008065956515754043, 0.19999999999961085, 6.98823209339609e-12, 91.58339442574129, 1e-12, 0.1953601884879955, 0.008333333333897396, 0.3772375224274138, 1.2321102369010597e-12, 0.36634975616592275, 1e-12, 0.4, 1e-12
ES, 5189286322843.843, 2134500.121087557, 2020-04-01, 120.19171006982211, 0.7012216533037003, 0.022506585546749943, 1.4642021320647224e-08, 3.719765051674553e-07, 5.0, 4.0013781635137885e-08, 0.39999955234182877, 0.008392221140331686, 0.00839222114024651, 6.014074084006798e-05, 0.39993985921949454, 6.0140781652876326e-05, 0.3999948271191992, 6.0140902483205006e-05
ES, 1094991110499.3792, 1058407.9918071784, 2020-04-01, 189.87858521435342, 0.5382194474488411, 0.04205479108019248, 1e-12, 1e-12, 5.000000004398733, 2.2384425704983773e-06, 0.03931061169996689, 0.16681658756292728, 0.3979186373612121, 2.705854785834484e-10, 0.1618560320697423, 9.999999982453972e-13, 0.39787513604173086, 1e-12
ES, 1575382077146.7556, 1095496.8699717303, 2020-04-01, 75.21056146505694, 0.5143519959355103, 0.002912856567008188, 1e-12, 1e-12, 91.94637455136619, 1e-12, 0.4, 0.008333333333333333, 0.008333333333333333, 1e-12, 0.4, 1e-12, 0.4, 1e-12
ES, 3292694829055.1914, 1820253.406555055, 2020-04-01, 160.0674827546507, 0.5853084605526429, 0.04812583180434643, 0.1467305478519686, 1e-12, 92.0, 1e-12, 0.2956806496448554, 0.1126526698647828, 0.112652670745593, 0.1065389007787668, 0.10653889617994121, 1e-12, 0.4, 1e-12
ES, 2238364138610.0063, 2198751.4376697727, 2020-04-01, 85.1273577911798, 0.37722636978273805, 0.01636875464654154, 4.457996198477615e-09, 1e-12, 5.000000000000013, 2.612082203723146e-06, 0.008334666439415573, 0.008333333333333333, 0.008333333333333333, 1e-12, 0.4, 1e-12, 0.4, 1e-12
ES, 2449280862153.628, 2152879.8379448587, 2020-04-01, 95.1691598859015, 0.31625678722271333, 0.0470771565152308, 0.10931943992073978, 1e-12, 64.91550270811963, 1e-12, 0.015079016384761404, 0.008333333333333333, 0.015079016385792359, 0.39999999999973357, 1e-12, 1e-12, 0.4, 1e-12
ES, 5449451928621.885, 2043877.6632120842, 2020-04-01, 116.57021913716406, 0.5159509294020426, 0.012329756310340808, 4.788509251226429e-07, 1e-12, 86.6684586630849, 1e-12, 0.39999906226952225, 0.008334271063747444, 0.008334271063742483, 9.57683121436348e-07, 0.39999904231781513, 9.576826965478053e-07, 0.39999904231784417, 9.576795048492703e-07
ES, 4450804719741.142, 2119687.6413774467, 2020-04-01, 51.54444841329496, 0.6970770614742426, 0.07435809460849585, 1e-12, 1e-12, 5.0000000019125, 1.2317521351126034e-06, 0.039426467981259525, 0.36890707272816525, 0.00833338899741922, 1.721746396631989e-07, 0.3999999998058932, 1e-12, 0.4, 9.999999960041972e-13
ES, 4558282741425.726, 2110541.8339768797, 2020-04-01, 45.259870315338524, 0.6957544818455492, 0.018174301415172307, 0.00015448960545346281, 3.0736738299424205e-09, 91.99999999999993, 1e-12, 0.2044882355877497, 0.39999999999998803, 0.008433799155245881, 1e-12, 0.39999999999919095, 1e-12, 0.4, 1e-12
ES, 3705805775972.5044, 2048366.6396137644, 2020-04-01, 79.50408372856599, 0.5181672681440661, 0.005086885037835687, 0.19975502455484526, 1e-12, 91.99991662262605, 1e-12, 0.39995558302589573, 0.008333333333333333, 0.008333333333333333, 1e-12, 0.39999972521035165, 1e-12, 0.4, 1e-12
ES, 3852424542464.699, 1955854.0938753327, 2020-04-01, 94.02998940709706, 0.6518193513187013, 0.04033400831076922, 9.378642320770165e-08, 2.167740790671084e-07, 5.0, 5.988029785862659e-08, 0.3999998827674835, 0.008333333333333333, 0.3999998986555488, 1e-12, 0.39999996440798863, 1e-12, 0.4, 2.003970705749262e-05
ES, 3488558686154.771, 1848262.173572876, 2020-04-01, 61.190622577361104, 0.47173206232229103, 0.02412518169865094, 0.06218829272166228, 1e-12, 91.99999999990582, 9.999999999217246e-13, 0.0786366909344432, 0.3984834225859596, 0.13011874649636299, 0.1243765923637377, 0.27562338079142795, 1e-12, 0.4, 1e-12
ES, 1874769632498.0625, 2140038.019677835, 2020-04-01, 127.03593371709455, 0.6082047392290164, 0.07586529390013982, 1e-12, 1e-12, 5.000000208516448, 7.826057397975312e-06, 0.008333532467745527, 0.4, 0.00833350268929832, 2.0851617651735935e-07, 0.3999999994860724, 1e-12, 0.4, 1e-12
ES, 2097723780463.6309, 2129033.948122049, 2020-04-01, 61.03410591396875, 0.39497285728089415, 0.02290767914300799, 1e-12, 8.768234890258964e-09, 5.0, 2.387450292555366e-06, 0.008337647532738163, 0.008333333333333333, 0.008333364812668567, 3.1479157275503025e-08, 0.39999999627725435, 1e-12, 0.4, 1e-12
ES, 1848615713007.8027, 1971430.5680822032, 2020-04-01, 118.05278917355498, 0.5764590603951671, 0.014836968574489426, 1e-12, 1e-12, 5.000000000000495, 7.405455810998686e-06, 0.008333371535363282, 0.008333333333333333, 0.008333333333333333, 1e-12, 0.4, 1e-12, 0.4, 1e-12
ES, 3832502390066.3584, 1956898.0580095688, 2020-04-01, 105.53833005659797, 0.5617114162211223, 0.04495690483588122, 0.1201666842558032, 1e-12, 91.99998908291336, 2.051187778296383e-07, 0.042806448892541926, 0.2644816275011291, 0.042878694722584286, 0.11632299899760815, 0.3695823505854753, 9.999986949615902e-13, 0.4, 9.999778782798785e-13
ES, 3174984927957.9336, 1756322.8268721553, 2020-04-01, 155.62681981553885, 0.2605575237375987, 0.055636523057181315, 0.03166418764041008, 1e-12, 92.0, 1e-12, 0.0703423674609448, 0.008333333333333333, 0.008333333333333333, 1e-12, 0.0633283752808841, 1e-12, 0.4, 1e-12
ES, 5579753492386.272, 2053329.5115212868, 2020-04-01, 70.27019163301723, 0.4482874894145875, 0.009803215552696946, 5.265439180692719e-07, 1e-12, 92.0, 1e-12, 0.3987098888033511, 0.008334364429896603, 0.008334364429893675, 1.0530357858109676e-06, 0.39999894696518035, 1.053035568864325e-06, 0.3999999114840486, 1.0530337678161456e-06
ES, 3891741334797.8477, 1953426.9542077428, 2020-04-01, 154.95531965476107, 0.6254910428263286, 0.03859843694977423, 0.19999991897141853, 1e-12, 92.0, 1e-12, 0.07365861588088793, 0.3999988108498013, 0.008333333333333333, 1e-12, 0.09243001118954983, 1e-12, 0.4, 1e-12
ES, 3789959317558.92, 2100725.197242888, 2020-04-01, 203.22628198068477, 0.5788901333671932, 0.032988556844209024, 1e-12, 6.66602761229825e-07, 5.0, 3.779167342086705e-08, 0.39985051681716727, 0.008333333333333333, 0.008333333333333333, 1e-12, 1.4235939108318035e-12, 0.0001526636769983188, 0.3998473363241183, 0.0001526636770010797
ES, 3165079725558.5454, 1762390.7556800945, 2020-04-01, 120.8270943657273, 0.5914314856553822, 0.03547045676410468, 0.1738931915849828, 1e-12, 91.65964371666885, 1.000000000001134e-12, 0.06564291143420165, 0.39846911443036137, 0.06410937100367407, 0.05696408020193444, 0.347784961940447, 1e-12, 0.4, 1e-12
ES, 4434901911833.851, 2087293.8723816592, 2020-04-01, 89.52623459753468, 0.43049796232822846, 0.04444894621921487, 1e-12, 1e-12, 91.09911890621515, 1e-12, 0.4, 0.008333333333333333, 0.008333333333333333, 1e-12, 1e-12, 1e-12, 0.4, 1e-12
ES, 2031285718629.0698, 2064782.631539834, 2020-04-01, 96.09845819261105, 0.6423419073503236, 0.02039257690999283, 0.19999932772246812, 1.1520519993277317e-09, 91.99970756220756, 3.194614729691606e-06, 0.008334759817963897, 0.008333333333333333, 0.008333333333333333, 1e-12, 0.39999863472199026, 1e-12, 0.4, 1e-12
ES, 1299688942549.3115, 1780394.3695545548, 2020-04-01, 177.53998916046248, 0.3496119475008139, 0.011708988388819867, 4.849420257193059e-09, 1e-12, 5.001041943310534, 3.220908957510147e-06, 0.008594915054683254, 0.08468913951773001, 0.008457284659755104, 0.0001195418113001041, 0.16833611575034596, 1e-12, 0.4, 1e-12
ES, 4525082916026.507, 1992217.8942114294, 2020-04-01, 50.59639806784571, 0.7039200430932291, 0.052085698727022206, 0.021756631961242685, 1e-12, 92.0, 1e-12, 0.050940067437066194, 0.008333333333333333, 0.008333333333333333, 1e-12, 0.4, 1e-12, 0.4, 1e-12
ES, 1895902923526.289, 2134500.121087557, 2020-04-01, 139.91595946930428, 0.7012216533037003, 0.022506585546749943, 1e-12, 1e-12, 5.000000092167515, 8.279793597766508e-06, 0.00833333333335154, 0.39999999999269725, 0.008333347758298488, 1.0014233594328907e-12, 0.3999999999999926, 1e-12, 0.4, 1e-12
ES, 3574268570813.1743, 2044983.3464597906, 2020-04-01, 104.24748100524945, 0.6476949403529955, 0.036577523570321145, 1e-12, 1e-12, 5.000002497234166, 1.5287216571428764e-06, 0.0323070464981408, 0.3760262871129963, 0.04400715803221409, 0.036432842257852746, 0.3412538838659325, 1e-12, 0.377686726461459, 1e-12
ES, 1533632280955.4534, 1159939.8030350914, 2020-04-01, 151.1237041033142, 0.6503112316087589, 0.044491988534525316, 0.021610449398577786, 1e-12, 91.96975687191407, 1e-12, 0.0506537967475355, 0.008333333333333333, 0.008333333333333333, 1e-12, 0.4, 1e-12, 0.4, 1e-12
ES, 1622777990125.0393, 2061757.3860161605, 2020-04-01, 76.98977906791333, 0.45733912399375876, 0.08962979029383984, 1e-12, 1e-12, 5.0, 1e-12, 0.008333333333333333, 0.008333333333333333, 0.008333333333333333, 1e-12, 1e-12, 1e-12, 0.4, 1e-12
ES, 3668041223243.87, 1896546.890877031, 2020-04-01, 147.74104743429064, 0.5754432008978448, 0.05993486714064863, 0.1999999999928154, 1e-12, 91.63968910495674, 1e-12, 0.07228710048503163, 0.36151868359065603, 0.36124677419835993, 0.36066385156197717, 0.3611919941881828, 1e-12, 0.4, 1e-12
ES, 3288469427649.8984, 1792060.103512009, 2020-04-01, 101.80848851592128, 0.25094615013072674, 0.0470771565152308, 0.0005043796369660885, 1e-12, 91.94055835763031, 1e-12, 0.1390400159655946, 0.2787804961149811, 0.008333339651777913, 1e-12, 0.3999989389519858, 1e-12, 0.4, 9.999999999999965e-13
ES, 944598068471.8553, 1719104.5920324319, 2020-04-01, 113.13860870507881, 0.6456381769998497, 0.0036088229054845123, 0.025313025802446276, 3.59201190016375e-09, 83.68872489439943, 3.2285722651866263e-06, 0.008335506713301475, 0.0576248392659757, 0.008333333333333333, 1e-12, 0.3493759643727582, 1e-12, 0.34937597275354115, 1e-12
ES, 4169719532130.915, 2021280.5970011777, 2020-04-01, 69.19637066752354, 0.6929512220309921, 0.015309625582906747, 1e-12, 1e-12, 5.000000000000128, 1.9353507461359297e-07, 0.4, 0.008787570100853744, 0.008336039269347917, 1e-12, 1.645742880931719e-07, 1e-12, 0.39984525272725774, 1e-12
ES, 4328464188957.052, 2110541.8339768797, 2020-04-01, 108.1820725469646, 0.6957544818455492, 0.03723750710345351, 0.0041175289883170875, 2.0350155831329955e-10, 91.96882131222164, 7.651470510295626e-07, 0.03447382096522913, 0.38941470971880804, 0.3894253834900032, 0.012188915561993197, 0.3931481217836453, 1e-12, 0.4, 9.999778782798785e-13
ES, 2036299864567.9624, 2081719.6234766094, 2020-04-01, 71.0010323202945, 0.5181672681440661, 0.056485986454179155, 0.05428046115717722, 9.257256461696932e-10, 91.71244876744446, 3.205662096878336e-06, 0.008335980844710803, 0.008333333333333333, 0.008333333333333333, 1e-12, 0.39999864873006885, 1e-12, 0.3999999999999999, 1e-12
ES, 4021755526388.465, 1986746.040222822, 2020-04-01, 211.15808504343318, 0.4861158565816816, 0.015545312914890745, 1.0663674549742424e-06, 1.0000000057197382e-12, 91.79858493485139, 1.0000000047410521e-12, 0.3999979116990257, 0.008333333333333333, 0.008333333333333333, 1e-12, 1.0000000000004253e-12, 2.132733909953814e-06, 0.3999978672670901, 2.1327339099538137e-06
ES, 3864906518953.466, 2039232.2277215973, 2020-04-01, 192.94099330499432, 0.6793696261258386, 0.07717520847336566, 0.2, 1e-12, 91.56375980259497, 1e-12, 0.4, 0.008333333333333333, 0.008333333333333333, 1e-12, 0.4, 1e-12, 0.4, 1e-12
ES, 2223219323371.5625, 2154976.923806209, 2020-04-01, 205.18277985028303, 0.6335146114450121, 0.008319575471929479, 1e-12, 1e-12, 5.0, 6.608578974799137e-06, 0.008333342858563256, 0.008333333333333333, 0.008333333333333333, 1e-12, 0.4, 1e-12, 0.4, 1e-12
ES, 3858747018790.408, 1996889.980547096, 2020-04-01, 168.1421576268221, 0.7118863545154561, 0.01527783262624938, 0.1999999999870899, 1e-12, 91.9999999943841, 1e-12, 0.3999999999747177, 0.008333333333333333, 0.008333333333333333, 1e-12, 0.4, 1e-12, 0.4, 1e-12
ES, 4444850752084.435, 2119196.000799472, 2020-04-01, 98.29693661810353, 0.7530697863357237, 0.04299649667080904, 0.11914987453585685, 7.722526565586254e-12, 91.99999999999851, 1e-12, 0.39999999908044065, 0.3999999997680701, 0.008333333333333333, 2.3801565785151338e-12, 0.39999999999153013, 1e-12, 0.4, 9.999999999997399e-13
ES, 3495149348024.879, 1956898.0580095688, 2020-04-01, 203.85680992036686, 0.7092413841125427, 0.04043622039356642, 0.19856539811669355, 4.8168326970312455e-08, 91.37594818075951, 9.999999999820518e-13, 0.38885724838216007, 0.3916666770581863, 0.011142762021492704, 0.0028692037676316257, 0.3914893723147499, 1.0828979012258116e-09, 0.3914893723151279, 1.3810408752622703e-10
ES, 4302283157175.9854, 2053503.6904993537, 2020-04-01, 126.52771108597938, 0.6516616140064474, 0.08313164380652618, 1e-12, 1e-12, 5.0, 1.785753667569484e-07, 0.4, 0.008333333714072483, 0.008333333333333333, 1e-12, 3.27050362284335e-11, 3.0732067052036365e-07, 0.4, 1.6024987715067908e-06
ES, 1717626504010.7273, 2080226.0567386094, 2020-04-01, 121.56850049063186, 0.30988041171278724, 0.040464835273128635, 1e-12, 1e-12, 5.000000000001049, 7.244615112483354e-06, 0.008333333508205995, 0.3999999999999999, 0.008333336714257828, 3.9289125192364146e-09, 0.4, 1e-12, 0.4, 1e-12
ES, 1667777853943.1213, 2051080.9702734642, 2020-04-01, 145.61726651779043, 0.5714305277060414, 0.03259728032718277, 1e-12, 1e-12, 92.0, 1e-12, 0.008333333333333333, 0.008333333333333333, 0.008333333333333333, 1e-12, 1e-12, 1e-12, 0.4, 1e-12
ES, 3614308545189.66, 1979241.294808819, 2020-04-01, 117.64507447069231, 0.5578285910900334, 0.0035062105225444314, 0.04842856082405614, 5.3373579561893157e-11, 88.69303999573597, 1e-12, 0.3999999999982219, 0.008333333333333333, 0.38254573404195047, 0.14025009506107053, 0.1307329053480639, 4.140860242574004e-10, 0.39377414989555337, 2.326865414130012e-09
ES, 1975726699671.619, 2199418.899900238, 2020-04-01, 135.38190329824812, 0.5914314856553822, 0.06104817633631439, 1.000006113384812e-12, 1e-12, 92.0, 7.505631664590321e-06, 0.008333339289031431, 0.3999999998774496, 0.008333333333333333, 1e-12, 0.3999999999999998, 1e-12, 0.4, 1e-12
ES, 4063880091878.8604, 2087293.8723816592, 2020-04-01, 89.52623459753468, 0.3669711799575248, 0.05481215404578198, 0.19999999999971482, 2.9390480945573456e-12, 92.0, 1e-12, 0.3999999999995774, 0.00833333333383707, 0.031170453208964718, 0.28697529866460525, 0.3999999999994856, 1.3204017388254132e-12, 0.3999999999994896, 1.0000000000000006e-12
ES, 4552039939472.944, 2101249.142037249, 2020-04-01, 115.56303713257049, 0.41362209803909267, 0.009916489596199642, 0.03338616882273892, 1e-12, 92.0, 1e-12, 0.07371458060993707, 0.008333333333333333, 0.008333333333333333, 1e-12, 0.06677233764993602, 1e-12, 0.4, 1e-12
ES, 3998845357134.593, 2047600.911854117, 2020-04-01, 138.13074138356438, 0.6777568744362161, 0.08548720731470144, 0.19999999999999998, 1e-12, 92.0, 1e-12, 0.4, 0.008333333333333333, 0.008333333333333333, 1e-12, 0.4, 1e-12, 0.4, 1e-12
ES, 1914172195434.0344, 1982294.9131682783, 2020-04-01, 50.59639806784571, 0.7039200430932291, 0.004443536884849252, 6.696895530387942e-05, 2.8617678445326483e-10, 25.653057635860588, 1.7440257692660072e-06, 0.01200488875448919, 0.38555115710834365, 0.3593658797093025, 0.38988056737018173, 0.3962846389872163, 1e-12, 0.36396815286218265, 1e-12
ES, 3163551579237.434, 2008343.8197038283, 2020-04-01, 167.6805387647695, 0.6127569685429153, 0.07171536423591988, 1.4059554791385558e-07, 7.757298015209269e-08, 81.3471376437426, 5.073869365729724e-08, 0.3520416326437816, 0.056291728206833785, 0.03723041068329499, 0.03433862083315611, 0.10649551127036587, 1e-12, 0.3519867414730982, 4.331175500855015e-06
ES, 121988023147.29308, 2044983.3464597906, 2020-04-01, 189.87858521435342, 0.7130438657634506, 0.005070775018712901, 6.427962812473011e-06, 1e-12, 91.70804377907808, 1.5200329327736126e-06, 0.008333386739730785, 0.008333333333333333, 0.011684390562230109, 1e-12, 0.39999999999999114, 0.02959326149153937, 0.3021233016704297, 1e-12
ES, 1496488018189.6118, 1893320.8633949521, 2020-04-01, 131.26679552145424, 0.7178946353932631, 0.043052383019789794, 1e-12, 1e-12, 5.000000172500941, 9.50629415304964e-06, 0.008333922388350111, 0.39999989580729123, 0.008333542002589475, 2.314356761025282e-07, 0.39999999878021214, 1e-12, 0.4, 1e-12
ES, 5437663280326.965, 2040116.6830909855, 2020-04-01, 170.3277711880716, 0.3847144437717146, 0.008400523056867285, 1e-12, 1e-12, 92.0, 1e-12, 0.4, 0.008333333333333333, 0.008333333333333333, 1e-12, 0.4, 1e-12, 0.4, 1e-12
ES, 5403317790444.838, 2056048.1932160507, 2020-04-01, 85.1273577911798, 0.37722636978273805, 0.05931744980787608, 4.0855450943507205e-07, 1e-12, 73.41687884703339, 2.4929586168282976e-09, 0.3999999727040372, 0.00833934469645377, 0.008339344696183908, 6.139265497501603e-06, 0.3999938607212188, 6.13927989362362e-06, 0.3999994904785964, 6.139322397717591e-06
ES, 4282860618747.7876, 2156145.0833826917, 2020-04-01, 142.76687238275363, 0.6450181769071702, 0.011473654442844802, 0.022776966599973452, 1e-12, 88.54720318502807, 1.3195121335977428e-06, 0.03738631514071036, 0.37989896719196553, 0.0901625014182932, 0.04768065916664643, 0.3526767143145317, 1e-12, 0.3894822989866118, 1e-12
ES, 4468878645365.46, 2082103.431988936, 2020-04-01, 199.88441817558888, 0.45148639883514946, 0.07783172871097144, 0.033430235549024225, 1e-12, 91.94406955420192, 1e-12, 0.07380087794856577, 0.008333333333333333, 0.008333333333333333, 1e-12, 0.06686047109730016, 1e-12, 0.4, 1e-12
ES, 1893119253945.8203, 2021280.5970011777, 2020-04-01, 71.63329633754178, 0.4457474529711578, 0.06760989256982744, 3.431767978663599e-08, 1e-12, 5.000000000000253, 2.18850379578551e-06, 0.008333346305174915, 0.008333333333333333, 0.008333333333333333, 1e-12, 0.39999999999999963, 1e-12, 0.4, 1e-12
ES, 4343808143634.441, 2110541.8339768797, 2020-04-01, 127.40984679078827, 0.40130432444069397, 0.029040956654538985, 1e-12, 1e-12, 5.0, 1.1418129316049615e-06, 0.038510041529633464, 0.3980941659948244, 0.036604209425378814, 0.028872382256262916, 0.36918132616782506, 1e-12, 0.39805370868300277, 1e-12
ES, 2146781153875.4172, 2145717.9452407486, 2020-04-01, 144.13047878817397, 0.5181672681440661, 0.005086885037835687, 1.2502567967672087e-08, 1e-12, 5.000000000000396, 2.118407783323736e-06, 0.008333346822381973, 0.008333333333333333, 0.008333333333333333, 1e-12, 0.4, 1e-12, 0.4, 1e-12
ES, 1561023967647.7815, 1986746.040222822, 2020-04-01, 177.03879621985766, 0.35093357380513734, 0.015545312914890745, 0.19999965282336554, 9.429566287988635e-10, 91.99986292192386, 3.4596761728452453e-06, 0.008334494006846927, 0.39999845860418803, 0.008333491264222009, 9.02232644688948e-07, 0.3999993686930751, 1e-12, 0.3999993701066947, 1e-12
ES, 4121826069574.2905, 2039232.2277215973, 2020-04-01, 52.517739499184835, 0.6793696261258386, 0.06488465919872369, 0.15299514395438404, 1e-12, 91.54512986511604, 1e-12, 0.3079488236134453, 0.10038450963824999, 0.10038450965855006, 0.09400971199632116, 0.09400971200857332, 1e-12, 0.4, 1e-12
ES, 6130632619105.383, 2154976.923806209, 2020-04-01, 90.6546898514434, 0.5177704161012737, 0.008319575471929479, 4.93460482308315e-07, 1e-12, 91.79581666562821, 1e-12, 0.3999990336418471, 0.008334299691486234, 0.008334299691486234, 9.869199646633696e-07, 0.39999901308103536, 9.86919964663346e-07, 0.39999901308103536, 9.869199646743289e-07
ES, 4385424962731.621, 2062415.9182249263, 2020-04-01, 96.27015655142023, 0.3946142586299565, 0.01692191554678789, 0.03335511775415958, 1e-12, 92.0, 1e-12, 0.0736537722684904, 0.008333333333333333, 0.008333333333333333, 1e-12, 0.06671023553243319, 1e-12, 0.4, 1e-12
ES, 3524528289741.7554, 2081459.192217732, 2020-04-01, 199.40124700089774, 0.7478907093142584, 0.014836968574489426, 5.258152792298634e-07, 1.3222799426473097e-06, 5.0, 2.5734586872955258e-08, 0.39730995517565165, 0.011007354670983356, 0.39999999999980207, 0.0029197397127513954, 0.3997638089272793, 0.0001720206114017391, 0.39982797938959064, 0.00017202061177999875
ES, 2117487765406.7817, 2145050.107483453, 2020-04-01, 105.53833005659797, 0.3314581908836145, 0.03706634168585032, 1e-12, 5.712645209298492e-09, 5.000000000004066, 2.2996733712740764e-06, 0.008334166330152671, 0.008333333333333333, 0.008333333333333333, 1e-12, 0.4, 1e-12, 0.4, 1e-12
ES, 3754672261732.4414, 2053503.6904993537, 2020-04-01, 155.25559624204942, 0.6516616140064474, 0.006191779843835742, 0.14581749527113028, 1e-12, 75.3400956674339, 1e-12, 0.02500760987065868, 0.008333333333333333, 0.008333333333333333, 1e-12, 0.33554791977629367, 1e-12, 0.4, 1e-12
ES, 1731877021815.6719, 1929280.1750321528, 2020-04-01, 70.27019163301723, 0.42633752799342767, 0.009803215552696946, 3.903884945313559e-09, 1e-12, 5.0000000000001, 3.1887494313845334e-06, 0.008334689903318563, 0.008333333333333333, 0.008333333333333333, 1e-12, 0.3999986180694444, 1e-12, 0.4, 1e-12
ES, 1809740680567.8457, 1953426.9542077428, 2020-04-01, 129.32041335582971, 0.6254910428263286, 0.007260313666285819, 0.19999999999944992, 2.6282235519607524e-09, 91.57330268512777, 2.7866053911110103e-06, 0.008334497265490603, 0.008333333333333333, 0.008333333333333333, 1e-12, 0.39999999999926933, 1e-12, 0.4, 1e-12
ES, 2062349352039.558, 2100725.197242888, 2020-04-01, 129.19505661750173, 0.4609322030947121, 0.012282560075563777, 0.19999985519566227, 8.396483354562709e-10, 91.99972340917168, 2.9332963050721676e-06, 0.008334651837724718, 0.008333333333334018, 0.008333333333333333, 1.023124283843724e-12, 0.39999957115866314, 1e-12, 0.3999996408279731, 1e-12
ES, 1932558180742.4678, 2000828.381954456, 2020-04-01, 135.85625029196518, 0.7554662797147235, 0.07225962549209858, 4.7311438367226734e-08, 5.036995658684005e-09, 5.000000000001173, 2.0953537429632103e-06, 0.008333347726676118, 0.008333333333333333, 0.008333333333333333, 1e-12, 0.4, 1e-12, 0.4, 1e-12
ES, 3009193405839.3374, 2087293.8723816592, 2020-04-01, 89.52623459753468, 0.49792339692603155, 0.05730230434109565, 0.039193375425304315, 1e-12, 84.81441538301888, 3.6608953351876564e-06, 0.015147697796099058, 0.07707159580483469, 0.3964774956974927, 0.03005840679188615, 0.33219827386403644, 1e-12, 0.4, 1e-12
ES, 2038681251377.2583, 2066682.1454430167, 2020-04-01, 217.0284023417772, 0.2777082657866778, 0.008457623312726903, 0.19913240103560834, 1e-12, 91.6225996682026, 5.154578580207435e-06, 0.010032883914039375, 0.3983009648486615, 0.10422690859353557, 0.09793425648951103, 0.3003311837721332, 1e-12, 0.4, 1e-12
ES, 1904489462479.1855, 2160224.3310304405, 2020-04-01, 126.0761352727188, 0.6325637698729174, 0.0880767752411111, 2.995837055942445e-09, 2.0203588998739417e-09, 5.000000005237264, 3.3103900629587204e-06, 0.008333898132610535, 0.3999994353204343, 0.008333334228034377, 1.0933971902342895e-08, 0.3999994233132695, 1e-12, 0.3999999999990572, 1e-12
ES, 3512822439331.8804, 2073547.9062754018, 2020-04-01, 134.4097066572583, 0.7002234311414076, 0.052085698727022206, 0.1064697437560496, 2.181467173884616e-09, 87.35449846583123, 3.0010031534603374e-07, 0.029247042335166076, 0.35328944878396984, 0.020546601945084873, 0.01247303632580786, 0.012496318207252846, 1e-12, 0.3726247824155093, 1e-12
ES, 1976786249977.8887, 2045667.0895002813, 2020-04-01, 120.19171006982211, 0.5073268659597334, 0.007662292875841572, 0.19999999999627346, 1e-12, 91.99982126108623, 6.925047065670635e-06, 0.008334056040680911, 0.008333333333333333, 0.008333333333333333, 1e-12, 0.399999999549216, 1e-12, 0.4, 1e-12
ES, 4102854780976.3794, 2048803.350685668, 2020-04-01, 120.0986502425483, 0.5382194474488411, 0.01162117163328332, 0.05075084071352591, 1e-12, 91.9964945852016, 1.1433027061111625e-06, 0.03567938766400552, 0.3726418592739817, 0.3994527885466807, 1.0000000082234893e-12, 1.299484974180843e-05, 1e-12, 0.3999870057224492, 1e-12
ES, 4262774240466.8267, 2059054.0969086494, 2020-04-01, 151.1237041033142, 0.7742740361944662, 0.08239341362550048, 1e-12, 1e-12, 5.000049824334068, 9.518457491700635e-07, 0.04606429181546673, 0.046065483909774066, 0.04606408435179747, 0.03853355584220879, 0.03853413086951595, 1e-12, 0.4, 1e-12
ES, 4288641905079.028, 2040116.6830909855, 2020-04-01, 170.3277711880716, 0.3998790233140329, 0.008400523056867285, 0.03279612809268964, 1e-12, 92.0, 1e-12, 0.07255908418073756, 0.008333333333333333, 0.008333333333333333, 1e-12, 0.06559225619451825, 1e-12, 0.4, 1e-12
ES, 2200746098286.497, 2092241.8038643023, 2020-04-01, 82.16128811044359, 0.7778010033934069, 0.03552659224466364, 4.04393530309193e-07, 1e-12, 91.36553152605852, 1.0347827927141256e-05, 0.011126720038791893, 0.3999366251646128, 0.3999365392094721, 0.3999354381283959, 0.3970829363716392, 1e-12, 0.39993542136709204, 1e-12
ES, 2121518676289.7722, 2025980.3675682785, 2020-04-01, 76.01915130526751, 0.338800333238243, 0.0437513975693965, 0.19908598412274695, 1e-12, 91.60240309339297, 6.863285315394044e-06, 0.011714562627552064, 0.3366572627497775, 0.3366572629655544, 0.0016246535799693711, 0.3353095451416036, 1e-12, 0.4, 1e-12
ES, 3278004051498.9795, 1729124.895040039, 2020-04-01, 109.66062727960323, 0.4717219395442611, 0.0361365218189201, 1.0000010403019614e-12, 4.1798632723379064e-07, 5.000404360848267, 5.153367721262102e-08, 0.39989191424635656, 0.008441418919991998, 0.008441418918867813, 0.00011038528339276257, 0.3998896145507031, 0.00011038545129569795, 0.3998896145506612, 0.00011038594703095143
ES, 3843266457239.8335, 2021280.5970011777, 2020-04-01, 126.5331527584996, 0.7438675919486257, 0.04889032810630608, 0.2, 1e-12, 92.0, 1e-12, 0.4, 0.008333333333333333, 0.008333333333333333, 1.0000000076312902e-12, 1.0000000082849311e-12, 1e-12, 0.4, 1e-12
ES, 1885731767278.4192, 1980731.4404685074, 2020-04-01, 45.259870315338524, 0.6957544818455492, 0.026786372728438194, 1.3711593253423439e-05, 2.1672410062369716e-09, 91.99999999999837, 3.5904386018714433e-06, 0.008333356674634645, 0.008333333333333333, 0.008333333333333333, 1e-12, 0.39999969064393975, 2.590780706269873e-07, 0.39999970112687655, 1e-12
ES, 4273466735582.031, 2048366.6396137644, 2020-04-01, 82.06083046331963, 0.5181672681440661, 0.029671168954036285, 0.19999999001100865, 1e-12, 91.8401644689741, 1e-12, 0.09212647719387787, 0.32520177966488406, 0.3881433573424803, 0.3237083682234862, 0.32361565747911125, 1e-12, 0.4, 1e-12
ES, 5338590610218.959, 2029638.1863494462, 2020-04-01, 144.628835499515, 0.7076536550136905, 0.015545312914890745, 1e-12, 1e-12, 91.76505986164095, 1e-12, 0.4, 0.008333333333333333, 0.008333333333333333, 1e-12, 0.4, 1e-12, 0.4, 1e-12
ES, 3507501662612.997, 2113750.712202168, 2020-04-01, 165.30369372301524, 0.4677492810157731, 0.021453150105247152, 0.2, 1e-12, 91.2647946168828, 1e-12, 0.4, 0.008333333333333333, 0.008333333333333333, 1e-12, 0.4, 1e-12, 0.4, 1e-12
ES, 5385444087556.098, 2154976.923806209, 2020-04-01, 90.6546898514434, 0.4120496637734926, 0.008319575471929479, 1e-12, 1e-12, 5.0, 4.5111345810937394e-07, 0.053173310807708304, 0.008333333333333333, 0.008333333333333333, 1e-12, 0.3528955079739978, 1e-12, 0.4, 1e-12
ES, 5951924057751.931, 2130280.649160896, 2020-04-01, 155.47759125903022, 0.5523008769705544, 0.08515891507774, 4.816833837874884e-07, 1e-12, 91.99999941724474, 1e-12, 0.39917039515494845, 0.008405085083800608, 0.008371240857038437, 4.743275778536799e-05, 0.39995737191675174, 9.999986949615902e-13, 0.39995378841629897, 9.999778782798785e-13
ES, 3999902316927.4854, 1971430.5680822032, 2020-04-01, 118.05278917355498, 0.2536407707445458, 0.058031225973705226, 0.031273101874078085, 1e-12, 92.0, 1e-12, 0.06957649116841746, 0.008333333333333333, 0.008333333333333333, 1e-12, 0.06254620374731251, 1e-12, 0.4, 1e-12
ES, 3786460560513.085, 2099852.5350039406, 2020-04-01, 104.63466470040797, 0.6418862953580868, 0.04495690483588122, 3.817949325855377e-07, 1.7839491122412894e-06, 5.0, 2.952937054881952e-08, 0.4, 0.39999999999993296, 0.008457033466255058, 0.00012633205164599875, 0.39987366794928675, 0.0001263320517800165, 0.39987366794921964, 0.00012633205211240572
ES, 3220159036392.617, 2009843.0636461999, 2020-04-01, 111.32497881887305, 0.40770734784452073, 0.0031686561901882087, 1e-12, 1e-12, 5.000088929787921, 2.816853081368882e-06, 0.020796669283554888, 0.04201963646571475, 0.031069101837715097, 0.023212194123206607, 0.032719904171046824, 9.999999960041972e-13, 0.3983930870415048, 1e-12
ES, 3805017292021.658, 1977240.6883854372, 2020-04-01, 184.075421057681, 0.7247088590879527, 0.009803215552696946, 0.19999999999999876, 1e-12, 91.99999999999946, 1e-12, 0.3999999999999976, 0.008333333333333333, 0.008333333333333333, 1e-12, 0.4, 1e-12, 0.4, 1e-12
ES, 2290140802029.3735, 2029779.476747461, 2020-04-01, 154.95531965476107, 0.5266171398728395, 0.019769651935845945, 1e-12, 1e-12, 5.285899376624167, 9.420367287586697e-07, 0.047943197143360344, 0.008333333405041598, 0.2757845923458053, 0.1868680772304884, 3.1606460628120617e-07, 1e-12, 0.2972059945525297, 1e-12
ES, 5295495881621.929, 2100725.197242888, 2020-04-01, 117.64507447069231, 0.7782810834207046, 0.019071661733723887, 4.882293100240966e-10, 2.5004909021883215e-07, 5.0, 4.523063515012797e-08, 0.39999999999915115, 0.008333333333333333, 0.008333333333333333, 1e-12, 0.3999999999991575, 1.684423562011647e-12, 0.39999999999913555, 1e-12
ES, 2263190016027.024, 2187924.0322200507, 2020-04-01, 94.13078978555436, 0.5914314856553822, 0.046263473165078915, 1e-12, 2.4962122564996266e-09, 5.000000000001717, 2.817138400428114e-06, 0.008334242583038333, 0.008333333333333333, 0.008333333333333333, 1e-12, 0.4, 1e-12, 0.4, 1e-12
ES, 4314003519062.6577, 2066211.8905763975, 2020-04-01, 87.93232463850559, 0.775535225900837, 0.04444894621921487, 0.08025766022252828, 1e-12, 91.99999999999541, 1e-12, 0.3015364288310919, 0.10679690448601742, 0.10679690448798275, 0.10055854075679789, 0.08536882142593041, 1e-12, 0.4, 1e-12
ES, 3943500463382.473, 1963123.3223771753, 2020-04-01, 89.31836219073583, 0.3836391356674077, 0.08594952630411161, 0.0024978864162901477, 1e-12, 91.99998376555364, 1.3868118059973677e-07, 0.08966649478710535, 0.39501276105332844, 0.39999992952435165, 0.22772767992905882, 0.09586913223456399, 1e-12, 0.4, 1e-12
ES, 1501611392523.252, 1913604.031806742, 2020-04-01, 116.11949007133533, 0.6325637698729174, 0.07987397599863574, 1e-12, 1e-12, 5.000000000001696, 8.518450036146712e-06, 0.0083489931754641, 0.00834885812398542, 0.008333333333423761, 1.0000292916898953e-12, 1.5857438959705326e-05, 1e-12, 0.4, 1.0071479985282503e-06
ES, 2813019367385.4565, 1551085.7563083672, 2020-04-01, 50.59639806784571, 0.6111568480535137, 0.053548607410331205, 1e-12, 1e-12, 10.352360569616295, 7.753888278609853e-07, 0.05572708751916695, 0.008333333333333333, 0.008333333333333333, 1e-12, 0.38237704344736156, 1e-12, 0.4, 9.999999960041972e-13
ES, 4666849368793.841, 2160517.099446044, 2020-04-01, 162.567322536145, 0.7211593247043164, 0.022506585546749943, 1e-12, 1e-12, 5.000000498924875, 9.892175457599254e-07, 0.04303967093243315, 0.3652936634422761, 0.008333333600283837, 2.747216975243759e-10, 0.3999999838847092, 1e-12, 0.4, 1e-12
ES, 1201407434722.5806, 2026860.8396391745, 2020-04-01, 189.87858521435342, 0.3488117826480083, 0.006024354302956478, 0.00027130717801838794, 9.176761847263527e-10, 91.99994258799148, 3.3214383689760627e-06, 0.008336832367673285, 0.008861712164750714, 0.18565404352836493, 0.11293414910611922, 0.3994596950566841, 4.9307627559853144e-05, 0.39999572789254495, 0.000539255479429393
ES, 1957803764204.0918, 2198724.2991193132, 2020-04-01, 151.1237041033142, 0.5267663710558369, 0.08673739749180663, 1e-12, 1e-12, 5.000000010830063, 7.208442414179763e-06, 0.008333735318518203, 0.3999995205305831, 0.008333800650529306, 2.5199305254306185e-08, 0.3999994220827892, 1e-12, 0.39999942028967683, 1e-12
ES, 3561959724784.4116, 2040116.6830909855, 2020-04-01, 135.86378552761602, 0.3847144437717146, 0.006763489313715429, 2.8514930044927823e-06, 4.182579106902984e-06, 5.000000000000002, 2.7129471763409863e-08, 0.03732928565859749, 0.4, 0.03756459080097104, 0.02985319907434605, 1e-12, 1e-12, 0.4, 1e-12
ES, 4806785259290.899, 2056048.1932160507, 2020-04-01, 85.1273577911798, 0.3344048177746106, 0.0038952095204266993, 0.020952694853926642, 1e-12, 91.99999999996308, 1e-12, 0.04931388310492636, 0.008333333333333333, 0.008333333333333333, 1e-12, 0.3999999263731236, 1e-12, 0.4, 1e-12
ES, 1849184099271.2617, 1915867.7542622716, 2020-04-01, 156.84635831829092, 0.7373700034421017, 0.04785148136029215, 1e-12, 1e-12, 5.000015221582816, 9.488771833860623e-06, 0.011288024837131755, 0.3202342976419165, 0.015818182074947135, 0.22218639109011937, 0.11716891285250744, 1e-12, 0.4, 1e-12
ES, 4187805264031.883, 2043877.6632120842, 2020-04-01, 209.0615319225223, 0.5842052934878831, 0.02953750816795106, 1e-12, 1e-12, 5.000003599541318, 9.530544997941411e-07, 0.0449345497505302, 0.36340630665343265, 0.008335182702661596, 2.424161556422246e-06, 0.3999967934270156, 1e-12, 0.4, 1e-12
ES, 3743133766007.69, 2036458.6446820986, 2020-04-01, 113.42554408337763, 0.6929512220309921, 0.07435809460849585, 0.022338038394619605, 1e-12, 73.20598365718223, 1e-12, 0.03287988803680593, 0.3123225197262221, 0.23190614904338752, 0.31178783730284293, 0.2351688201192792, 1e-12, 0.4, 1e-12
ES, 882454136983.1906, 982136.2565315254, 2020-04-01, 88.96647032316588, 0.6957544818455492, 0.04440440527823872, 4.2410411660220146e-07, 2.214846811880326e-06, 5.0, 7.958091783744551e-08, 0.3999997652960992, 0.008333333333511661, 0.39996564101705573, 1.4371077056098747e-09, 1.198709126150012e-12, 1e-12, 0.4, 0.00012543572361237566
ES, 4936690027821.8125, 2082791.0440820414, 2020-04-01, 129.2304843654327, 0.5181672681440661, 0.07970595766700922, 0.02108786893832418, 1e-12, 91.99999999999994, 1e-12, 0.04963041002610932, 0.008333333333333333, 0.008333333333333333, 1e-12, 0.39999999995877517, 1e-12, 0.4, 1e-12
ES, 1923668429888.303, 2158907.4749701456, 2020-04-01, 144.628835499515, 0.6882766535499805, 0.015545312914890745, 2.838442077712293e-09, 2.0826388923988196e-09, 5.000000000081627, 3.41762806112633e-06, 0.008333858754018946, 0.39999999903412564, 0.008333333838450288, 1.5595632910048005e-07, 0.39999962174073495, 1e-12, 0.3999996116592252, 1e-12
ES, 4562595265098.642, 1876339.870416275, 2020-04-01, 142.13900481017606, 0.6793696261258386, 0.06488465919872369, 1e-12, 1e-12, 92.0, 1e-12, 0.4, 0.008333333333333333, 0.008333333333333333, 1e-12, 0.4, 1e-12, 0.4, 1e-12
ES, 2080494541805.5461, 2108899.190225278, 2020-04-01, 90.6546898514434, 0.5177704161012737, 0.008319575471929479, 1.668213562726372e-12, 1.3362870238165937e-09, 5.000000000000759, 3.1394243547829604e-06, 0.00833423537402856, 0.00833338861628712, 0.008333362757553052, 1e-12, 0.39999957325230234, 6.336687051201127e-08, 0.3999893564138112, 6.9491684107320625e-06
ES, 4488996164099.363, 2099840.439421456, 2020-04-01, 155.47759125903022, 0.30485473682641195, 0.07040641897909028, 0.031027283658181394, 1e-12, 92.0, 1e-12, 0.06909509651289387, 0.008333333336299141, 0.008333333341920494, 0.0620545673268227, 0.062054567320652926, 1e-12, 0.3999999971386463, 1e-12
ES, 4623976536643.146, 2016630.691764917, 2020-04-01, 69.57630186590876, 0.27893613226029323, 0.014836968574489426, 0.020911270639577612, 1e-12, 92.0, 1e-12, 0.04928457166744491, 0.008333333333333333, 0.008333333333333333, 1e-12, 0.4, 1e-12, 0.4, 9.999778782798785e-13
ES, 4466788866333.455, 2092630.4701298792, 2020-04-01, 92.51756756659742, 0.776499955964255, 0.04495690483588122, 0.16149765741789315, 1e-12, 90.39586408988089, 1e-12, 0.07718595623786734, 0.16504001649244338, 0.23032344716970302, 0.2492384233764449, 0.08619725881328304, 1e-12, 0.4, 1e-12
ES, 1791385595478.476, 2087014.1742160246, 2020-04-01, 193.41244559264047, 0.6403063039121842, 0.03117037826236204, 1e-12, 1e-12, 5.398748901957204, 8.414227555283445e-06, 0.00833458964934317, 0.22111819191877208, 0.24402937267588068, 0.39999989200081715, 0.3732445195447844, 1e-12, 0.4, 1e-12
ES, 133822567.76568562, 1949981.8295912899, 2020-04-01, 153.02421760548953, 0.4482874894145875, 0.009803215552696946, 6.731573019239765e-08, 6.731407974285438e-08, 5.406471173134392, 6.01533741244388e-08, 0.4, 0.008333333333333333, 0.008333333333333333, 0.3999999860055411, 1.399524139324497e-08, 1.039447534918631e-12, 1.3995241481026545e-08, 1.206345307243825e-07
ES, 4053901803378.934, 2000641.944542397, 2020-04-01, 154.95531965476107, 0.6254910428263286, 0.01844856667351806, 0.013956591484331728, 1e-12, 91.87658591489364, 1e-12, 0.08716931888961488, 0.3707840505997392, 0.008333340127897304, 7.375979322654408e-07, 0.3980756999182929, 1e-12, 0.3980759545457203, 1e-12
ES, 4715003037132.163, 2100725.197242888, 2020-04-01, 117.64507447069231, 0.7782810834207046, 0.019071661733723887, 1e-12, 1e-12, 5.000059051076121, 1.2883637298573399e-07, 0.18677265054847708, 0.02491722081467624, 0.017076619681451896, 0.008874614026222114, 0.3850580304389249, 1e-12, 0.39201573346150065, 1e-12
ES, 2332999417635.701, 2199418.899900238, 2020-04-01, 172.44817774456703, 0.6700578576464258, 0.0423779798977682, 0.1999996149362463, 2.327167284266638e-09, 91.67072762984148, 2.578471511001539e-06, 0.009815850073942731, 0.3985176423777816, 0.00833336638031509, 5.201259034281572e-09, 0.39848606628062516, 1e-12, 0.3984861041174399, 1e-12
ES, 3691416235751.928, 2143583.444122169, 2020-04-01, 89.52623459753468, 0.3163209084868819, 0.04444894621921487, 1e-12, 1.4276362822571298e-06, 5.0, 3.351066894949851e-08, 0.3998425024255985, 0.008333333333333333, 0.008333333333333333, 1e-12, 1.5736815239583624e-12, 0.00016084858774621644, 0.39983915141329257, 0.00016084858775257028
ES, 4204001620977.495, 2063446.3883233857, 2020-04-01, 153.8335705916258, 0.671776487914884, 0.08294144598184573, 0.1074027627148351, 1e-12, 91.97943562370249, 9.950349411277548e-07, 0.037914737379555044, 0.04771783085367172, 0.3713983409335735, 0.2742822821919451, 0.020922901031737152, 9.999986949615902e-13, 0.4000000000000001, 9.999778782798785e-13
ES, 3709292924083.2007, 1909388.7091440547, 2020-04-01, 126.0761352727188, 0.5458368383385712, 0.04010148995133852, 0.1368736699543707, 9.999999999746641e-13, 91.0002181226214, 1e-12, 0.06735739574387675, 0.3949852948512602, 0.01861133590550792, 0.0286306530422759, 0.3872465772147457, 1e-12, 0.39999720846037634, 1e-12
ES, 3458366469811.334, 2087172.939152122, 2020-04-01, 151.83471647625282, 0.3533945623512984, 0.0868934700883438, 0.19999999999999996, 1e-12, 92.0, 1e-12, 0.3999999999999999, 0.008333333333333333, 0.008333333333333333, 1e-12, 0.4, 1e-12, 0.4, 1e-12
ES, 1959184369865.807, 2019403.8294596209, 2020-04-01, 191.73810933162326, 0.7012216533037003, 0.022506585546749943, 1e-12, 1.8426212070102953e-09, 5.000000000000189, 3.1223670275363454e-06, 0.008334129464058803, 0.00833333333333337, 0.008333333333333333, 1e-12, 0.39999967527667973, 1e-12, 0.4, 1e-12
ES, 5562953577110.109, 2065597.814694748, 2020-04-01, 149.67737730875774, 0.5382194474488411, 0.09567336363165264, 1e-12, 1e-12, 92.0, 1e-12, 0.4, 0.008333333333333333, 0.008333333333333333, 1e-12, 0.4, 1e-12, 0.4, 1e-12
ES, 2157905712815.2473, 1976535.453215229, 2020-04-01, 117.0236835180383, 0.7125702459643304, 0.09971851177025469, 0.02046583043222438, 9.530235143511458e-10, 90.59304898212234, 1.8499076889877158e-06, 0.014460347176942613, 0.008333333333333333, 0.008333333333333333, 1e-12, 0.04093180307485672, 1e-12, 0.359177611648921, 1e-12
ES, 1896527876639.5908, 2040116.6830909855, 2020-04-01, 173.57653587765924, 0.3150821889650648, 0.04966599183216044, 1e-12, 1e-12, 5.00000000026375, 7.125527733736633e-06, 0.010376686002545566, 0.399999996790762, 0.008333333333333337, 1.000008073690036e-12, 0.4, 1e-12, 0.4, 1e-12
ES, 3800204900555.7305, 2140973.931069701, 2020-04-01, 116.44246446021145, 0.6112541593691718, 0.02173391954511417, 0.1563225588451168, 1e-12, 72.4326428375921, 1e-12, 0.027868688689274005, 0.35512011973489527, 0.09670357860607816, 0.38050966245769374, 0.04055258688775501, 1e-12, 0.4, 1e-12
ES, 1900632300981.8687, 2130050.2782232696, 2020-04-01, 147.37692826029763, 0.7563813153472211, 0.03494341628445038, 1.4665862792535484e-07, 1.8951192104581166e-09, 5.000000000000091, 3.7890703804312134e-06, 0.008334033177091284, 0.3999997267226922, 0.3999997039401544, 0.3999997287771572, 0.3999997544923745, 1e-12, 0.39999999999997554, 1e-12
ES, 2162701778462.4478, 1447351.8081236598, 2020-04-01, 81.63215257621766, 0.39971524783033413, 0.022649572119000053, 0.03519920965751455, 1e-12, 91.99999999999999, 1e-12, 0.0772651189110782, 0.008333333333333333, 0.008333333333333333, 1e-12, 0.07039841931460639, 1e-12, 0.4, 1e-12
ES, 1545917256239.1165, 1815306.9153216477, 2020-04-01, 207.4256688081492, 0.5147543310394074, 0.07435809460849585, 1.3359032690878014e-08, 1e-12, 91.53385115361785, 9.213734174109185e-06, 0.010603601883913854, 0.3999999999999468, 0.3999999999998916, 0.3976814278636532, 0.002318572137346785, 1e-12, 0.4, 1e-12
ES, 4940191401584.627, 2199461.065090942, 2020-04-01, 126.13735613760487, 0.6957544818455492, 0.03275170150753867, 1e-12, 1e-12, 5.000003069370948, 5.994031287769029e-07, 0.06936336860015685, 0.3980786229473507, 0.11352252221894507, 0.057789271544467745, 0.0019622573973985358, 1e-12, 0.4, 1e-12
ES, 4557323915221.48, 2145383.5603285176, 2020-04-01, 129.2304843654327, 0.5181672681440661, 0.014860834945535325, 0.008031021115212797, 6.457639556915853e-08, 91.97026486501912, 1.141587705196533e-08, 0.0441365731922334, 0.03959815792312983, 0.03981530523639555, 0.022907065991399994, 0.3473299241434849, 9.999986949615902e-13, 0.39693108557660606, 1e-12
ES, 3480036780400.845, 2017097.9947957648, 2020-04-01, 146.12511303312903, 0.7027471966405153, 0.015545312914890745, 4.6369135693903194e-07, 1.4257934292870317e-06, 5.0, 2.7550997833491814e-08, 0.4, 0.39999999999986074, 0.00846563849768609, 0.00013512016885533954, 0.39986487983199626, 2.197766592658277e-07, 0.3999999860459822, 0.00013512016982766622
ES, 2022512993952.7642, 2117582.183945577, 2020-04-01, 137.44370976800883, 0.5957489092505921, 0.06488465919872369, 1e-12, 1.6714059610593865e-09, 5.000004967729791, 2.9824138390717466e-06, 0.008333757506349652, 0.0085658581491259, 0.008333333333333987, 1.0006553449975015e-12, 0.38995329287652014, 1e-12, 0.39093239074070063, 1e-12
ES, 1958811028289.3757, 2154976.923806209, 2020-04-01, 90.6546898514434, 0.7590745575246267, 0.008319575471929479, 7.897875932759416e-07, 1e-12, 91.99999999981236, 8.991443448256442e-06, 0.008333965404643866, 0.39999998824724736, 0.008333333333333333, 1e-12, 0.4, 1e-12, 0.4, 1e-12
ES, 4230747812694.1807, 1928804.1845858705, 2020-04-01, 109.69151511292853, 0.5523008769705544, 0.014306120448039217, 1e-12, 1e-12, 91.64709722098888, 1e-12, 0.4, 0.008333333333333333, 0.008333333333333333, 1e-12, 0.4, 1e-12, 0.4, 1e-12
ES, 3005633911571.751, 1633274.4027674124, 2020-04-01, 112.12415625101531, 0.4846690947898772, 0.014836968574489426, 0.18036482466591594, 1e-12, 91.56820748988166, 1e-12, 0.04691859772630559, 0.008333333333333333, 0.008333333333333333, 1e-12, 0.4, 1e-12, 0.4, 1e-12
ES, 2360140595485.9087, 2139383.473404441, 2020-04-01, 194.5415336185918, 0.5707166193686586, 0.04495690483588122, 1e-12, 2.604800378210519e-09, 5.000002550913176, 1.6909960995193438e-06, 0.011408323206607049, 0.008333333488996722, 0.008333333333333333, 1e-12, 0.35935786282999554, 1e-12, 0.359357876790789, 1e-12
ES, 1350249352743.9673, 1838446.4785293802, 2020-04-01, 138.9951129496902, 0.42539466113732555, 0.054272865854098996, 9.973777637548953e-10, 1e-12, 5.0000000280808425, 5.387504227354187e-06, 0.008333990437353677, 0.39999778838767486, 0.00833334436850292, 1.0336996856907792e-08, 0.39999767173772577, 1e-12, 0.3999983037624561, 1e-12
ES, 4516873242594.712, 2053329.5115212868, 2020-04-01, 61.63618579544728, 0.4482874894145875, 0.07517073496153763, 0.011548883511545278, 1.9676912485035623e-07, 86.97935760344386, 1e-12, 0.030936045535548684, 0.00834719191823857, 0.008347192049518903, 1.4143175401464657e-05, 0.39998584183791797, 1e-12, 0.4, 1.3807481918257909e-05
ES, 5221370574490.584, 2000641.944542397, 2020-04-01, 148.5846830948849, 0.28435877333082826, 0.009369065535459584, 5.418485783122977e-07, 1e-12, 83.54384048713514, 1e-12, 0.22214801665092884, 0.008333333333333333, 0.008333333333333333, 1e-12, 0.4, 1e-12, 0.4, 1e-12
ES, 77057248.47822872, 2100725.197242888, 2020-04-01, 207.32257688211806, 0.2521765790393463, 0.02531178476595686, 4.599769102140891e-08, 1e-12, 5.351993788000433, 2.0192562286674005e-06, 0.008335246150202102, 0.11215672149167319, 0.3999973157202791, 0.3999963846976567, 0.22341136962424862, 0.004458968244575454, 1.0000886600620359e-12, 1e-12
ES, 5078064809663.6455, 2111377.5687057907, 2020-04-01, 65.47558072515284, 0.6085451011482652, 0.03196829132895669, 0.021093064208867928, 1e-12, 91.99999986724198, 1e-12, 0.04964058488922951, 0.008333333333333333, 0.008333333333333333, 1e-12, 0.4, 1e-12, 0.4, 1e-12
ES, 2240488685490.6694, 2190603.2370111793, 2020-04-01, 102.2455247826872, 0.5197995376123424, 0.04444894621921487, 1.7449760636294952e-08, 1.9335931004712286e-09, 5.000000000001481, 2.0785650987382838e-06, 0.00833339732211243, 0.008333333333333333, 0.008333333333333333, 1e-12, 0.4, 1e-12, 0.4, 1e-12
ES, 1992496159456.2126, 2063446.3883233857, 2020-04-01, 99.29874753712205, 0.3930430012970184, 0.008457623312726903, 1e-12, 1e-12, 5.0, 6.739113565511263e-06, 0.008333374182958951, 0.008333333333333333, 0.008333333333333333, 1e-12, 0.39999997815946564, 1e-12, 0.4, 1e-12
ES, 3686906327818.0767, 1909388.7091440547, 2020-04-01, 126.0761352727188, 0.7864911976580605, 0.031146729755739604, 1e-12, 1e-12, 5.000000004277978, 1.052693325158572e-06, 0.05018497055768279, 0.3999833892733415, 0.35813231876985074, 0.3572415744627549, 0.3572417304445335, 1e-12, 0.3999834479839573, 1e-12
ES, 2889488925453.8813, 1992217.8942114294, 2020-04-01, 77.77065795222691, 0.3972224837505574, 0.09554697688489439, 0.025169282246696508, 2.55735946305165e-10, 91.85815166929505, 1.3578050724044823e-06, 0.023680910023691038, 0.384598216464731, 0.3989600318335331, 0.3989352364832375, 0.015821533376534604, 1e-12, 0.36565009728071735, 1e-12
ES, 3576818129613.7227, 1932846.642374967, 2020-04-01, 69.47895124802842, 0.7012216533037003, 0.03477969467909517, 0.19999999999989646, 1e-12, 91.65845756812202, 1e-12, 0.39999999999979724, 0.008333333333333333, 0.008333333333333333, 1e-12, 0.4, 1e-12, 0.4, 1e-12
ES, 3956111070461.8296, 1912119.844832414, 2020-04-01, 149.67737730875774, 0.2970895939012046, 0.05550401637005288, 0.016185428100162796, 1e-12, 92.0, 1e-12, 0.05977885940205078, 0.008333333333333333, 0.008333333333333333, 1e-12, 0.22854129340122595, 1e-12, 0.4, 1e-12
ES, 5328010486473.529, 2018238.842652043, 2020-04-01, 156.1873850387639, 0.5237750781191736, 0.05788073908890888, 1e-12, 1e-12, 92.0, 1e-12, 0.4, 0.008333333333333333, 0.008333333333333333, 1e-12, 0.4, 1e-12, 0.4, 1e-12
ES, 1869302223701.5925, 2166556.072587066, 2020-04-01, 121.07302213104323, 0.4418108364768043, 0.055670229534860644, 4.881960470200754e-09, 1.440036585515601e-09, 5.000000000440927, 3.119863585105465e-06, 0.0083339967224079, 0.39999912808845833, 0.00833333334035867, 8.56786047716482e-12, 0.39999905187641127, 1e-12, 0.3999997170685601, 1e-12
ES, 2271594573930.8384, 2210926.357396138, 2020-04-01, 108.66661057930442, 0.2837315014878975, 0.07123459659756251, 0.19999999999999998, 1e-12, 91.25843099868251, 6.045288913361097e-06, 0.008333352967175148, 0.008333333333333333, 0.008333333333333333, 1e-12, 0.39999999999999797, 1e-12, 0.4, 1e-12