AM, 15742345870.325077, 4047220.729516944, 2020-03-17, 0.07068299068135886, 121.78394480449265, 113.9673078485266, 0.7026806098208136, 0
AM, 9812181558.421825, 2396048.4960981077, 2020-03-23, 143.98653651676048, 88.64712522438342, 39.369976928038454, 0.44175058256019145, 0
AM, 3401034900.737611, 2515276.15116922, 2020-03-17, 199.1915500180751, 240.7387632162429, 193.86587363663074, 0.29947758861223067, 0
AM, 4821868839.927671, 3671280.1778406333, 2020-03-20, 5.106361222516287, 37.39501180419236, 111.17705338610176, 0.2088631848552538, 0
AM, 6340794672.821615, 2116470.4694721918, 2020-03-21, 242.01335907020115, 249.3858513045632, 86.40373001892401, 0.27938467930392125, 0
AM, 10676984838.738153, 1881270.8049414176, 2020-03-20, 46.09894487947261, 113.38078460495801, 38.40048310416286, 0.4873309395804075, 0
AM, 441057227.52344555, 2378637.3384084953, 2020-03-19, 117.66167165615497, 216.35333237399811, 85.06919137006288, 0.573544081080122, 0
AM, 3781464739.5140824, 2905088.4807628235, 2020-03-23, 121.67042899497591, 29.086361307820496, 135.1638663916397, 0.4681644821587702, 0
AM, 3483437685.14343, 2895045.396740932, 2020-03-16, 228.81274144109284, 239.0747476085308, 92.14405252978567, 0.3582807341930305, 0
AM, 12676484812.934013, 3371228.1569669778, 2020-03-23, 46.82877309497802, 132.31240654106557, 239.29495471256942, 0.5523892455387324, 0
AM, 16827882138.831423, 3060690.6598974904, 2020-03-18, 56.62635710035219, 219.43484174115224, 6.363205843303965, 0.7853859819599178, 0
AM, 5058280243.877317, 3870258.798578703, 2020-03-20, 89.21675876720708, 187.1399614745033, 232.38030831451292, 0.22716168873244474, 0
AM, 12850393916.87766, 1909143.5669882656, 2020-03-17, 62.013919380954796, 13.674313825417283, 58.598234711057906, 0.5752915837378029, 0
AM, 7071548858.571596, 2633771.321151587, 2020-03-19, 36.65708491251355, 83.2374826079894, 58.760069336121376, 0.31690029039462775, 0
AM, 45878128.498317644, 3644341.2061197674, 2020-03-16, 25.229376637789624, 38.51761423569966, 64.04930427407562, 0.8267913848831747, 0
AM, 5723740954.395771, 2704615.0830470407, 2020-03-18, 136.54509778152593, 128.664099841372, 20.834728181546218, 0.26893000262637734, 0
AM, 14100362067.31699, 2943671.7063826076, 2020-03-19, 72.0348695577494, 50.05260768461295, 78.56831737264919, 0.6325325837943093, 0
AM, 13472614422.151855, 3874865.7503131824, 2020-03-19, 18.71494655059433, 36.89025766534743, 140.5537070662269, 0.59918139508303, 0
AM, 5278451287.133034, 3989694.1843046425, 2020-03-17, 241.9441542403199, 245.47982776671063, 210.0930608984599, 0.23866727763794707, 0
AM, 578661424.9382048, 3826964.129688613, 2020-03-18, 96.8135443406328, 129.84680261776157, 43.488175174960396, 0.7654602092351497, 0
AM, 212659002.59217715, 2920420.8072085613, 2020-03-22, 161.54389092010896, 51.2728112598333, 154.15086488842877, 0.6959338138250943, 0
AM, 7828129191.824971, 1745862.1744638109, 2020-03-18, 118.18731568672305, 99.30432149751739, 135.3685443487035, 0.5166724360337225, 0
AM, 13758051032.782866, 1516314.348519074, 2020-03-22, 204.3020197192472, 98.20347298746115, 81.02342708252483, 0.6110321168569157, 0
AM, 13485951328.70967, 1815593.2660565334, 2020-03-20, 185.0070509190081, 222.75837548471856, 54.05894373193754, 0.6030059056931085, 0
AM, 18668482881.9912, 2619408.148597625, 2020-03-16, 215.58872512239606, 210.2930175455692, 235.22851030989244, 0.8416342676863227, 0
AM, 16153580488.852516, 1453268.8180454145, 2020-03-21, 123.7304360602959, 209.24428614906412, 134.3751244523886, 0.7171157745284258, 0
AM, 4754378120.262243, 2210178.8277483806, 2020-03-23, 222.0816030899145, 235.96120510893908, 34.18335502456163, 0.214181163926611, 0
AM, 16702372362.998573, 3762214.7246885896, 2020-03-19, 14.279287647519956, 90.91591186927364, 190.48476575366425, 0.7369759835298939, 0
AM, 14617205386.386175, 2254572.958338167, 2020-03-22, 36.26947363367197, 223.0113701742254, 201.4730630031893, 0.8079569284612047, 0
AM, 8330302016.6306715, 2145439.0305723865, 2020-03-22, 239.9615953385152, 156.07695163333258, 27.718925225936413, 0.3701138118941004, 0
AM, 10183462177.649548, 4047220.729516944, 2020-03-17, 0.07068299068135886, 121.78394480449265, 179.50920298405467, 0.4457360138363069, 0
AM, 5015402759.548338, 3900498.845109203, 2020-03-18, 94.19243075602631, 145.11023909109218, 193.40059737660627, 0.44175058256019145, 0
AM, 6952189686.379305, 3450993.498798107, 2020-03-18, 82.67430579137077, 55.8668220580205, 223.7449419019776, 0.29947758861223067, 0
AM, 9341101856.334465, 3671280.1778406333, 2020-03-20, 63.531772867053085, 182.99258243202254, 111.17705338610176, 0.4146918686992705, 0
AM, 8991969925.774263, 2025543.7488012519, 2020-03-21, 231.28634543954985, 249.3858513045632, 41.293639945317864, 0.4028547844326764, 0
AM, 450320698.6393999, 1881270.8049414176, 2020-03-20, 86.97838564756921, 71.79577981243773, 90.31904832989751, 0.4873309395804075, 0
AM, 386663333.8630337, 2378637.3384084953, 2020-03-20, 117.66167165615497, 216.35333237399811, 85.06919137006288, 0.24695129265162893, 0
AM, 9361311768.503302, 3247823.2613772666, 2020-03-23, 108.08508239712344, 181.3538994352238, 95.71696368094327, 0.4198243090941698, 0
AM, 4594707218.490106, 2021994.2173522457, 2020-03-17, 115.05296921565849, 35.96011977139903, 92.14405252978567, 0.7556909964058733, 0
AM, 6263331561.609629, 2549878.8057874157, 2020-03-18, 106.56388292807515, 69.27925749432664, 188.35681303015136, 0.6995422463761909, 0
AM, 10998310589.566748, 2004747.3324932721, 2020-03-20, 157.53630470783597, 23.24150705974655, 0.24738887338257576, 0.7853859819599178, 0
AM, 3865705581.6410303, 2256643.9348245547, 2020-03-16, 89.21675876720708, 46.17142347545413, 232.38030831451292, 0.5082949840938519, 0
AM, 6744366537.92124, 1909143.5669882656, 2020-03-18, 124.75545393072191, 182.408209617386, 3.160666579296728, 0.3051362902958654, 0
AM, 8626280379.46816, 1347711.5052606869, 2020-03-17, 223.1087187632326, 189.36297049423735, 58.760069336121376, 0.3838929984086832, 0
AM, 17745217621.96943, 3608674.636910256, 2020-03-21, 151.86305182812828, 37.18695961330497, 146.53840374297096, 0.7899996109960439, 0
AM, 8752226106.133074, 2320940.4912926797, 2020-03-23, 136.54509778152593, 46.667366852547985, 186.09266503646327, 0.38144535452432293, 0
AM, 8689732248.948818, 3731078.8723532436, 2020-03-19, 169.84559698417945, 184.82042226971865, 78.56831737264919, 0.6325325837943093, 0
AM, 15724571219.014442, 3874865.7503131824, 2020-03-19, 229.86926098092115, 129.4798305311144, 140.5537070662269, 0.7027066537688968, 0
AM, 11419848572.431847, 3920980.014818783, 2020-03-23, 241.9441542403199, 245.47982776671063, 27.605890681608088, 0.513801472992006, 0
AM, 6577749856.666081, 3826964.129688613, 2020-03-17, 61.17159587045109, 46.806840954792875, 43.488175174960396, 0.48148754362540735, 0
AM, 15722308922.627108, 2920420.8072085613, 2020-03-22, 64.4996972448193, 51.2728112598333, 154.15086488842877, 0.6959338138250943, 0
AM, 3698003992.6847386, 2587061.3746090448, 2020-03-18, 77.42768791423926, 99.7579646783451, 81.5721050968554, 0.616347301972686, 0
AM, 11232614919.346601, 1874691.464601737, 2020-03-22, 179.05562875155476, 83.6140933977389, 91.41812163882501, 0.49698846462675594, 0
AM, 13236228777.31635, 3256291.0120932665, 2020-03-18, 169.99513809903647, 46.29017266520827, 44.8084560315913, 0.6030059056931085, 0
AM, 14765457517.862091, 2619408.148597625, 2020-03-17, 215.58872512239606, 241.56303722756874, 235.22851030989244, 0.8416342676863227, 0
AM, 9453133800.515005, 1981309.538530687, 2020-03-19, 72.66075967957497, 179.4510587437111, 214.43887418589796, 0.4688798376034526, 0
AM, 18138259196.64838, 2363721.4353761096, 2020-03-16, 222.0816030899145, 107.63080746007864, 141.82227846571516, 0.8144504444905927, 0
AM, 15868211420.482191, 3762214.7246885896, 2020-03-19, 38.26804142843957, 190.1685818989685, 190.48476575366425, 0.7023425815166788, 0
AM, 13322784336.612276, 2362547.9283753345, 2020-03-23, 36.26947363367197, 239.87173694769672, 31.64689932467172, 0.6060653303128959, 0
AM, 313530842.08760536, 2017989.2341575334, 2020-03-22, 57.651104389854154, 156.07695163333258, 120.4044049752225, 0.5872256211670178, 0
AM, 9814449462.783148, 1835488.7901649515, 2020-03-17, 237.00869403333607, 246.98554231179045, 23.473821354844382, 0.4457360138363069, 0
AM, 1891911065.5975926, 1900522.515242902, 2020-03-17, 67.9816532579676, 115.1771550868371, 248.71671828126185, 0.36382037178741444, 0
AM, 13553939898.633774, 3742142.534603147, 2020-03-16, 119.09852436300972, 240.7387632162429, 193.86587363663074, 0.5997882596144776, 0
AM, 6474147960.833957, 1363383.946950303, 2020-03-19, 5.106361222516287, 114.9429060879241, 218.03629229410913, 0.33751789694293055, 0
AM, 10385324386.15714, 3168747.2115326566, 2020-03-18, 118.25802484586565, 6.871888952459382, 158.21029182217637, 0.45904392785418, 0
AM, 11116088877.156143, 2573970.061476746, 2020-03-18, 86.97838564756921, 232.33028190026562, 161.15782002725146, 0.4873309395804075, 0
AM, 17628659758.862324, 1974744.31594018, 2020-03-20, 206.4530948229913, 216.35333237399811, 182.14148816864, 0.7773811721817705, 0
AM, 10552772063.337765, 2085210.3946998701, 2020-03-20, 121.67042899497591, 29.086361307820496, 148.18475583201453, 0.4681644821587702, 0
AM, 2813132399.010556, 1378983.2350339035, 2020-03-22, 31.511252923434014, 187.4619488703956, 149.9588420823691, 0.4449907694485256, 0
AM, 336461293.38123095, 1247279.6529382619, 2020-03-22, 181.33704820737762, 222.85343986997924, 61.2350101689282, 0.6995422463761909, 0
AM, 17670593537.65297, 3438635.6787069384, 2020-03-19, 197.91300493567923, 102.78004396143925, 48.18021156094766, 0.8040657580358648, 0
AM, 8351902068.118831, 2187390.488515388, 2020-03-16, 89.21675876720708, 60.854338990977816, 68.5505874816236, 0.38287383718810003, 0
AM, 215373739.3072328, 1248398.7660550831, 2020-03-19, 231.9307337193671, 93.21458923409034, 3.160666579296728, 0.833097343430109, 0
AM, 12998883572.73475, 2633771.321151587, 2020-03-19, 158.56359562172162, 18.446119412567977, 228.25514634497424, 0.5950453124991689, 0
AM, 12470744183.69242, 3644341.2061197674, 2020-03-16, 176.5454908084744, 38.51761423569966, 181.1531731380537, 0.5530165247688916, 0
AM, 6873027944.31913, 1660550.0750983474, 2020-03-18, 103.48814581531492, 128.664099841372, 20.834728181546218, 0.48547292272505715, 0
AM, 17940656329.179764, 2720855.135549886, 2020-03-23, 91.25572036849664, 165.25826891799377, 78.56831737264919, 0.7983550574235074, 0
AM, 7549235355.204163, 3214114.1552956887, 2020-03-19, 140.7288075824432, 36.89025766534743, 53.3620210501575, 0.3401386233591208, 0
AM, 5303443897.650109, 3019397.0108430716, 2020-03-23, 9.330415007305623, 245.47982776671063, 195.87600654356353, 0.23866727763794707, 0
AM, 6706416896.000972, 3613710.504862394, 2020-03-18, 81.78757426519567, 25.015041167583448, 150.09232442256217, 0.49756320695927153, 0
AM, 14719566582.029406, 2021958.1088897123, 2020-03-19, 98.5662912219668, 53.076479447910565, 154.15086488842877, 0.653328573859834, 0
AM, 16492793590.552732, 3288944.970095092, 2020-03-23, 94.16425378006778, 99.7579646783451, 81.5721050968554, 0.7345632055222318, 0
AM, 10884581797.386465, 1874691.464601737, 2020-03-22, 191.44322454066537, 56.81258371418371, 51.79089031707693, 0.49698846462675594, 0
AM, 5693310799.80489, 3256291.0120932665, 2020-03-18, 169.99513809903647, 46.29017266520827, 148.40641520835774, 0.24962884860350604, 0
AM, 18558957952.622963, 2681186.1813823106, 2020-03-17, 225.57308877969194, 57.93786564889002, 41.0392994164378, 0.8416342676863227, 0
AM, 17593888878.83433, 1837372.502931909, 2020-03-16, 154.27657213661402, 247.9313807112477, 21.14756113878905, 0.818742747549422, 0
AM, 18790741558.727837, 3424313.056706086, 2020-03-17, 190.98066957561147, 47.37817157718302, 201.52151167162336, 0.8226793131997963, 0
AM, 15752420633.484081, 3762214.7246885896, 2020-03-18, 178.22123645135585, 19.423158353581215, 4.554609903009432, 0.7368720943846117, 0
AM, 8933398591.449608, 2362547.9283753345, 2020-03-18, 44.902878467208126, 48.8500049230353, 90.62631976828334, 0.39645926399913667, 0
AM, 13865880282.077894, 3799951.4935978344, 2020-03-22, 45.5340885213402, 156.07695163333258, 132.43272993531608, 0.658498785695514, 0
AM, 6793320542.114894, 1835488.7901649515, 2020-03-17, 237.00869403333607, 246.98554231179045, 56.93636155315619, 0.4457360138363069, 0
AM, 7833235662.2637005, 1637074.85911518, 2020-03-20, 183.00528156565738, 77.40937814037783, 92.18174641668125, 0.36382037178741444, 0
AM, 6284850366.658545, 1844347.2117565335, 2020-03-17, 198.64282925037736, 65.05757003694937, 10.108637460373208, 0.6848838952872249, 0
AM, 115045704.42873988, 1872110.8949990747, 2020-03-20, 5.106361222516287, 37.39501180419236, 30.96758774121019, 0.6312840868285272, 0
AM, 8594244817.37544, 2116470.4694721918, 2020-03-21, 85.11655472117081, 184.5513737106481, 160.9764552859055, 0.3852072497222692, 0
AM, 11036287170.683119, 3591276.542314249, 2020-03-20, 183.30776715687537, 87.97434068150332, 191.88323286924745, 0.4873309395804075, 0
AM, 5532964415.671803, 2418367.2198172035, 2020-03-20, 117.66167165615497, 216.35333237399811, 57.21062602706958, 0.24695129265162893, 0
AM, 16680263554.64805, 2905088.4807628235, 2020-03-23, 121.67042899497591, 121.8482980420151, 64.35219350297432, 0.7503157531223283, 0
AM, 15292471813.636023, 1378983.2350339035, 2020-03-22, 170.43740127142644, 187.4619488703956, 159.00514746245517, 0.6727866213021874, 0
AM, 15832738579.847042, 1247279.6529382619, 2020-03-18, 181.33704820737762, 216.2757226464893, 139.9511739361436, 0.6995422463761909, 0
AM, 1436779434.2700696, 2004747.3324932721, 2020-03-17, 15.39002287431642, 23.24150705974655, 93.95025656257197, 0.6360602488859712, 0
AM, 5559428729.2966, 3252936.9834167473, 2020-03-16, 79.08862657917199, 217.3908886562939, 232.38030831451292, 0.5082949840938519, 0
AM, 14316817738.733027, 1568707.6074369445, 2020-03-19, 212.81705334468043, 93.21458923409034, 221.0415650508027, 0.6268349180710593, 0
AM, 12576791018.978777, 2633771.321151587, 2020-03-19, 36.65708491251355, 83.2374826079894, 117.23907055661185, 0.5591269235515661, 0
AM, 16348026177.891794, 3644341.2061197674, 2020-03-16, 73.78237316031402, 38.51761423569966, 233.12681325318508, 0.7206199298996336, 0
AM, 16738589402.295572, 2039129.7936867438, 2020-03-18, 147.94764007367968, 248.7550832711029, 220.8280942926636, 0.7344641838597215, 0
AM, 14019835260.169638, 3230996.298286962, 2020-03-23, 60.039255721934175, 75.03501039821734, 78.56831737264919, 0.6325325837943093, 0
AM, 10003829092.446898, 3214114.1552956887, 2020-03-19, 152.53486917134194, 36.89025766534743, 53.3620210501575, 0.5384609120443066, 0
AM, 5503754576.986452, 2681031.454346936, 2020-03-17, 63.043898198323845, 196.33459233028842, 225.52725581241913, 0.23866727763794707, 0
AM, 16727840621.796211, 3826964.129688613, 2020-03-18, 96.8135443406328, 91.60935243596649, 175.89816643475814, 0.7404282906933966, 0
AM, 7282008518.233738, 2342376.9199895505, 2020-03-16, 16.60546470099275, 51.2728112598333, 154.15086488842877, 0.37941839509989506, 0
AM, 578385009.0449666, 2485354.854872694, 2020-03-22, 180.50304367347889, 55.369469022238825, 172.04828288406196, 0.616347301972686, 0
AM, 14393043681.312408, 1874691.464601737, 2020-03-22, 191.44322454066537, 56.81258371418371, 72.03200192532717, 0.6554177579056517, 0
AM, 13268526984.020267, 3138598.36466912, 2020-03-22, 212.15076613931507, 46.29017266520827, 150.8930314345842, 0.5870929086805994, 0
AM, 13501850487.18392, 2995694.6608189647, 2020-03-20, 215.58872512239606, 95.63392869069148, 181.0848222700029, 0.596027007907359, 0
AM, 77706234.45551363, 1981309.538530687, 2020-03-16, 154.8153463543699, 42.10679790358273, 134.13703809641038, 0.5706752737337283, 0
AM, 4770049122.249844, 2690315.469622489, 2020-03-21, 245.25095303875386, 198.93466893988938, 34.18335502456163, 0.214181163926611, 0
AM, 12334367391.122276, 1931845.697320201, 2020-03-18, 178.22123645135585, 89.59401521979079, 4.554609903009432, 0.7368720943846117, 0
AM, 18360032946.754864, 2852394.9330703965, 2020-03-23, 44.902878467208126, 47.731485419210706, 90.62631976828334, 0.823085078702952, 0
AM, 507346458.2810099, 2017989.2341575334, 2020-03-22, 232.73775512387078, 156.07695163333258, 157.3017359600859, 0.3276549987168937, 0
AM, 11883766778.912777, 2161116.1194042587, 2020-03-16, 237.00869403333607, 246.98554231179045, 56.93636155315619, 0.5320198763867108, 0
AM, 6026143873.849878, 1532337.8229690306, 2020-03-17, 198.83431607221488, 115.1771550868371, 86.32812858259963, 0.4413393212724932, 0
AM, 6671757854.771225, 2515276.15116922, 2020-03-23, 199.1915500180751, 199.30118480881228, 193.86587363663074, 0.29947758861223067, 0
AM, 14505855825.717796, 1872110.8949990747, 2020-03-19, 112.82667932996662, 141.62104043581252, 212.28391819568216, 0.6348936652173419, 0
AM, 6266739945.377584, 3250694.8580080443, 2020-03-16, 116.8836442271812, 160.1960143844174, 109.58967643708527, 0.27938467930392125, 0
AM, 5642998677.645389, 2729775.448372202, 2020-03-20, 223.73081288660205, 86.31715178675422, 90.31904832989751, 0.3614727205536925, 0
AM, 14050844620.291513, 2378637.3384084953, 2020-03-20, 195.26411188892718, 64.81119709074157, 78.3416606280244, 0.628096537722546, 0
AM, 7570600740.281877, 2905088.4807628235, 2020-03-20, 40.7796597669019, 76.98059146102536, 66.18769805322916, 0.3354678292821437, 0
AM, 10172206418.500336, 1378983.2350339035, 2020-03-19, 41.20074992952161, 81.85129728440022, 149.9588420823691, 0.4449907694485256, 0
AM, 9377255035.870892, 1296554.9965059764, 2020-03-22, 80.40691150873239, 14.859051922802596, 61.2350101689282, 0.4167048251399591, 0
AM, 12463570387.51609, 2085081.5889343526, 2020-03-17, 54.28779100994586, 23.24150705974655, 240.723286178491, 0.5472388772293553, 0
AM, 11573236896.767084, 3422246.941605215, 2020-03-22, 75.92953418700804, 134.08955594775034, 232.38030831451292, 0.5082949840938519, 0
AM, 13035981037.911001, 2710210.2238481366, 2020-03-22, 112.20879129174719, 207.76069394058914, 3.160666579296728, 0.594912592512543, 0
AM, 7188933016.055104, 3400506.795571314, 2020-03-16, 36.65708491251355, 83.2374826079894, 163.78991717729454, 0.31690029039462775, 0
AM, 18394643500.01557, 3644341.2061197674, 2020-03-16, 128.05743634743496, 119.2060385808297, 64.04930427407562, 0.8267913848831747, 0
AM, 15717100232.125134, 2704615.0830470407, 2020-03-23, 148.8751383454885, 185.55113388802928, 230.4534125280514, 0.6980861899152366, 0
AM, 7621220826.308913, 3921180.688145874, 2020-03-19, 53.16317897474104, 70.31932569221478, 84.42218133290646, 0.3442093206171065, 0
AM, 4969717109.636388, 2316503.17900498, 2020-03-21, 212.2111616177988, 36.89025766534743, 117.45376068151124, 0.4113929726069292, 0
AM, 12043668670.45505, 3989694.1843046425, 2020-03-17, 241.9441542403199, 50.82847893009702, 210.0930608984599, 0.5323660739456033, 0
AM, 16462426543.333559, 2069967.2530474155, 2020-03-16, 96.8135443406328, 129.84680261776157, 59.03557006215167, 0.7654602092351497, 0
AM, 6538486857.392127, 1670703.4132900545, 2020-03-23, 84.60873256307758, 22.1874883731607, 216.96633745820068, 0.2842665747843929, 0
AM, 14013700017.137646, 2294726.2861618577, 2020-03-22, 232.67942332624483, 143.52482356923875, 172.04828288406196, 0.616347301972686, 0
AM, 11020525558.258354, 1465154.5301476866, 2020-03-22, 71.57762742787999, 205.87423930372006, 81.35877011654613, 0.49698846462675594, 0
AM, 1012522546.2415594, 2741592.866074029, 2020-03-18, 220.88161125807213, 190.11748692663693, 199.32498800593683, 0.24962884860350604, 0
AM, 13005544868.282238, 1626407.87077598, 2020-03-17, 61.26207244726699, 42.51860650619044, 71.56344603428379, 0.6160825656975759, 0
AM, 599154940.2924856, 2977224.459759264, 2020-03-21, 88.5173951283462, 42.10679790358273, 117.25980775405523, 0.5706752737337283, 0
AM, 8118380523.399797, 4056199.7880267026, 2020-03-21, 222.0816030899145, 9.002991390277437, 38.61297771001496, 0.3660790028110234, 0
AM, 6634087209.223383, 1931845.697320201, 2020-03-16, 178.22123645135585, 168.12190395841526, 53.43316244455932, 0.295522978975117, 0
AM, 8927386005.651375, 1680452.441856466, 2020-03-21, 109.32496664578106, 116.75432912467856, 90.62631976828334, 0.39645926399913667, 0
AM, 731961933.3923129, 2017989.2341575334, 2020-03-18, 236.46188370125347, 183.22474242603255, 52.92353794724303, 0.27348560340728906, 0
AM, 10602744915.340792, 1835488.7901649515, 2020-03-20, 28.94445944612725, 246.98554231179045, 56.93636155315619, 0.4741082376082512, 0
AM, 7964012203.812883, 1938892.016847298, 2020-03-17, 67.9816532579676, 102.02377758043089, 5.267809091362485, 0.36382037178741444, 0
AM, 6548683300.173959, 3402583.2080392875, 2020-03-21, 38.762420119397206, 240.7387632162429, 37.98611333191998, 0.29947758861223067, 0
AM, 407677777.73242563, 3374416.3803654034, 2020-03-18, 238.0052887855497, 168.9126749428366, 39.97828221206687, 0.26298481661811374, 0
AM, 12993941377.09166, 3090028.49205805, 2020-03-16, 116.8836442271812, 106.9594021692282, 112.76776908253528, 0.5752448499212344, 0
AM, 2519815199.906573, 1881270.8049414176, 2020-03-16, 77.9692361153601, 39.726005487079, 155.27067560592732, 0.2778194628534115, 0
AM, 5761029461.566397, 1454875.3464533307, 2020-03-16, 228.16413891910278, 16.198230930439767, 177.20597180570607, 0.24695129265162893, 0
AM, 14800560224.14046, 2905088.4807628235, 2020-03-17, 121.67042899497591, 29.086361307820496, 53.870755851622086, 0.6615782390386915, 0
AM, 9517452671.38079, 3555171.831661002, 2020-03-22, 134.52156133476615, 187.4619488703956, 49.591976356215206, 0.4449907694485256, 0
AM, 8100881678.861471, 3611737.853249982, 2020-03-22, 147.09390413162396, 31.002137347806762, 84.57078607061341, 0.7884208452462718, 0
AM, 7630839315.835634, 2827319.521206818, 2020-03-22, 67.03533756111469, 207.2044225126529, 225.12480656861322, 0.8071964386503383, 0
AM, 11112677735.832119, 3769658.798770179, 2020-03-16, 89.21675876720708, 72.45861462639719, 140.95879357914492, 0.516968134850273, 0
AM, 6434177105.517444, 2705931.6785628153, 2020-03-20, 66.05481673856981, 93.21458923409034, 4.391518011700263, 0.833097343430109, 0
AM, 531533475.6934401, 1515405.1395606967, 2020-03-17, 159.69519965373775, 83.2374826079894, 58.760069336121376, 0.3887609994747375, 0
AM, 291873466.9634911, 2078757.5239067446, 2020-03-21, 233.79376913844845, 198.93935113278368, 64.04930427407562, 0.5714928499441245, 0
AM, 4246223141.0522327, 2929215.7724410305, 2020-03-18, 6.352109861634106, 83.60133465301703, 167.43499041533616, 0.3437798621601926, 0
AM, 12397496614.570848, 2390589.1628337814, 2020-03-19, 171.03364685258103, 42.317102775223965, 151.51461669512292, 0.6127638529480443, 0
AM, 16202500982.966118, 1365333.750163876, 2020-03-21, 18.300322578971898, 74.36307192672642, 101.23751166844144, 0.7207141567396693, 0
AM, 4001518414.4003215, 2800650.3928067763, 2020-03-23, 90.05340433468405, 179.80197087155733, 112.74657537244116, 0.20453033379381486, 0
AM, 11844281854.774189, 3826964.129688613, 2020-03-22, 3.5784790504021364, 129.84680261776157, 43.488175174960396, 0.6392213543666476, 0
AM, 84934178.95886618, 1398382.2399730324, 2020-03-22, 29.379948658408633, 173.7403056275011, 154.15086488842877, 0.6802632660966896, 0
AM, 18027534833.175232, 2145622.8291843603, 2020-03-21, 180.50304367347889, 55.369469022238825, 90.21151070538824, 0.8058815969093822, 0
AM, 7941268210.616501, 2220893.4664987633, 2020-03-23, 186.86111118634528, 56.81258371418371, 162.9995185068671, 0.34827421017971477, 0
AM, 18039654551.42333, 2463604.7590625696, 2020-03-21, 98.94484860565818, 190.11748692663693, 154.27970464255336, 0.7942415725476608, 0
AM, 1453865132.2516308, 1626407.87077598, 2020-03-17, 36.40518551922003, 42.51860650619044, 71.56344603428379, 0.3672390561594746, 0
AM, 63631597.243554994, 3030303.5265125176, 2020-03-22, 200.09020174289898, 123.19668086923963, 81.57164951438736, 0.6200410743055865, 0
AM, 6804988585.306726, 2210178.8277483806, 2020-03-21, 1.3545356338340795, 178.35641008841773, 34.18335502456163, 0.30466181445222584, 0
AM, 6638597268.708022, 2490503.6475132843, 2020-03-16, 169.69715376857593, 168.12190395841526, 139.47287629356146, 0.295522978975117, 0
AM, 8950678116.289957, 1680452.441856466, 2020-03-20, 157.88410102714997, 116.75432912467856, 96.13727657367595, 0.39645926399913667, 0
AM, 10331753251.458513, 3473887.6693728827, 2020-03-20, 57.651104389854154, 177.19899046257675, 231.42184138295846, 0.4807908234267338, 0
AM, 9004504849.344658, 3153162.476571263, 2020-03-17, 211.86493146967481, 246.98554231179045, 56.93636155315619, 0.4457360138363069, 0
AM, 11973906989.155237, 2544538.9575534957, 2020-03-17, 67.9816532579676, 140.9484407285669, 248.71671828126185, 0.7107737832389638, 0
AM, 185844910.18538326, 1778002.2198961112, 2020-03-20, 186.79916849664278, 240.7387632162429, 193.86587363663074, 0.29947758861223067, 0
AM, 16002299991.417656, 2535181.421153582, 2020-03-20, 30.5345506081999, 199.98046449069597, 26.333738005071577, 0.7869617287728348, 0
AM, 351295246.6896469, 3250694.8580080443, 2020-03-17, 100.53443379511398, 160.1960143844174, 207.04748268381977, 0.22681572563809543, 0
AM, 11426104973.898039, 1276447.8117596228, 2020-03-20, 181.0780735494975, 71.79577981243773, 33.02435561368417, 0.511671319996906, 0
AM, 5338220489.005543, 2378637.3384084953, 2020-03-22, 248.26662384948472, 216.35333237399811, 54.28453185801577, 0.24695129265162893, 0
AM, 376892280.6004935, 2905088.4807628235, 2020-03-22, 46.96995544330176, 29.086361307820496, 149.99371323870545, 0.47251218938599576, 0
AM, 208356702.75666976, 2907132.102372359, 2020-03-16, 31.511252923434014, 171.82349156019478, 159.73243008064807, 0.41451948123754306, 0
AM, 14589967283.24874, 3349824.6552298265, 2020-03-22, 110.3868799817194, 118.96023499622362, 99.23638279676891, 0.653220430081616, 0
AM, 11674995836.506178, 1761721.4473264264, 2020-03-17, 105.4428216866904, 247.78705448952243, 60.13755192122559, 0.5234314321527789, 0
AM, 11308033793.77499, 3317833.838997979, 2020-03-17, 178.8167111398199, 46.17142347545413, 73.81010835502497, 0.5082949840938519, 0
AM, 12520315426.568325, 2733943.52518777, 2020-03-23, 231.9307337193671, 151.77428016802563, 203.79592162268446, 0.5499270017965612, 0
AM, 10588548292.58834, 1671555.291994404, 2020-03-20, 159.69519965373775, 51.95858572421416, 206.6380695777801, 0.4733852095352305, 0
AM, 379948485.6499225, 1483853.6560240088, 2020-03-17, 21.691446165655936, 38.51761423569966, 116.2702158566391, 0.4157077082466387, 0
AM, 7731656373.906892, 2929215.7724410305, 2020-03-20, 6.352109861634106, 230.71245964380032, 213.60723450910376, 0.3437798621601926, 0
AM, 7650833000.404637, 3921180.688145874, 2020-03-17, 106.60878400057807, 70.31932569221478, 103.67685255677637, 0.3442093206171065, 0
AM, 111161778.11812365, 2248357.289883168, 2020-03-21, 187.77136534339888, 186.14934943951442, 124.9486978983816, 0.4113929726069292, 0
AM, 7908851813.086614, 1940299.4561103187, 2020-03-22, 58.884360192792975, 100.08517581562171, 112.74657537244116, 0.3763223610022012, 0
AM, 8646291181.749199, 3826964.129688613, 2020-03-20, 177.24159353381393, 41.577585338560645, 190.43438040502042, 0.3812854419110986, 0
AM, 9358904084.734684, 1398382.2399730324, 2020-03-18, 29.379948658408633, 80.70407877203004, 26.653043152395202, 0.41651807757240644, 0
AM, 13853830355.195108, 2296377.5869030384, 2020-03-19, 232.8199273517429, 55.369469022238825, 172.04828288406196, 0.616347301972686, 0
AM, 9884700334.952755, 2220893.4664987633, 2020-03-20, 141.60170794885067, 56.81258371418371, 31.40520116029359, 0.5778936865933231, 0
AM, 4581033591.117561, 2884166.3103900617, 2020-03-20, 220.88161125807213, 140.38097146047608, 36.51086534891179, 0.20238352290486955, 0
AM, 405518129.6514492, 1626407.87077598, 2020-03-23, 36.40518551922003, 42.51860650619044, 59.67934091211651, 0.656758765686315, 0
AM, 8083098511.31488, 3030303.5265125176, 2020-03-17, 200.09020174289898, 45.750878212936136, 81.57164951438736, 0.45971933816043686, 0
AM, 4764188466.8239155, 2210178.8277483806, 2020-03-17, 57.519836893546966, 235.96120510893908, 28.891387941304718, 0.214181163926611, 0
AM, 4600105200.169519, 1925173.2190927672, 2020-03-16, 146.47838909063344, 77.55503726495475, 53.43316244455932, 0.2076586542731946, 0
AM, 8856457321.593298, 2110366.0390087045, 2020-03-21, 71.99088135526037, 51.95340140350624, 90.62631976828334, 0.39645926399913667, 0
AM, 4215928986.5528474, 3442460.3804611564, 2020-03-20, 146.98179705543572, 37.303987273094656, 120.4044049752225, 0.5872256211670178, 0
AM, 12957416468.249718, 2493942.885543545, 2020-03-21, 23.917340547049303, 246.98554231179045, 34.77267777776606, 0.5863959487145103, 0
AM, 4667251410.206702, 3809608.490589942, 2020-03-18, 232.11458535433766, 130.4239644343964, 211.5064561808726, 0.202008345481175, 0
AM, 5811794750.731502, 1778002.2198961112, 2020-03-20, 34.72423060834154, 240.7387632162429, 193.86587363663074, 0.29947758861223067, 0
AM, 14066293478.396088, 2973337.0597183867, 2020-03-20, 100.31751069125707, 174.73409904396985, 203.08333984387832, 0.6312840868285272, 0
AM, 5060763090.595415, 2423064.9576921286, 2020-03-20, 77.7334537006298, 60.77808499462847, 24.608612118931077, 0.22681572563809543, 0
AM, 11001878287.23715, 1881270.8049414176, 2020-03-20, 209.98319286808547, 21.73377140813982, 90.31904832989751, 0.4873309395804075, 0
AM, 5691706183.461798, 3968975.4841766404, 2020-03-17, 117.66167165615497, 216.35333237399811, 85.06919137006288, 0.25237427524069683, 0
AM, 8258828826.801883, 2226941.978547012, 2020-03-22, 79.71418873774697, 29.086361307820496, 149.99371323870545, 0.3660329089403995, 0
AM, 9193405959.19176, 2907132.102372359, 2020-03-21, 225.8455383953662, 171.82349156019478, 72.56993596982048, 0.41451948123754306, 0
AM, 3701014717.5288196, 2397535.0823640674, 2020-03-17, 108.02338197848447, 34.9930841628847, 61.2350101689282, 0.3452371823722523, 0
AM, 4382765874.900015, 2228864.9997388525, 2020-03-17, 15.39002287431642, 152.90619326665245, 71.93810555453432, 0.6360602488859712, 0
AM, 11675249715.023214, 1565727.6398204255, 2020-03-22, 89.21675876720708, 129.40990993259587, 232.38030831451292, 0.5082949840938519, 0
AM, 5769532320.1933155, 2989148.600608715, 2020-03-23, 146.6795901929206, 100.25806894371392, 142.46307068486823, 0.5479475835195576, 0
AM, 6155163991.894462, 2313797.027431653, 2020-03-17, 131.81975581716185, 83.2374826079894, 134.161282421678, 0.3887609994747375, 0
AM, 8593580770.37565, 2876612.5384776657, 2020-03-19, 105.03305675299859, 126.69290099865033, 214.1391388863406, 0.3784548910674368, 0
AM, 15228999107.630447, 2065439.7649467085, 2020-03-20, 53.222561930981755, 104.16190997124203, 167.43499041533616, 0.6703151186196894, 0
AM, 7930650823.284565, 1437275.2833042347, 2020-03-21, 129.19435211550282, 93.99802336031684, 229.94779865937744, 0.3442093206171065, 0
AM, 16691560953.718004, 2248357.289883168, 2020-03-22, 132.6629959817398, 92.97106081389052, 124.9486978983816, 0.7420403540218221, 0
AM, 3722057553.8115907, 3077967.7208501836, 2020-03-23, 121.5694228648029, 179.80197087155733, 105.84103267821136, 0.5253941401319306, 0
AM, 8019454424.857344, 3454587.4578337483, 2020-03-18, 150.35503419876818, 199.52334543082497, 137.8598642845635, 0.35343887903750804, 0
AM, 1202267452.1247995, 1398382.2399730324, 2020-03-22, 65.34897400516138, 115.67506439009422, 146.8490950747673, 0.32852689421386005, 0
AM, 10087687175.78157, 3061228.242399294, 2020-03-21, 217.8709837624516, 55.369469022238825, 172.04828288406196, 0.4450413562513309, 0
AM, 7945359032.631152, 1508928.4463525168, 2020-03-16, 222.60982486000555, 201.47124992674898, 211.25799966557636, 0.34827421017971477, 0
AM, 212139724.6332817, 3006502.778993224, 2020-03-18, 220.88161125807213, 190.11748692663693, 112.35797032776733, 0.7587120900916724, 0
AM, 10031838564.185383, 3604330.5337312613, 2020-03-19, 212.22986434552826, 146.7082106871231, 141.15595204647548, 0.44742606676080526, 0
AM, 2411123932.8307714, 3844155.235749959, 2020-03-22, 30.52608624622971, 123.19668086923963, 147.8924597813519, 0.6200410743055865, 0
AM, 13304112592.5198, 2210178.8277483806, 2020-03-17, 144.60615183342273, 199.07231963776653, 59.87070587827389, 0.5957038318066358, 0
AM, 15709723929.086355, 2773076.01080456, 2020-03-19, 106.60298518270238, 77.55503726495475, 74.83479231216249, 0.7080507161308582, 0
AM, 6295364511.942792, 2110366.0390087045, 2020-03-19, 70.67856225392991, 51.95340140350624, 120.68968740221331, 0.28409391178415366, 0
AM, 13701185992.504515, 2017989.2341575334, 2020-03-19, 57.651104389854154, 156.07695163333258, 164.59803657930107, 0.6031537338603972, 0
AM, 6988792496.363281, 3720668.696186783, 2020-03-17, 156.88073473410017, 5.296932515936464, 137.45837087631318, 0.3098832486455387, 0
AM, 14152926956.466705, 1900522.515242902, 2020-03-16, 13.424745258300078, 149.79609692007793, 62.58375154579014, 0.7143301741213797, 0
AM, 7907253824.994848, 2305601.231375741, 2020-03-20, 92.7258405904442, 170.12400518148783, 140.29466183668555, 0.3629953655186483, 0
AM, 5223144942.77979, 1872110.8949990747, 2020-03-20, 153.5036376164788, 37.39501180419236, 227.20992350879692, 0.2262010430073846, 0
AM, 5119738969.647413, 3280906.195845281, 2020-03-19, 100.53443379511398, 160.1960143844174, 185.07392713446797, 0.22681572563809543, 0
AM, 15737671726.792965, 1872938.0496973847, 2020-03-20, 42.50097669706575, 71.79577981243773, 189.58600763556137, 0.7299968302955726, 0
AM, 5604196408.635862, 1707364.9076355728, 2020-03-20, 117.66167165615497, 216.35333237399811, 85.06919137006288, 0.24695129265162893, 0
AM, 17475547197.5983, 1592887.2207866025, 2020-03-20, 204.70153306860973, 241.63956914518488, 63.35958723995752, 0.7868589914778621, 0
AM, 7362634421.102819, 2907132.102372359, 2020-03-16, 31.511252923434014, 171.82349156019478, 159.73243008064807, 0.41451948123754306, 0
AM, 13351267319.124352, 3225081.222294194, 2020-03-22, 181.33704820737762, 116.78191970870279, 171.078934438496, 0.6995422463761909, 0
AM, 15459776896.597422, 2380893.301628371, 2020-03-18, 0.9867762143683095, 4.009110003221794, 93.95025656257197, 0.7073346916219916, 0
AM, 6592646272.13022, 2045057.2272140214, 2020-03-22, 116.5955508928608, 1.1651831759596776, 101.2104620707637, 0.7243672184112717, 0
AM, 12121774710.793337, 1891604.8599050373, 2020-03-19, 131.60514125293133, 76.72530355743385, 3.160666579296728, 0.5511760803609076, 0
AM, 16576011852.704567, 1309249.9894209632, 2020-03-19, 206.48421732427036, 129.3987567240529, 58.760069336121376, 0.7385512242207553, 0
AM, 13610889670.316961, 3644341.2061197674, 2020-03-18, 25.229376637789624, 175.45166246269943, 134.80540340825408, 0.6084962987785406, 0
AM, 5259379936.4765415, 2670866.493527634, 2020-03-18, 6.352109861634106, 3.7185566094913582, 167.43499041533616, 0.23276638652365955, 0
AM, 11117886.831742201, 2110076.674138191, 2020-03-22, 59.49491156525359, 70.31932569221478, 134.15654678653868, 0.32152499943667234, 0
AM, 12641350426.129702, 2248357.289883168, 2020-03-19, 221.71186452028124, 143.9631249124039, 25.553012812326692, 0.5736659645178279, 0
AM, 11440587531.172369, 2592361.3037521895, 2020-03-23, 143.3087553563197, 68.18629087551972, 105.84103267821136, 0.5253941401319306, 0
AM, 15620032877.622974, 3578278.5898674848, 2020-03-17, 45.78040028431199, 116.92747323577282, 97.85961609346602, 0.7654602092351497, 0
AM, 9489084744.624325, 2932870.2007531947, 2020-03-22, 214.97730463652775, 16.832094731525416, 7.377727298772008, 0.43203864678041426, 0
AM, 17063116433.582323, 2485354.854872694, 2020-03-20, 180.50304367347889, 141.97757496756913, 172.04828288406196, 0.7551695328359438, 0
AM, 8947447006.697197, 4042806.390786906, 2020-03-20, 186.86111118634528, 69.36513425175131, 19.46619096149439, 0.414752898650495, 0
AM, 16814479577.10771, 2161535.72825116, 2020-03-17, 220.88161125807213, 155.9196448950399, 219.7864146642851, 0.7587120900916724, 0
AM, 11019867566.424166, 3808071.9564187834, 2020-03-21, 226.250820232441, 42.51860650619044, 59.67934091211651, 0.7360990684272004, 0
AM, 13900132103.718948, 2868727.045606425, 2020-03-22, 26.659103365932356, 35.41329376053172, 181.09716430303297, 0.6200410743055865, 0
AM, 6461415680.011766, 2210178.8277483806, 2020-03-17, 128.40079552622458, 211.96750472183294, 129.7855871227425, 0.34403124672926566, 0
AM, 4682541519.633541, 1925173.2190927672, 2020-03-23, 233.55717017495647, 77.55503726495475, 53.43316244455932, 0.2076586542731946, 0
AM, 6955905720.556466, 2110366.0390087045, 2020-03-20, 177.3044137748111, 32.03082568942133, 120.68968740221331, 0.3066854785631916, 0
AM, 2007885305.8919578, 1247107.3174459685, 2020-03-22, 34.57900818063287, 185.24240614395111, 120.4044049752225, 0.3062181665026985, 0
AM, 9496146251.779045, 1835488.7901649515, 2020-03-19, 105.99888209691142, 173.45935640028878, 56.93636155315619, 0.42508110531840676, 0
AM, 5548909892.66596, 2653216.8876593392, 2020-03-17, 67.9816532579676, 142.99287402508958, 66.79484463818164, 0.2445209784115814, 0
AM, 13082585440.440279, 2788409.9604254467, 2020-03-20, 186.79916849664278, 240.7387632162429, 84.60648793940823, 0.5845956295388479, 0
AM, 14029500548.178682, 1357004.754543884, 2020-03-20, 239.82503069512444, 182.24908787052524, 30.244600433613073, 0.6312840868285272, 0
AM, 6956805880.984269, 2681860.6280383524, 2020-03-17, 100.53443379511398, 170.65991659753337, 207.04748268381977, 0.3689000984495361, 0
AM, 10866876042.263342, 1881270.8049414176, 2020-03-20, 86.97838564756921, 78.68925275308861, 36.926278769329876, 0.5937381197601087, 0
AM, 7123420834.668028, 2378637.3384084953, 2020-03-17, 226.56439185360617, 216.35333237399811, 44.88089448993603, 0.8037622966857925, 0
AM, 358182604.5111332, 2369138.3496267023, 2020-03-20, 104.51386965184328, 132.51837081733098, 9.319469340873201, 0.4906378044879886, 0
AM, 65471078.65582912, 1748100.0099394796, 2020-03-16, 163.39582972640366, 46.658789860694775, 145.46129289806328, 0.41451948123754306, 0
AM, 67628813.06793831, 3259036.2588978997, 2020-03-22, 191.68480588036016, 222.85343986997924, 217.42339011702396, 0.6999468161789824, 0
AM, 14400485570.928097, 1588008.0151503186, 2020-03-20, 192.35440479251398, 78.60429921573883, 98.54900737543211, 0.6360602488859712, 0
AM, 223144031.53508312, 1937458.1203719527, 2020-03-17, 222.82950129718716, 46.17142347545413, 232.38030831451292, 0.4186811470099147, 0
AM, 17896774530.124977, 3418926.183319824, 2020-03-19, 93.52844396560938, 93.21458923409034, 3.160666579296728, 0.833097343430109, 0
AM, 16482148614.641882, 1687765.0874705226, 2020-03-18, 140.90474816462336, 83.2374826079894, 28.502411937838964, 0.7449725770502973, 0
AM, 10273922753.17312, 1344716.893438226, 2020-03-18, 0.07471906845330813, 38.51761423569966, 70.14814418011558, 0.45537306039363007, 0
AM, 338167626.447534, 2314536.350035064, 2020-03-18, 117.66176745180648, 83.60133465301703, 144.938812523386, 0.4799782245578071, 0
AM, 7253617852.408396, 3209415.650090197, 2020-03-23, 244.45527244716394, 227.94925904142184, 134.15654678653868, 0.32152499943667234, 0
AM, 235074368.52259642, 4083409.020777981, 2020-03-20, 218.38038590009788, 210.70069781386746, 11.878276532412691, 0.24198843836361833, 0
AM, 6929060393.537511, 2503438.0022468194, 2020-03-20, 121.5694228648029, 179.80197087155733, 132.98728100796595, 0.8482929565325898, 0
AM, 799141042.3108109, 2690447.17460832, 2020-03-23, 96.8135443406328, 63.216035530362284, 46.016624218452804, 0.23734548975514663, 0
AM, 15092298349.462402, 3188160.6954605347, 2020-03-22, 198.09945141232478, 191.6589070981914, 121.36072573221448, 0.7012660120376422, 0
AM, 13932771587.146664, 2111541.853288627, 2020-03-20, 139.20914484479803, 215.39130848160607, 172.04828288406196, 0.616347301972686, 0
AM, 14895330254.983282, 2359062.353027612, 2020-03-23, 239.01831244371203, 193.4424648218635, 38.90010227362459, 0.6718117890568907, 0
AM, 9047739767.67174, 2172399.3868917148, 2020-03-18, 1.170971652813213, 189.43089427289587, 81.00089439801772, 0.4043661960963665, 0
AM, 5076889712.583571, 1603261.5705614479, 2020-03-18, 111.62217003124826, 42.51860650619044, 59.67934091211651, 0.22549170199117596, 0
AM, 13098549812.026194, 2390194.5058665825, 2020-03-22, 200.09020174289898, 231.17235183623401, 81.57164951438736, 0.6200410743055865, 0
AM, 4896182312.535201, 1301813.12097952, 2020-03-23, 222.0816030899145, 1.1171606766395419, 150.5034422004049, 0.214181163926611, 0
AM, 15155640842.277315, 2974326.369381098, 2020-03-16, 146.47838909063344, 77.55503726495475, 68.13750833058943, 0.7235674574562148, 0
AM, 7016811541.964509, 2110366.0390087045, 2020-03-20, 70.67856225392991, 51.95340140350624, 115.9673023514762, 0.4994996190327633, 0
AM, 5391389560.14705, 3036308.376034969, 2020-03-23, 20.43959151990026, 87.67008222733006, 86.35113476185921, 0.5872256211670178, 0
AM, 8362085503.947339, 2008082.863483595, 2020-03-21, 132.73684603794288, 181.38425400565845, 202.64628900028134, 0.4170600670383614, 0
AM, 8248308652.721548, 2718974.893993163, 2020-03-17, 168.57227973567876, 186.4637864310321, 225.0740969635544, 0.36382037178741444, 0
AM, 6855704623.339213, 1778002.2198961112, 2020-03-18, 144.54801503895106, 240.7387632162429, 193.86587363663074, 0.29947758861223067, 0
AM, 5512432145.77278, 1652108.7977957265, 2020-03-20, 146.5413228854347, 37.39501180419236, 30.96758774121019, 0.2462809368673029, 0
AM, 8266478229.849236, 2149558.656243175, 2020-03-21, 63.045290247325276, 0.9029135899449314, 207.04748268381977, 0.3595078621090382, 0
AM, 349798035.7460689, 1770275.1567520993, 2020-03-20, 230.8342890187936, 45.32844302683429, 90.31904832989751, 0.5098620417733633, 0
AM, 5451612657.146464, 2378637.3384084953, 2020-03-23, 123.02555691881871, 112.41526180146454, 126.22338625133555, 0.24695129265162893, 0
AM, 422044363.9512762, 2369138.3496267023, 2020-03-22, 203.11870639851068, 132.51837081733098, 9.319469340873201, 0.7217634782119438, 0
AM, 8613259457.025179, 1748100.0099394796, 2020-03-16, 163.39582972640366, 130.47471458777807, 95.06545060616956, 0.7110864356718811, 0
AM, 12096562116.57139, 1680604.3932872058, 2020-03-19, 191.68480588036016, 222.85343986997924, 245.56020320592847, 0.5287262663646699, 0
AM, 14187065122.593935, 2466622.776624035, 2020-03-19, 18.90137664077071, 44.41918030461096, 93.95025656257197, 0.6360602488859712, 0
AM, 16339306881.308468, 2731525.6325540924, 2020-03-18, 110.86889887840584, 152.49631372831416, 232.38030831451292, 0.7206292067202553, 0
AM, 4899079244.849373, 2656607.3006081088, 2020-03-17, 49.644286044686055, 13.25163455551756, 179.8075547335316, 0.21222677476660787, 0
AM, 2516562511.3396826, 3605426.370125653, 2020-03-17, 153.88244071982768, 161.38243901955929, 210.11172069741943, 0.8360196087553347, 0
AM, 7785314130.44098, 3644341.2061197674, 2020-03-16, 64.93564166890674, 10.172719010097781, 64.04930427407562, 0.3510185182627874, 0
AM, 2122421120.4342365, 3326582.7628447544, 2020-03-17, 218.07098183547834, 82.38537015039873, 144.938812523386, 0.494379793810247, 0
AM, 4280688349.795227, 3297051.215370185, 2020-03-21, 59.49491156525359, 70.31932569221478, 134.15654678653868, 0.34475645153640533, 0
AM, 18090263561.07312, 2151751.116204611, 2020-03-21, 187.77136534339888, 186.14934943951442, 124.9486978983816, 0.8085721220554605, 0
AM, 6800944340.105693, 1769739.1185535241, 2020-03-23, 121.5694228648029, 179.80197087155733, 156.06327557358358, 0.2973978155573369, 0
AM, 16874987073.229694, 2172225.310165886, 2020-03-18, 201.56013175980897, 156.64662316360884, 43.488175174960396, 0.7654602092351497, 0
AM, 6338085389.591577, 3151499.444476255, 2020-03-22, 218.88979239748616, 60.593895310171256, 154.15086488842877, 0.2810591397784197, 0
AM, 10042088359.203249, 2035881.6417526668, 2020-03-18, 180.50304367347889, 208.88996361467235, 172.04828288406196, 0.4462477560317453, 0
AM, 11633118057.874626, 1872284.5098333196, 2020-03-19, 240.94754864460245, 56.81258371418371, 162.9995185068671, 0.5108346491310691, 0
AM, 17214601153.506924, 3693690.5366953667, 2020-03-21, 151.63986736391456, 190.11748692663693, 112.35797032776733, 0.794184886245447, 0
AM, 13536788929.086811, 1626407.87077598, 2020-03-22, 130.89228287179046, 42.51860650619044, 64.8204263736833, 0.7260806560003663, 0
AM, 13870343439.127274, 3030303.5265125176, 2020-03-21, 248.33406172988393, 11.772150426248102, 81.57164951438736, 0.6200410743055865, 0
AM, 3168283762.286566, 2390855.082637453, 2020-03-23, 167.275292164431, 109.1843753301473, 20.884905936873256, 0.3224557843732241, 0
AM, 4698576020.832341, 1925173.2190927672, 2020-03-18, 125.37067699990173, 43.99719769595171, 93.91674289938446, 0.2076586542731946, 0
AM, 5990375616.469839, 3605540.3429285074, 2020-03-19, 239.95814834662434, 51.95340140350624, 120.68968740221331, 0.26295739155361425, 0
AM, 13631395288.163357, 1820455.9202821392, 2020-03-22, 172.35239818996527, 156.07695163333258, 38.47830260286328, 0.6869089379637701, 0
AM, 1005781572.4414022, 1835488.7901649515, 2020-03-22, 71.04226635413161, 101.6450789564204, 56.93636155315619, 0.48581187041974033, 0
AM, 17142029659.694536, 3326451.160618334, 2020-03-21, 197.13037920917293, 149.36661661701234, 248.71671828126185, 0.7534833195222679, 0
AM, 3336824840.9432287, 2654038.2269488405, 2020-03-20, 186.79916849664278, 111.59530239064422, 178.0254829120018, 0.6392886865202534, 0
AM, 17367413549.008728, 1872110.8949990747, 2020-03-20, 232.94238376356734, 37.39501180419236, 30.96758774121019, 0.7895528393387741, 0
AM, 11454582527.067358, 1930944.4688974712, 2020-03-17, 154.46652882768734, 160.1960143844174, 207.04748268381977, 0.500938786942405, 0
AM, 11557404597.799229, 1770275.1567520993, 2020-03-20, 230.8342890187936, 45.32844302683429, 196.53260689894546, 0.5098620417733633, 0
AM, 10057787009.589935, 4035302.799779715, 2020-03-20, 236.1328454653615, 216.35333237399811, 107.43409048949586, 0.4554762283853105, 0
AM, 8839834417.699732, 1531764.3349220355, 2020-03-16, 205.59586670371218, 132.51837081733098, 176.53573768655448, 0.38297931119374695, 0
AM, 7540749605.704217, 1748100.0099394796, 2020-03-17, 163.39582972640366, 46.658789860694775, 239.91253515692267, 0.3297934587278042, 0
AM, 8256811879.116597, 1300719.7686599111, 2020-03-19, 191.68480588036016, 119.31517390480315, 178.96975739704754, 0.35708408532818514, 0
AM, 12984215709.00063, 2689429.1317790374, 2020-03-18, 221.54777229999087, 219.2114166380146, 93.95025656257197, 0.575733795265867, 0
AM, 11170259655.918732, 1417047.153212361, 2020-03-17, 20.14715791992253, 67.74600617332685, 232.38030831451292, 0.4854284293206892, 0
AM, 18139621534.783955, 1248398.7660550831, 2020-03-23, 10.43041349214138, 238.7814188517301, 3.160666579296728, 0.833097343430109, 0
AM, 8150559631.5988455, 4025167.07809701, 2020-03-17, 127.27777491674827, 101.02784543215336, 178.2531124500194, 0.35811387437875253, 0
AM, 10376352480.56697, 1690402.2554796424, 2020-03-16, 25.229376637789624, 71.12142495664393, 64.04930427407562, 0.46565826660623, 0
AM, 6100688099.867897, 2314536.350035064, 2020-03-18, 92.39756902140167, 83.60133465301703, 72.10421809220824, 0.4799782245578071, 0
AM, 9928496138.075314, 2110076.674138191, 2020-03-16, 120.18552178028631, 3.2967052407423534, 134.15654678653868, 0.43936758790366526, 0
AM, 6342886248.751972, 2521805.9512403607, 2020-03-22, 199.5886424608572, 22.335085770714027, 192.92919399972004, 0.378172378466423, 0
AM, 11697371082.017054, 2969163.171538451, 2020-03-22, 82.37427195599798, 179.80197087155733, 105.84103267821136, 0.5253941401319306, 0
AM, 3185784447.5401278, 2168567.412907496, 2020-03-18, 4.085397538590052, 218.57366718477806, 159.21569091654686, 0.259483382746354, 0
AM, 782980306.5761031, 2815743.502426522, 2020-03-22, 29.379948658408633, 86.97706013287568, 33.505142453287476, 0.6802632660966896, 0
AM, 13747081268.753376, 1792715.9247942967, 2020-03-22, 41.548899745174424, 3.4029997787084696, 80.39362310875445, 0.616347301972686, 0
AM, 8232847609.039016, 1278038.53766551, 2020-03-16, 156.6021862728603, 56.81258371418371, 117.89298170491939, 0.36372737155938395, 0
AM, 17045840156.770824, 1521990.056029561, 2020-03-20, 7.367042125588797, 55.83412006137355, 130.3404413366684, 0.7587120900916724, 0
AM, 9206530875.877716, 3176513.5586793586, 2020-03-20, 43.35951164198438, 242.31754905684716, 69.67786200519757, 0.41302945186728496, 0
AM, 6990053483.174539, 3030303.5265125176, 2020-03-22, 46.128530870815084, 121.64234789423396, 81.57164951438736, 0.32104360577944413, 0
AM, 9421054394.838337, 1848984.6529986535, 2020-03-17, 67.32327311663344, 109.1843753301473, 221.40822941681023, 0.4115390199743135, 0
AM, 17008276875.33983, 1925173.2190927672, 2020-03-16, 56.28667386123065, 24.247680626315223, 56.91838916790896, 0.7635884674549953, 0
AM, 13326698731.045984, 3430995.416307089, 2020-03-17, 209.7268492871146, 52.83097516881861, 131.54058443161216, 0.596466705408405, 0
AM, 13228893293.18907, 1861443.3944090111, 2020-03-22, 201.40116997983927, 139.1064246720966, 114.22009982267362, 0.5872256211670178, 0
AM, 10904241687.687265, 1820996.391585447, 2020-03-22, 228.27070439293777, 9.182456288760243, 67.36100653054108, 0.48581187041974033, 0
AM, 14706952524.696583, 2715385.8857197673, 2020-03-23, 67.9816532579676, 115.1771550868371, 248.71671828126185, 0.643753410115746, 0
AM, 15974534856.546001, 2795638.391162341, 2020-03-20, 80.82839376128588, 240.7387632162429, 193.86587363663074, 0.7060462539004566, 0
AM, 8878214262.297688, 1872110.8949990747, 2020-03-19, 5.106361222516287, 37.39501180419236, 161.16418695009185, 0.6312840868285272, 0
AM, 5199255090.216594, 2190477.782759558, 2020-03-17, 59.73325302960921, 160.1960143844174, 207.04748268381977, 0.22681572563809543, 0
AM, 13789754693.994215, 1770275.1567520993, 2020-03-20, 227.56097699251796, 33.03228532802997, 83.88746400277007, 0.6113180560261822, 0
AM, 12691003804.823843, 2378637.3384084953, 2020-03-23, 238.40421108635343, 216.35333237399811, 85.06919137006288, 0.7346076212365606, 0
AM, 9988347146.873882, 2369138.3496267023, 2020-03-20, 27.96767459075157, 123.57222593417177, 154.40151730829666, 0.4482006601321775, 0
AM, 14864257022.164131, 2076976.5838595766, 2020-03-22, 163.39582972640366, 151.48158963249796, 145.46129289806328, 0.6575581464327138, 0
AM, 11270301103.648258, 2288858.0997363143, 2020-03-21, 206.26752381223403, 62.35818185080728, 69.23991923769995, 0.5040910624046193, 0
AM, 13992977534.61485, 2004747.3324932721, 2020-03-20, 226.64842111324486, 165.27966451838387, 7.7041883988241135, 0.6360602488859712, 0
AM, 15434511355.574545, 1937458.1203719527, 2020-03-17, 90.55241658188403, 27.689110756465393, 98.63702144465947, 0.6887900153261084, 0
AM, 10382611539.980955, 1710638.4673089809, 2020-03-19, 210.52301177065246, 53.488786608369004, 197.20591226032806, 0.4589575370302356, 0
AM, 12016291680.431967, 2666033.652666416, 2020-03-17, 159.69519965373775, 83.2374826079894, 240.05307053472686, 0.5267407440659329, 0
AM, 18126744299.98872, 3644341.2061197674, 2020-03-17, 25.229376637789624, 38.51761423569966, 18.754273281551708, 0.8267913848831747, 0
AM, 12690906838.993525, 2704537.477454736, 2020-03-22, 210.31428275806812, 58.733883749620325, 55.67942900232875, 0.5759522397934643, 0
AM, 7170199150.59792, 2110076.674138191, 2020-03-17, 226.95779144635583, 99.89562122866144, 57.300268685635764, 0.32152499943667234, 0
AM, 13499056271.186607, 1687089.0248329877, 2020-03-21, 137.84850677704335, 19.3894264850603, 124.9486978983816, 0.5967109306468692, 0
AM, 12456833958.03952, 3077967.7208501836, 2020-03-19, 104.21095192287544, 179.80197087155733, 105.84103267821136, 0.5578239782996331, 0
AM, 14610844352.440893, 3826964.129688613, 2020-03-19, 72.51123093059736, 70.75873325361322, 90.65162592972668, 0.7865634799299914, 0
AM, 1600162479.2942457, 1804852.1699152915, 2020-03-22, 119.99703063939404, 56.27049375348269, 141.1863074326883, 0.7431011336037829, 0
AM, 13597051936.29464, 2485354.854872694, 2020-03-17, 0.2096615462612028, 59.949114241220954, 172.04828288406196, 0.5990194695139052, 0
AM, 7940274058.765793, 1536221.5768584325, 2020-03-23, 186.86111118634528, 192.81139059673387, 162.9995185068671, 0.34827421017971477, 0
AM, 15542835487.953905, 2675215.455823335, 2020-03-16, 83.58518536396872, 122.03581428307719, 176.85950209150656, 0.7373512754927736, 0
AM, 14042265798.484045, 1626407.87077598, 2020-03-22, 36.40518551922003, 8.360575135194171, 123.11622968637256, 0.6235124201166058, 0
AM, 11586373828.777533, 3030303.5265125176, 2020-03-22, 200.09020174289898, 123.19668086923963, 202.8456888082605, 0.5090901243467258, 0
AM, 349715596.48058707, 1585583.4340725848, 2020-03-23, 167.275292164431, 236.64249279835764, 195.5755353583635, 0.7982743660183453, 0
AM, 830272320.8091786, 1925173.2190927672, 2020-03-19, 95.29191684763758, 43.966228126737676, 133.3448423711206, 0.2076586542731946, 0
AM, 5903693228.395445, 1626861.828577747, 2020-03-19, 239.95814834662434, 85.61020695578102, 57.76976460039622, 0.26295739155361425, 0
AM, 14953794728.441889, 2333248.0790479435, 2020-03-20, 164.80333632150504, 206.46230385407185, 93.78957467180365, 0.6680638395045806, 0
AM, 2039506833.296123, 1835488.7901649515, 2020-03-22, 167.56842855726393, 210.89451685633776, 126.42293158436091, 0.7657101188576407, 0
AM, 626327334.4456655, 2167137.40034678, 2020-03-17, 67.9816532579676, 115.1771550868371, 248.71671828126185, 0.36382037178741444, 0
AM, 6815050035.429466, 1778002.2198961112, 2020-03-18, 119.65056770464369, 154.9721800694528, 121.93730880228759, 0.29947758861223067, 0
AM, 6646098150.955882, 1872110.8949990747, 2020-03-21, 60.772991885560124, 37.39501180419236, 13.989385873604245, 0.2985912267005508, 0
AM, 8942637012.376282, 3250694.8580080443, 2020-03-17, 100.53443379511398, 28.68356348100515, 35.40237888060625, 0.39850686573349686, 0
AM, 11603888585.17945, 1770275.1567520993, 2020-03-20, 187.2264594863596, 45.32844302683429, 120.5185488891053, 0.5098620417733633, 0
AM, 5573132743.898364, 2849944.0221748394, 2020-03-17, 117.66167165615497, 200.37453900912047, 85.06919137006288, 0.24695129265162893, 0
AM, 8274120745.685769, 2369138.3496267023, 2020-03-20, 205.91940994608348, 132.51837081733098, 131.9197995309799, 0.3670453481304399, 0
AM, 9241945135.879242, 1748100.0099394796, 2020-03-22, 79.29097872604689, 46.658789860694775, 26.03308493498592, 0.41451948123754306, 0
AM, 11414806921.334585, 2272715.968768008, 2020-03-18, 213.14981607732057, 75.39974104347617, 168.75520100187563, 0.5019002631971538, 0
AM, 511265464.8358626, 1373402.9503002726, 2020-03-17, 15.39002287431642, 110.50983653516865, 93.95025656257197, 0.5320220332105363, 0
AM, 6931214841.979665, 1642705.2092797798, 2020-03-17, 94.48252148887376, 116.62383577734565, 234.7635369592757, 0.30051564503211997, 0
AM, 14185327672.750315, 1870281.3153188922, 2020-03-21, 108.67277599897834, 118.85138986969942, 39.236153947120634, 0.7112821559906364, 0
AM, 7851344567.4087515, 3518995.8456439776, 2020-03-22, 162.0940608754171, 143.18683100186217, 99.92414757339618, 0.3887609994747375, 0
AM, 6033400077.889305, 2556966.8426448745, 2020-03-16, 29.547720350369815, 168.70968624799394, 246.03763962392287, 0.2628291095218518, 0
AM, 18614889193.717617, 2314536.350035064, 2020-03-23, 117.66176745180648, 51.936768455143444, 144.938812523386, 0.8333870783657535, 0
AM, 5777245201.287199, 1546902.7144160205, 2020-03-17, 126.39666942755284, 155.88366698962628, 126.46568054683382, 0.256799430132128, 0
AM, 6712169547.253271, 2248357.289883168, 2020-03-18, 190.82617968282105, 186.14934943951442, 164.895227573011, 0.2947975938855257, 0
AM, 502622190.1977086, 2518068.347048805, 2020-03-22, 110.98056253181349, 233.6970609782625, 236.35685771915823, 0.6406125242495667, 0
AM, 1094348714.5349722, 2081161.3337303963, 2020-03-23, 96.8135443406328, 129.84680261776157, 175.80328554052173, 0.42391149477828644, 0
AM, 2942126079.826058, 1553814.2191562755, 2020-03-23, 86.5759492636687, 173.7403056275011, 48.23989924864805, 0.34458860673996516, 0
AM, 7498088152.391244, 2485354.854872694, 2020-03-23, 19.047231160730746, 55.369469022238825, 201.3275746348766, 0.6995642064797676, 0
AM, 8136998238.583112, 3635498.946658781, 2020-03-18, 186.86111118634528, 112.51207369442245, 209.6251616723559, 0.3574033643566117, 0
AM, 16257933927.80662, 3792226.1349607958, 2020-03-21, 171.046975111556, 175.45636238465738, 14.065907960655183, 0.7587120900916724, 0
AM, 13214109956.261381, 1626407.87077598, 2020-03-21, 233.6931853564941, 20.66042511256616, 122.51453423908553, 0.656758765686315, 0
AM, 5359160099.10323, 1849685.7829262768, 2020-03-17, 211.57376920313052, 123.19668086923963, 31.73155689803073, 0.23985483228801438, 0
AM, 17314756550.74661, 3357369.247301259, 2020-03-20, 231.69875848777266, 177.86032024820582, 49.526736562471164, 0.7982743660183453, 0
AM, 14298688523.604221, 1925173.2190927672, 2020-03-18, 202.76277842672698, 43.966228126737676, 106.99308871464729, 0.6365171558914873, 0
AM, 12795524476.494534, 1626861.828577747, 2020-03-18, 239.95814834662434, 85.61020695578102, 57.76976460039622, 0.5708685127356031, 0
AM, 8134584727.075003, 3407319.618556125, 2020-03-23, 154.28526457762348, 156.07695163333258, 17.43416080961965, 0.37466244608768756, 0
AM, 5765131633.891314, 3614405.414887557, 2020-03-17, 71.04226635413161, 101.6450789564204, 247.2374811798565, 0.24947863081047278, 0
AM, 6228550540.949739, 1749800.8752202368, 2020-03-17, 33.35877527323638, 115.1771550868371, 151.9094748336251, 0.27113836012200165, 0
AM, 6709898796.426728, 2884676.695142044, 2020-03-21, 186.79916849664278, 240.7387632162429, 122.12984103853142, 0.29947758861223067, 0
AM, 8750664483.41893, 3820472.73317091, 2020-03-16, 5.106361222516287, 37.39501180419236, 35.413496800273165, 0.3972628819385525, 0
AM, 5091585034.133403, 1306407.4203698472, 2020-03-19, 114.4290016989841, 187.1770916582696, 96.96054575744975, 0.22681572563809543, 0
AM, 12658460394.425604, 1770275.1567520993, 2020-03-18, 15.79908788438486, 17.13685800088868, 93.95809157352261, 0.5622380498005881, 0
AM, 10385001141.804037, 3515685.154291643, 2020-03-23, 117.66167165615497, 216.35333237399811, 103.21139007859139, 0.46298713475412656, 0
AM, 6694273591.884561, 2369138.3496267023, 2020-03-17, 172.62486448851516, 149.9787911258236, 9.319469340873201, 0.3023009647326913, 0
AM, 13913296250.980225, 3572623.764867533, 2020-03-20, 90.99574622678361, 191.60478932568506, 30.510740586975857, 0.640156762369408, 0
AM, 14849473864.73669, 1280762.6431159235, 2020-03-21, 70.74902098084023, 53.01706222960002, 217.42339011702396, 0.6518427306084059, 0
AM, 18116816432.429207, 3051026.312635077, 2020-03-17, 36.54232496010607, 68.49182681985177, 93.95025656257197, 0.8112695223921123, 0
AM, 8438514447.014385, 1899932.1337379455, 2020-03-23, 222.82950129718716, 114.43939882214374, 203.18951700290384, 0.3709371153520921, 0
AM, 18101499671.874752, 2130021.26085298, 2020-03-23, 231.9307337193671, 232.82456653785974, 246.45015306504268, 0.833097343430109, 0
AM, 433325882.89167595, 1515405.1395606967, 2020-03-22, 159.69519965373775, 137.72796943266994, 58.760069336121376, 0.7818477909275492, 0
AM, 8067125284.200066, 1879394.3216061643, 2020-03-16, 25.229376637789624, 75.08281255938728, 144.71690706940217, 0.3552010947621269, 0
AM, 269948999.4624135, 2122418.514164525, 2020-03-18, 231.9375246438529, 24.58898311980964, 105.188670208518, 0.6749131098431957, 0
AM, 16123513344.491478, 2110076.674138191, 2020-03-23, 200.2833897412744, 147.4422300572774, 132.44449908236888, 0.7578344756819375, 0
AM, 9110429125.098791, 2380512.167936, 2020-03-17, 229.5557121093854, 35.119836753413615, 82.73308988902738, 0.4113929726069292, 0
AM, 17985582065.88167, 2518068.347048805, 2020-03-23, 10.86815731746145, 130.8037468835463, 236.35685771915823, 0.795462442016039, 0
AM, 73932739.49555425, 3826964.129688613, 2020-03-20, 96.8135443406328, 142.66392269888402, 104.28006807215986, 0.7654602092351497, 0
AM, 7538194264.735045, 3187372.506596815, 2020-03-22, 29.379948658408633, 115.9752233147548, 154.15086488842877, 0.33166656144704587, 0
AM, 6394939701.175545, 2852276.3310994077, 2020-03-18, 125.58750652859365, 55.369469022238825, 227.90435122938956, 0.7163479151568786, 0
AM, 7967591148.242339, 1536221.5768584325, 2020-03-22, 186.86111118634528, 244.79294677087466, 162.9995185068671, 0.34827421017971477, 0
AM, 16505297617.379747, 2026650.984223833, 2020-03-16, 114.92425574070094, 183.0056644139507, 96.6720932567015, 0.7587120900916724, 0
AM, 6914917969.47221, 4103137.1254492775, 2020-03-23, 90.14767831283652, 42.51860650619044, 218.59952192585345, 0.3052780571550956, 0
AM, 3235136607.512982, 2175839.8651883686, 2020-03-17, 64.64186059890137, 150.19126232326752, 43.86720023088334, 0.6206523397151709, 0
AM, 17790327962.282696, 1993180.4077092335, 2020-03-23, 23.421063547522657, 236.64249279835764, 64.45348483414894, 0.7982743660183453, 0
AM, 1002801470.9564452, 1925173.2190927672, 2020-03-19, 231.17415633999315, 43.966228126737676, 56.79299051439093, 0.7460032037845568, 0
AM, 6979213519.805474, 3604758.951656685, 2020-03-19, 239.95814834662434, 85.61020695578102, 57.76976460039622, 0.512451740146215, 0
AM, 4995619656.502645, 2017989.2341575334, 2020-03-17, 57.651104389854154, 73.19419925466659, 8.158616256355614, 0.5872256211670178, 0
AM, 6095429937.791117, 2188578.8510066224, 2020-03-22, 42.85783973156496, 106.96623580035359, 199.79790129335134, 0.7628916561328103, 0
AM, 8099412957.832035, 2167137.40034678, 2020-03-22, 67.9816532579676, 115.1771550868371, 35.376679553894384, 0.36382037178741444, 0
AM, 13497569105.72446, 2339398.3141417075, 2020-03-22, 169.33743735819672, 208.70500400362272, 106.81791122720755, 0.7197270930876547, 0
AM, 6850214299.255217, 3135712.213153789, 2020-03-23, 155.67687100838802, 158.67997660919565, 30.96758774121019, 0.3051449391829931, 0
AM, 5232711872.822671, 3032846.672041671, 2020-03-23, 100.53443379511398, 154.89616516239064, 207.04748268381977, 0.22681572563809543, 0
AM, 15239983030.692116, 3183069.659449429, 2020-03-20, 181.5099008173133, 50.795688190365645, 133.85997747162554, 0.6753930247081441, 0
AM, 17391720342.33733, 2378637.3384084953, 2020-03-20, 233.72912295210213, 110.32571775132713, 159.0502205551554, 0.7678987934221182, 0
AM, 346801066.16193885, 2369138.3496267023, 2020-03-20, 50.51264161625949, 118.33671965782023, 91.5495280590024, 0.3578341170044934, 0
AM, 2199671837.8048363, 1527503.386930738, 2020-03-21, 29.326145788603124, 139.89965956039117, 156.2908136344538, 0.8455327428004236, 0
AM, 16054640791.166462, 1477563.8711198673, 2020-03-22, 88.75648029549991, 29.049697238585274, 149.2963063603015, 0.6999468161789824, 0
AM, 11416278100.940424, 1639430.4310545619, 2020-03-19, 15.39002287431642, 37.941619748397606, 93.95025656257197, 0.5223315168592031, 0
AM, 11350607014.015764, 3490569.0504201595, 2020-03-17, 222.82950129718716, 21.225079999146327, 232.38030831451292, 0.4961826243791443, 0
AM, 12761369598.174969, 1248398.7660550831, 2020-03-17, 101.71375657243627, 93.21458923409034, 3.160666579296728, 0.833097343430109, 0
AM, 611253060.9141115, 1635303.4724096463, 2020-03-16, 50.40172149388289, 47.47179003394131, 88.62888398322272, 0.7818477909275492, 0
AM, 11625302101.03784, 2320817.981628428, 2020-03-23, 65.61083508445778, 187.33897955290007, 197.79506114959653, 0.7808457642592146, 0
AM, 5001877801.208105, 2122418.514164525, 2020-03-22, 120.39014305358181, 24.58898311980964, 242.9789452611111, 0.2155751078485591, 0
AM, 12206321676.56716, 2110076.674138191, 2020-03-19, 59.49491156525359, 204.6263414001935, 44.020865318144615, 0.5402038055331281, 0
AM, 201800888.21987447, 2610462.3076552576, 2020-03-19, 187.77136534339888, 83.4253917329439, 124.9486978983816, 0.8144727721785554, 0
AM, 7645588594.642482, 3292068.053115088, 2020-03-22, 50.902463350203774, 29.698519583874745, 76.57468187415311, 0.35127138989725976, 0
AM, 18829353813.823673, 1683650.409474087, 2020-03-20, 20.66111451932806, 91.4488529099812, 104.28006807215986, 0.8339864728900559, 0
AM, 6990387913.037809, 1398382.2399730324, 2020-03-16, 70.32991265429585, 119.44226553124103, 124.1286087487529, 0.6802632660966896, 0
AM, 13850196768.159693, 2485354.854872694, 2020-03-22, 180.50304367347889, 133.2034377457334, 87.35334423902508, 0.616347301972686, 0
AM, 504070811.98198074, 1897845.3972347868, 2020-03-23, 186.86111118634528, 244.81604159575977, 191.77170356677718, 0.23897330105978457, 0
AM, 5547525786.2982025, 2103181.8815652663, 2020-03-19, 27.85567650114984, 112.98852853394885, 131.11538127416895, 0.2417314498511099, 0
AM, 7684801168.00607, 1626407.87077598, 2020-03-16, 170.66498187398656, 5.048835427650403, 95.49033851747238, 0.3432866730443327, 0
AM, 14217697059.927557, 3030303.5265125176, 2020-03-17, 200.09020174289898, 54.37502938130311, 175.11821863957005, 0.6200410743055865, 0
AM, 17829963561.148304, 2216849.448579335, 2020-03-21, 202.7359771881753, 215.09633803809925, 42.776886249184464, 0.7982743660183453, 0
AM, 12211114827.368069, 1925173.2190927672, 2020-03-21, 192.17245954609382, 43.966228126737676, 163.97206215361274, 0.5347113789293871, 0