,Susceptible,Exposed,Asymptomatic,Infected data,Infected,Recovered,Predicted Recovered,Death data,Predicted Deaths
3/1/20,5629136.0,0.0,0.0,2.0,68.11214130648574,0.0,494.32921088684463,0.0,107.8461754845196
3/2/20,5628721.537270875,68.41936468193289,0.7790731299812191,2.0,66.77413855419341,0.0,496.1221094108019,0.0,512.0574714376693
3/3/20,5628307.6500310805,133.75368129356593,3.039312623499056,2.0,66.47263134950603,0.0,497.9304451559124,0.0,916.2432946846478
3/4/20,5627893.022904314,197.40836595831908,6.691766072417005,4.0,67.14387739338916,0.0,499.81643033661095,0.0,1320.4045322841819
3/5/20,5627476.409381705,260.66905626980554,11.679796085093557,4.0,68.74598576730116,0.0,501.8390759561788,0.0,1724.5420247759505
3/6/20,5627056.604406218,324.73296392052004,17.97597023371381,13.0,71.25676743948685,0.0,504.0555040190821,0.0,2128.656584491991
3/7/20,5626632.419459166,390.7366076446769,25.579688132311194,13.0,74.67208579279692,0.0,506.52214158997407,0.0,2532.7490121951755
3/8/20,5626202.659532014,459.7806658075064,34.51545540338816,20.0,79.00464523868733,0.0,509.2958261587602,0.0,2936.8201124566635
3/9/20,5625766.101436426,532.9525928868427,44.83173129788629,25.0,84.28316754555858,0.0,512.4348484734984,0.0,3340.8707081377634
3/10/20,5625321.472968516,611.3475577906022,56.600292414742235,31.0,90.55191616860537,0.0,515.9999560319447,0.0,3744.9016542997424
3/11/20,5624867.432489136,696.0881962203295,69.91606808968444,38.0,97.87053777267711,0.0,520.0553382667873,0.0,4148.9138518345935
3/12/20,5624402.548517836,788.343615823406,84.8974145606399,52.0,106.31419795741368,0.0,524.6696127858966,0.0,4552.908261086062
3/13/20,5623925.278962959,889.3480528353978,101.68680479700986,151.0,115.97399480757235,0.0,529.9168308812915,0.0,4956.885915713797
3/14/20,5623433.94963015,1000.4195438765388,120.45192051087115,151.0,126.95764039341458,0.0,535.8775196165043,0.0,5360.847937040486
3/15/20,5622926.731660026,1122.978955161737,141.38714081729296,162.0,139.39040569398685,0.0,542.6397774439395,0.0,5764.7955491164885
3/16/20,5622401.617549348,1258.5696950533336,164.7154297173457,199.0,153.41632958974012,1.0,550.3004401864255,0.0,6168.73009473436
3/17/20,5621856.3954060925,1408.8784271148706,190.6906320398402,318.0,169.19969756317226,2.0,558.9663344700638,1.0,6572.653052628813
3/18/20,5621288.621081532,1575.7570995673361,219.60019237834112,367.0,186.92679901318067,2.0,568.755636097696,3.0,6976.566056102898
3/19/20,5620695.587803231,1761.246605271855,251.76832349526563,613.0,206.80798004227287,2.0,579.7993519024516,6.0,7380.470913335064
3/20/20,5620074.292916018,1967.6024038786366,287.5596498306785,780.0,229.08000797602094,2.0,592.2429444617076,11.0,7784.369629633387
3/21/20,5619421.401309656,2197.3224432362113,327.38336452853565,1004.0,254.00877236810223,2.0,606.2481205764245,15.0,8188.264431923638
3/22/20,5618733.205082114,2453.1777381354036,371.6979428586269,1519.0,281.89235016455893,2.0,621.9948059708953,25.0,8592.157795778987
3/23/20,5618005.578945347,2738.2459901375255,421.0164633678864,1888.0,313.06446826611085,2.0,639.6833308602309,34.0,8996.052475328977
3/24/20,5617233.930842384,3055.948659702923,475.9125933869962,2199.0,347.8984001800822,2.0,659.536853044532,46.0,9399.951536412877
3/25/20,5616413.147193772,3410.091931354521,537.0273066159883,2493.0,386.8113407668504,2.0,681.8040478827552,59.0,9803.858393379094
3/26/20,5615537.532132886,3804.912056240052,605.0764077280455,2902.0,430.2693077758186,6.0,706.762097608729,77.0,10207.776849974889
3/27/20,5614600.740023917,4245.125601290425,680.8589493528954,3319.0,478.79262568624637,6.0,734.7200159886136,92.0,10611.711144818873
3/28/20,5613595.700518381,4735.985160556523,765.2666325629248,3787.0,532.9620511327113,6.0,766.0223464055175,111.0,11015.666001977232
3/29/20,5612514.535245923,5283.341195771381,859.2943060912468,4114.0,593.4256149438086,6.0,801.0532801976283,136.0,11419.64668728402
3/30/20,5611348.465282173,5893.7106425453485,964.0516711136308,4300.0,660.9062503095238,120.0,840.2412396177637,159.0,11823.65907101228
3/31/20,5610087.708302807,6574.353082269403,1080.7763329036857,5389.0,736.2102990970296,127.0,884.0639827314947,201.0,12227.709697679684
4/1/20,5608721.364325975,7333.355283020292,1210.8483424215547,6469.0,820.2369894683826,127.0,933.0542884606234,240.0,12631.805863784437
4/2/20,5607237.288841484,8179.724987859893,1355.8063847509923,7593.0,913.9889869712213,127.0,987.8062857422376,324.0,13035.955704346054
4/3/20,5605621.951911032,9123.49497791571,1517.3658029884803,8570.0,1018.5841419206553,127.0,1048.9825035339084,359.0,13440.168289299849
4/4/20,5603860.281767715,10175.838476396162,1697.4386540409334,9788.0,1135.2685609552982,127.0,1117.3217227593543,445.0,13844.453730853706
4/5/20,5601935.491380637,11349.196999411542,1898.1560042072736,10517.0,1265.4311381302234,127.0,1193.6477150543517,486.0,14248.823302966986
4/6/20,5599828.886147016,12657.421972005988,2121.892715804035,11470.0,1410.6197090972619,127.0,1278.8789724717776,564.0,14653.289574375185
4/7/20,5597519.650769604,14115.931492417552,2371.2949948576443,13221.0,1572.5590040933885,127.0,1374.0395412874998,686.0,15057.866556706651
4/8/20,5594984.6134021785,15741.883606101168,2649.310968197935,15224.0,1753.170574360331,127.0,1480.2710723995901,819.0,15462.569869228637
4/9/20,5592197.984748443,17554.36771898893,2959.2246199568044,16969.0,1954.5949066857454,173.0,1598.846228467476,950.0,15867.416922137887
4/10/20,5589131.069689798,19574.615834337026,3304.6934427564843,18408.0,2179.215957109424,173.0,1731.1836012957654,1057.0,16272.42712049305
4/11/20,5585751.949062599,21826.23525830526,3689.7901552734284,19430.0,2429.6883324369337,173.0,1878.864292977099,1124.0,16677.62209088653
4/12/20,5582025.128860186,24335.464632773957,4119.048900107378,20796.0,2708.9673886007563,173.0,2043.650343574146,1223.0,17083.025933352706
4/13/20,5577911.154017126,27131.45519050507,4597.516372080324,21929.0,3020.3425382240544,173.0,2227.505209813737,1328.0,17488.665501305666
4/14/20,5573366.183998023,30246.579046437,5130.808332802154,20684.0,3367.4740632898015,3046.0,2432.616506329638,1532.0,17894.570712395518
4/15/20,5568341.527281985,33716.76639578754,5725.172001141941,12558.0,3754.433750651244,14026.0,2661.4212397232372,1736.0,18300.774893428123
4/16/20,5562783.131732853,37581.87344655111,6387.554871709394,14475.0,4185.749708219818,14026.0,2916.6338070530696,1924.0,18707.315163056726
4/17/20,5556631.028145277,41886.08262707015,7125.680502430571,17515.0,4666.455712129097,14026.0,3201.2770358384155,2141.0,19114.23285602796
4/18/20,5549818.724338693,46678.336490060916,7948.131827240202,20278.0,5202.145444659759,14026.0,3518.7165554804715,2354.0,19521.57399293929
4/19/20,5542272.5473063085,52012.806399532885,8864.442630828311,14062.0,5799.032034153314,22130.0,3872.6988573407925,2462.0,19929.389800382407
4/20/20,5533910.932126101,57949.396072336705,9885.19772076906,16026.0,6464.01324107142,22130.0,4267.3933841294665,2587.0,20337.737286118387
4/21/20,5524643.655818144,64554.28045787836,11022.142392090773,17347.0,7204.742673709645,22991.0,4707.439001096052,2741.0,20746.679874093148
4/22/20,5514371.0166626545,71900.47803121601,12288.30176645142,17533.0,8029.707404755586,25318.0,5197.995304438086,2906.0,21156.2881054995
4/23/20,5502982.960600707,80068.45379459101,13698.110431948719,20132.0,8948.312258489961,26573.0,5744.799152675681,3331.0,21566.640411138764
4/24/20,5490358.156000967,89146.75046065802,15267.55287821914,22684.0,9970.971082277887,27655.0,6354.226854446293,3704.0,21977.823960988142
4/25/20,5476363.024697766,99232.63910469077,17014.314915629988,26107.0,11109.205109660297,29160.0,7033.362521734391,4057.0,22389.93559789358
4/26/20,5460850.736134303,110432.78184601406,18957.946207224264,28662.0,12375.748486207594,30152.0,7790.072992817892,4286.0,22803.082860881237
4/27/20,5443660.174380605,122863.8962512034,21120.033946910356,31701.0,13784.660962356804,31142.0,8633.089822635586,4603.0,23217.385104849753
4/28/20,5424614.900522775,136653.39988638833,23524.38686235874,35608.0,15351.44718966478,32544.0,9572.098798702606,5083.0,23632.97472283409
4/29/20,5403522.125726377,151940.02013486362,26197.229066100608,40040.0,17093.18228928216,34132.0,10617.837368798802,5513.0,24049.99847606744
4/30/20,5380171.724359297,168874.3416528698,29167.40244309016,45246.0,19028.642803346687,35935.0,11782.200419735529,6006.0,24468.61893775861
5/1/20,5354335.333204588,187619.2497809035,32466.57483419674,47751.0,21178.44119666223,38039.0,13078.354628492201,6412.0,24889.016053485157
5/2/20,5325765.567871775,208350.2413670109,36129.45231028807,49402.0,23565.162763015596,40937.0,14520.861668565753,6761.0,25311.388821978635
5/3/20,5294195.420835658,231255.5453711385,40193.99139826998,51784.0,26213.50217726097,42991.0,16125.810366081556,7051.0,25735.95709742688
5/4/20,5259337.930730196,256535.97491178883,44701.60470502955,55438.0,29150.39534399491,45815.0,17910.95741500015,7367.0,26162.96350773029
5/5/20,5220886.177086052,284404.46232350264,49697.35643285992,59296.0,32405.14420489775,48221.0,19895.87673452989,7938.0,26592.67548971335
5/6/20,5178513.748894965,315085.1468793147,55230.137505083985,66653.0,36009.527694522,51370.0,22102.11651668634,8588.0,27025.387427957045
5/7/20,5131875.877778936,348811.8448830536,61352.80867995753,71233.0,39997.891148744195,55350.0,24553.362792230375,9190.0,27461.42288090008
5/8/20,5080611.536885314,385825.6260689144,68122.29745157652,77580.0,44407.20475933777,59297.0,27275.60805625863,10017.0,27901.136873935495
5/9/20,5024347.359400584,426370.6923270966,75599.6202686034,83720.0,49277.07219725516,61685.0,30297.322370578706,10656.0,28344.91822364896
5/10/20,4962705.211377779,470686.8127853481,83849.77913181136,86619.0,54649.6555877864,64957.0,33649.62293857339,11123.0,28793.191837774328
5/11/20,4895319.209257635,518992.74629254,92941.40421823559,90557.0,60569.43151577315,67384.0,37366.43429964846,11653.0,29246.420882207658
5/12/20,4821877.818778099,571445.5906414281,102945.80648274442,93156.0,67082.55447910281,72597.0,41484.62245890893,12461.0,29705.108584274698
5/13/20,4742235.714221416,628032.9724022204,113934.5082954449,98473.0,74235.20751045115,78424.0,46044.06154140394,13240.0,30169.799099342672
5/14/20,4656713.446299825,688284.404481438,125972.6901398646,109687.0,82069.23460941087,79479.0,51087.52263986622,13999.0,30641.075914176665
5/15/20,4566843.820504649,750553.9885870471,139102.073206546,120359.0,90610.74214133849,84970.0,56660.09323665442,14962.0,31119.553751911426
5/16/20,4476814.006239217,810647.0949357747,153300.64615775965,128177.0,99843.29521885669,89672.0,62807.42999793587,15662.0,31605.854332706633
5/17/20,4394454.591924123,860951.2096327549,168413.08336206534,130840.0,109661.6592727042,94122.0,69571.64123956616,16118.0,32100.54934672575
5/18/20,4327551.277510847,894203.1547280331,184107.34931778253,138056.0,119843.16117508548,100459.0,76984.39657264193,16853.0,32604.065128241476
5/19/20,4276581.223380269,910597.4521108324,199971.3343461823,147108.0,130112.50590211259,106794.0,85060.89884744797,17983.0,33116.599456313816
5/20/20,4235523.958043687,916678.221572383,215690.8891900526,156037.0,140260.6133891265,116683.0,93800.39959460699,18859.0,33638.129136951866
5/21/20,4198468.8286359655,918621.9446516556,231112.22625174947,164080.0,150185.96288246056,125960.0,103192.2759450751,20047.0,34168.494578439415
5/22/20,4162095.93066316,919832.7463154173,246192.77821831658,174412.0,159861.46717496938,135430.0,113222.00126935446,21048.0,34707.48272103875
5/23/20,4124950.833517091,921761.044139385,260943.21321644916,182798.0,169295.57696625608,142587.0,123874.5694649697,22013.0,35254.874541921046
5/24/20,4086487.6657318976,924914.0253014143,275394.4509078817,190634.0,178510.18187174865,149911.0,135135.9717225575,22666.0,35810.46550043085
5/25/20,4046543.883271618,929404.9199295508,289582.9493197558,197592.0,187530.7626731256,153833.0,146993.69709011586,23473.0,36374.07242732597
5/26/20,4005108.3521995223,935194.6141511548,303544.8353686916,208117.0,196382.47028363278,158593.0,159436.820409143,24512.0,36945.53468830904
5/27/20,3962226.8428201815,942189.7887673611,317313.7639348743,219576.0,205088.70246700244,166647.0,172455.9317670154,25598.0,37524.71315203365
5/28/20,3917964.913891182,950281.2484872259,330920.25986680697,233880.0,213670.67336056478,177604.0,186043.01149357628,26754.0,38111.48840720796
5/29/20,3872393.7233902426,959358.3941411064,344391.6262612058,247812.0,222147.3615904573,189476.0,200191.29144496363,27878.0,38705.758794303496
5/30/20,3825584.8231272255,969314.3657974291,357752.0592037382,268714.0,230535.59593828593,200892.0,214895.11774191578,28834.0,39307.43846213354
5/31/20,3777608.4036861574,980047.6195022889,371022.8283318967,278980.0,238850.18438247492,206555.0,230149.82039096358,29314.0,39916.45552431908
6/1/20,3728532.8472917704,991462.1657356968,384222.4710105974,285430.0,247104.05159732385,211080.0,245951.5911623714,29937.0,40532.750334371034
6/2/20,3678424.762279342,1003467.3278199311,397366.980879817,300546.0,255308.37207068736,223638.0,262297.36986875907,31199.0,41156.273881063826
6/3/20,3627349.1729971757,1015977.3576538654,410469.9842812515,312851.0,263472.6945413486,238617.0,279184.7386284387,32548.0,41786.9862980272
6/4/20,3575369.7552232286,1028911.0208842969,423542.903596159,325957.0,271605.0571564351,254963.0,296611.8234908608,34021.0,42424.85547863192
6/5/20,3522549.062619961,1042191.2067352715,436595.1073273224,343805.0,279712.09327603737,266940.0,314577.2029216547,35026.0,43069.85578894607
6/6/20,3468948.730043503,1055744.5750244297,449634.04823269794,359767.0,287799.1288395554,277149.0,333079.82258464134,35930.0,43721.9668707126
6/7/20,3414629.6504922058,1069501.242129271,462665.39070309274,371351.0,295870.2721305962,283952.0,352118.9158481707,36455.0,44381.172526184186
6/8/20,3359652.123472947,1083394.5067618932,475693.1283938779,292021.0,303928.49664276995,378257.0,371693.92966958944,37134.0,45047.45967981563
6/9/20,3304075.9755269177,1097360.6132230589,488719.69332251203,304360.0,311975.7178891198,396737.0,391804.4553946727,38406.0,45720.81741019689
6/10/20,3247960.654168126,1111338.5496261124,501746.05735463114,318820.0,320012.8647953651,413916.0,412450.16416805197,39680.0,46401.236047846214
6/11/20,3191365.295734645,1125269.878991648,514771.8272896278,331944.0,328039.946518741,429965.0,433630.7465048773,40919.0,47088.7063324264
6/12/20,3134348.771082264,1139098.598882184,527795.3337391355,341859.0,336056.11482021934,445123.0,455345.85610341944,41828.0,47783.21863043914
6/13/20,3076969.707157824,1152771.0291082829,540813.7157222112,348358.0,344059.72333271586,459436.0,477595.0570702098,42720.0,48484.762201600955
6/14/20,3019286.4896853035,1166235.7231912345,553823.0001059264,355151.0,352048.3831101403,469141.0,500377.77512199257,43332.0,49193.32452181603
6/15/20,2961357.2458895436,1179443.4016858512,566818.1782153916,366603.0,360019.0160763182,477709.0,523693.2518008691,43959.0,49908.89064903274
6/16/20,2903239.8098686747,1192346.9058573868,579793.2786684794,387943.0,367967.90571417287,490005.0,547540.5021982495,45241.0,50631.44263892403
6/17/20,2844991.6724849697,1204901.1675956044,592741.4381145402,387821.0,375890.7461589023,521046.0,571918.2755969468,46510.0,51360.95900196306
6/18/20,2786669.916983485,1217063.194989986,605654.9693746192,395814.0,383782.68934916524,534580.0,596825.0192448987,47748.0,52097.41420484563
6/19/20,2728331.1422352414,1228792.0701296327,618525.4280802001,432328.0,391638.39099326706,551631.0,622258.8449491687,48954.0,52840.778211775396
6/20/20,2670031.3751451597,1240048.9580133404,631343.6775113757,440824.0,399452.0551492868,576779.0,648217.4985640171,49976.0,53591.0160665881
6/21/20,2611825.9739431133,1250797.1237650225,644099.9523726536,444632.0,407217.47792612435,588118.0,674698.3322160606,50591.0,54348.08751342047
6/22/20,2553769.523949657,1261001.9568103568,656783.9213622828,453463.0,414928.0902135736,601736.0,701698.2792550601,51271.0,55111.946655692154
6/23/20,2495915.7275515003,1270630.999699196,669384.7489061626,465298.0,422576.9996958613,627963.0,729213.8318859395,52645.0,55882.541652699365
6/24/20,2438317.289849073,1279653.9801671614,681891.1560687345,474332.0,430157.0321652742,660469.0,757241.0213977796,53830.0,56659.814452573475
6/25/20,2381025.8017721046,1288042.844493808,694291.4807074182,493619.0,437660.77218229685,679524.0,785775.4010234531,54971.0,57443.70056199955
6/26/20,2324091.6217433764,1295771.791471597,706573.7366758503,516614.0,445080.60295924894,702399.0,814812.0313534935,55961.0,58234.12885157436
6/27/20,2267563.758287258,1302817.3030512936,718725.6730524091,528882.0,452408.7461317237,727715.0,844345.4682029234,57070.0,59031.02139526189
6/28/20,2211489.7548028855,1309158.1706522407,730734.8332959163,540503.0,459637.30135823356,746018.0,874369.7528806335,57622.0,59834.29334318226
6/29/20,2155915.5744773275,1314775.5268006092,742588.6094315087,552070.0,466758.28243396716,757811.0,904878.4054254032,58314.0,60643.85283585402
6/30/20,2100885.493966805,1319652.8589387517,754274.3006056565,554129.0,473763.6562521009,788318.0,935864.4196817646,59594.0,61459.60094349063
7/1/20,2046442.0013224229,1323776.0207690161,765779.1691267125,570479.0,480645.37995760044,817642.0,967320.260903023,60632.0,62281.43164033765
7/2/20,1992625.695341901,1327133.247570428,777090.4918876998,477282.0,487395.43488897185,957692.0,999237.8657675517,61884.0,63109.231812584105
7/3/20,1939475.2022832446,1329715.1448884474,788195.6160247371,491292.0,494005.86326864845,984615.0,1031608.6446693292,63174.0,63942.88129711256
7/4/20,1887027.0944556342,1331514.6809466442,799082.0099970875,522008.0,500468.80172789824,990731.0,1064423.48613714,64265.0,64782.252949764494
7/5/20,1835315.814003019,1332527.1764353996,809737.3119731168,509143.0,506776.51294180227,1029045.0,1097672.763254943,64867.0,65627.21274114343
7/6/20,1784373.6203469564,1332750.2646446729,820149.38032535,495255.0,512921.41858377715,1062542.0,1131346.3426401087,65487.0,66477.61988708527
7/7/20,1734230.5336113325,1332183.8627815992,830306.3389766568,494836.0,518896.12876515934,1107012.0,1165433.5949053895,66741.0,67333.32699972646
7/8/20,1684914.2919369182,1330830.1297788108,840196.6213273078,505352.0,524693.4704509662,1139844.0,1199923.4071716173,67964.0,68194.18026646225
7/9/20,1636450.3307282378,1328693.401190741,849809.0134404206,515148.0,530306.5153065068,1171447.0,1234804.1978590146,69184.0,69060.01965968606
7/10/20,1588861.754749133,1325780.1368511955,859132.693412089,513068.0,535728.6049599416,1217361.0,1270063.9322597373,70398.0,69930.6791572952
7/11/20,1542169.3335399202,1322098.846196314,868157.2687982861,524293.0,540953.3748928696,1244088.0,1305690.1404252963,71469.0,70805.98699445317
7/12/20,1496391.51010555,1317660.002984484,876872.811474917,527738.0,545974.7765653173,1264843.0,1341669.9367076822,72100.0,71685.76593765039
7/13/20,1451544.4033870082,1312475.9701207832,885269.8898515165,520883.0,550787.0977544682,1291251.0,1377990.0398397872,72833.0,72569.83356608145
7/14/20,1407641.8399855087,1306560.8983939488,893339.5979027717,529266.0,555384.9807164917,1323425.0,1414636.7951958668,74133.0,73458.00258210748
7/15/20,1364695.3890268053,1299930.6257151673,901073.581517586,541284.0,559763.4385369159,1350098.0,1451596.1978970692,75366.0,74350.08113299412
7/16/20,1322714.3951029344,1292602.5812645785,908464.0627660546,537932.0,563917.870081874,1397531.0,1488853.9164084916,76688.0,75245.87313915022
7/17/20,1281706.039779973,1284595.6672087552,915503.8593879882,539957.0,567844.0717286088,1428520.0,1526395.317984791,77851.0,76145.17864675331
7/18/20,1241675.3988432814,1275930.1473796896,922186.4025464087,548680.0,571538.2479422328,1447408.0,1564205.4943029515,78772.0,77047.79418269133
7/19/20,1202625.5027888715,1266627.5360914196,928505.7522719316,559829.0,574997.0203135303,1459072.0,1602269.2875549237,79488.0,77953.51311536875
7/20/20,1164557.4157598035,1256710.4756262023,934456.6080151155,524226.0,578217.4333327551,1514300.0,1640571.3175720107,80120.0,78862.12602874759
7/21/20,1127470.3138753015,1246202.6166538731,940034.3176773188,522828.0,581196.9591547332,1555339.0,1679096.0091511332,81487.0,79773.42109884611
7/22/20,1091361.5703876475,1235128.4977833307,945234.882912108,552768.0,583933.4999031638,1591975.0,1717827.6196069291,82771.0,80687.18447257178
7/23/20,1056226.843270872,1223513.4263788722,950054.9621290733,583080.0,586425.3884618417,1620313.0,1756750.2664352525,84082.0,81603.20064757744
7/24/20,1022060.1651100278,1211383.3611625207,954491.8710318774,564914.0,588671.3876480623,1693214.0,1795847.9549715263,85238.0,82521.25285149312
7/25/20,988854.0404640938,1198764.7938056716,958543.5792327444,522705.0,590670.6868072065,1785359.0,1835104.6060848,86449.0,83441.12342081802
7/26/20,956599.5424651696,1185684.6330236073,962208.7058808435,519174.0,592422.8977707321,1812913.0,1874504.0837551693,87004.0,84362.59417788484
7/27/20,925286.4106892549,1172170.0940951605,965486.511560483,508116.0,593928.0483900853,1846641.0,1914030.222108143,87618.0,85285.44679953331
7/28/20,894903.1499476384,1158248.5900825814,968376.8887588455,525903.0,595186.5751488258,1868749.0,1953666.8521806335,88539.0,86209.46318167802
7/29/20,865437.1289201052,1143947.6274932201,970880.3500566294,539329.0,596199.3143089808,1922802.0,1993397.828146954,90134.0,87134.42579585798
7/30/20,836874.6781149784,1129294.7074815761,972998.0137388638,562032.0,596967.4913964077,1956807.0,2033207.0529193927,91263.0,88060.118036533
7/31/20,809201.1875348026,1114317.2294927635,974731.588268032,561156.0,597492.7099555724,2008854.0,2073078.503470455,92475.0,88986.32456422965
8/1/20,782401.2006306432,1099042.403774182,976083.3543933925,576332.0,597776.9388219445,2037982.0,2112996.2548491852,93563.0,89912.83163000327
8/2/20,756458.5084700808,1083497.1653936594,977056.1464673157,576697.0,597822.4988999834,2062876.0,2152944.5037663085,94104.0,90839.42739366465
8/3/20,731356.2398413864,1067708.0961563285,977653.3320361136,556677.0,597632.0488627218,2098976.0,2192907.591152183,94665.0,91765.90222734434
8/4/20,707076.9480114039,1051701.353080847,977878.7900138462,548618.0,597208.5699694093,2157484.0,2232870.0238041496,95819.0,92692.04900608108
8/5/20,683602.6965138661,1035502.5997063051,977736.8880795346,571456.0,596555.3504065687,2190361.0,2272816.4954284313,97256.0,93617.66338979718
8/6/20,660915.1378857165,1019136.9476416763,977232.4590824755,583177.0,595675.9690673173,2230542.0,2312731.9060527747,98493.0,94542.54408233744
8/7/20,638995.5929603577,1002628.8989363005,976370.7768400518,590571.0,594574.2789520897,2272299.0,2352601.381048734,99572.0,95466.49308495494
8/8/20,617825.1219756597,986002.2993480513,975157.5312161121,590398.0,593254.3901838739,2321537.0,2392410.2885541543,100477.0,96389.31592735037
8/9/20,597384.5921514074,969280.2967706121,973598.8028055972,577390.0,591720.652820537,2356983.0,2432144.2558688084,101049.0,97310.82188432118
8/10/20,577654.7482056475,952485.2973595316,971701.0373536596,564888.0,589977.6395038884,2390830.0,2471789.185641961,101752.0,98230.82418945862
8/11/20,558616.2688696983,935638.9380252644,969471.0201045505,557266.0,588030.1281908705,2449338.0,2511331.269694731,103026.0,99149.14021587849
8/12/20,540249.8226968696,918762.0603954014,966915.850066251,554356.0,585883.0848639574,2506228.0,2550757.002187927,104201.0,100065.59164783375
8/13/20,522536.12509149936,901874.6847511907,964042.913716487,598313.0,583541.6458849361,2521100.0,2590053.19251138,105463.0,100980.00464842175
8/14/20,505455.982630521,884995.9967947333,960859.8600231119,552016.0,581011.1013486553,2616981.0,2629206.9757497213,106523.0,101892.20999370475
8/15/20,488990.3375392225,868144.3351653569,957374.5751693773,586986.0,578296.8782615894,2622878.0,2668205.822716978,107232.0,102802.04320085242
8/16/20,473120.3122613219,851337.1796673154,953595.1570698468,577328.0,575404.5236053913,2655017.0,2707037.549512165,107852.0,103709.34464963427
8/17/20,457827.24192121846,834591.150843943,949529.8916504384,551954.0,572339.6886840605,2699080.0,2745690.324802025,108536.0,104613.95967258973
8/18/20,443092.7081565538,817922.0089210112,945187.2288504174,546220.0,569108.1132994662,2751246.0,2784152.676815126,109888.0,105515.73864120922
8/19/20,428898.57129303925,801344.6549077092,940575.7587417223,543621.0,565715.6100393877,2801931.0,2822413.4996100552,111100.0,106414.53704210273
8/20/20,415226.993288391,784873.1390878381,935704.1898333878,545353.0,562168.0501025779,2844318.0,2860462.0574739436,112304.0,107310.2155275768
8/21/20,402060.4616600393,768520.6696272118,930581.3268501005,563414.0,558471.3487839102,2855558.0,2898287.9890874154,113358.0,108202.63996298543
8/22/20,389381.81081339554,752299.6238519006,925216.0488904797,554146.0,554631.4512426511,2913966.0,2935881.3109593377,114250.0,109091.68146410269
8/23/20,377174.2369492804,736221.5632719328,919617.2901893278,543255.0,550654.3200762969,2947784.0,2973232.4191388316,114744.0,109977.21641101326
8/24/20,365421.3133223079,720297.2495977774,913794.0201600556,531296.0,546545.9224209245,2976256.0,3010332.0907768253,115309.0,110859.1264599256
8/25/20,354107.0027252454,704536.6626946784,907755.2244580893,520864.0,542312.2177666929,3032551.0,3047171.4847931885,116580.0,111737.29854281805
8/26/20,343215.6657682991,688949.0205171963,901509.8880200097,517044.0,537959.1471242734,3082447.0,3083742.1414494705,117665.0,112611.62485237692
8/27/20,332732.0687400122,673542.800552237,895066.977631262,519896.0,533492.6218926446,3122846.0,3120035.981602734,118649.0,113482.0028225134
8/28/20,322641.3890121076,658325.7623232896,888435.425796553,526516.0,528918.513619348,3158783.0,3156045.3051643106,119504.0,114348.33509820275
8/29/20,312929.2181537264,643304.9700820491,881624.11638845,523706.0,524242.64497079444,3202185.0,3191762.788679635,120262.0,115210.52949356448
8/30/20,303581.5637678331,628486.8179997597,874641.8697294145,503868.0,519470.7803384747,3237615.0,3227181.4826177084,120828.0,116068.4989459268
8/31/20,294584.8497366853,613877.0544925374,867497.4295868666,518300.0,514608.6177341249,3268591.0,3262294.807921005,121381.0,116922.16146014286
9/1/20,285925.9151449801,599480.8062621031,860199.4514792326,483095.0,509661.7815696014,3345240.0,3297096.5519706854,122596.0,117771.44004519693
9/2/20,277592.0118146411,585302.6041984223,852756.4909108491,486776.0,504635.81540301454,3387309.0,3331580.8641848858,123780.0,118616.26264581764
9/3/20,269570.80006102833,571346.4124416577,845176.9909547202,487589.0,499536.17426829605,3429435.0,3365742.2513059275,124614.0,119456.56206971777
9/4/20,261850.34509358992,557615.6498991705,837469.2744576067,502021.0,494368.2200670331,3464278.0,3399575.571911384,125502.0,120292.27590531122
9/5/20,254419.1117185347,544113.2159194128,829641.5348505648,497798.0,489137.2160480345,3498999.0,3433076.0307725077,126203.0,121123.34643709612
9/6/20,247265.9569130714,530841.518377558,821701.8270512876,488716.0,483848.32136625977,3522155.0,3466239.1727605434,126650.0,121949.72055486451
9/7/20,240380.1230524127,517802.4985508736,813658.0600655859,471633.0,478506.5867590053,3549201.0,3499060.8764967793,126960.0,122771.349659949
9/8/20,233751.23183007413,504997.6529583377,805517.9911321499,462188.0,473116.95123459364,3572421.0,3531537.347791535,127464.0,123588.18956910155
9/9/20,227369.2758434319,492428.05862827477,797289.2194176244,457718.0,467684.238481368,3611632.0,3563665.1127206855,128539.0,124400.20041330442
9/10/20,221224.60815574593,480094.4006290877,788979.1798049146,451223.0,462213.15335724497,3657701.0,3595441.010291005,129522.0,125207.3465309303
9/11/20,215307.9359267667,467996.9911374164,780595.1392014507,456610.0,456708.2799952765,3695158.0,3626862.1853639996,130396.0,126009.5963655271
9/12/20,209610.31150163873,456135.7920544149,772144.1924666249,461271.0,451174.0796793118,3723206.0,3657926.081185749,131210.0,126806.9223580549
9/13/20,204123.12177477122,444510.43927722075,763633.2585718068,475624.0,445614.888883595,3723206.0,3688630.431591868,131625.0,127599.30083477119
9/14/20,198838.07860949443,433120.26442068286,755069.0776505541,443466.0,440034.91788258764,3770138.0,3718973.253246398,132006.0,128386.71189602347
9/15/20,193747.21131855948,421964.3125524408,746458.2091171453,437639.0,434438.2500381137,3811505.0,3748952.8380606147,133119.0,129169.13930805904
9/16/20,188842.85661505733,411041.362985208,737807.02969328,439513.0,428828.8410441413,3845464.0,3778567.74522031,134106.0,129946.57038942454
9/17/20,184117.6471290732,400349.95113353507,729121.731905855,446517.0,423210.51850405947,3873934.0,3807816.7927819733,134935.0,130718.99589146531
9/18/20,179564.5039910205,389888.38419712643,720408.32338552,461851.0,417586.98195863795,3897539.0,3836699.050120005,135793.0,131486.4098914167
9/19/20,175176.62755029072,379654.75870567036,711672.6264172553,454815.0,411961.8031037954,3936893.0,3865213.8299377896,136532.0,132248.80967946115
9/20/20,170947.48700617987,369646.9788005669,702920.2778356577,444288.0,406338.4262413764,3963446.0,3893360.6800532737,136895.0,133006.19564282586
9/21/20,166870.81070188637,359862.77307544556,694156.7293175351,427336.0,400720.16897237796,3993432.0,3921139.3753223578,137272.0,133758.57115209947
9/22/20,162940.57872912707,350299.7079623478,685387.2481029535,436428.0,395110.22313061135,4016831.0,3948549.910034739,138105.0,134505.9424545201
9/23/20,159151.01355361886,340955.2030621665,676616.9179557002,406432.0,389511.6558919305,4046827.0,3975592.4899318186,138105.0,135248.31856209118
9/24/20,155496.56986203615,331826.54673783504,667850.6405799798,414940.0,383927.4111934291,4102954.0,4002267.5239758273,139808.0,135985.71113639043
9/25/20,151971.9273174173,322910.90797793196,659093.1370654189,420586.0,378360.3111052694,4128490.0,4028575.6169544244,140537.0,136718.13438542502
9/26/20,148571.98235413394,314205.34887122584,650348.9496792767,423278.0,372813.0574404797,4153307.0,4054517.561851102,141406.0,137445.60495735248
9/27/20,145291.83940959576,305706.8371866295,641622.4440224023,417857.0,367288.2336075111,4172711.0,4080094.332067971,141741.0,138168.14183230262
9/28/20,142126.80248186804,297412.258171131,632917.8113882047,406034.0,361788.3065807462,4197372.0,4105307.0737830186,142058.0,138885.76621627348
9/29/20,139072.36854413126,289318.42410374,624239.0709941383,397449.0,356315.6287370709,4237152.0,4130157.098952157,142921.0,139598.5014442791
9/30/20,136124.2197400366,281422.08465551405,615590.0726620875,392209.0,350872.44000580517,4274774.0,4154645.877964263,143952.0,140306.37287876423
10/1/20,133278.21528277395,273719.93705694185,606974.4998447866,402753.0,345460.87024490396,4299659.0,4178775.0322134793,144680.0,141009.40780704643
10/2/20,130530.38507575545,266208.6344137644,598395.8723428373,402753.0,340082.9413643696,4299659.0,4202546.3273595525,144680.0,141707.63534851623
10/3/20,127876.92302137782,258884.79394172685,589857.5492947773,399738.0,334740.569627582,4361108.0,4225961.666530654,145987.0,142401.086361182
10/4/20,125314.18010628862,251745.00499491044,581362.7324623038,393583.0,329435.5681456414,4375354.0,4249023.083468442,146352.0,143089.79334755076
10/5/20,122838.65766820403,244785.83659051417,572914.4696485257,382678.0,324169.6494475081,4397882.0,4271732.735785739,146675.0,143773.79036221147
10/6/20,120447.00187397476,238003.8438132146,564515.6577062844,391307.0,318944.4277355875,4430340.0,4294092.898853981,147494.0,144453.11292832263
10/7/20,118135.99761485861,231395.57426954442,556169.0460047763,395294.0,313761.42145417345,4457172.0,4316105.95945393,148228.0,145127.79795091777
10/8/20,115902.56238032412,224957.57415576646,547877.240141622,391395.0,308622.0560137289,4488092.0,4337774.409433159,148957.0,145797.88363045524
10/9/20,113743.74102142415,218686.39361284397,539642.7052443514,403395.0,303527.6662093776,4502854.0,4359100.839899945,149639.0,146463.40938388972
10/10/20,111656.700532298,212578.59176381718,531467.7694241563,429585.0,298479.49873235234,4502854.0,4380087.935471175,150198.0,147124.41576660913
10/11/20,109638.72480385426,206630.74142388016,523354.6274405448,418098.0,293478.71481562854,4526393.0,4400738.468530362,150488.0,147780.9443946304
10/12/20,107687.20952008555,200839.43342520067,515305.34445308615,426326.0,288526.39292685187,4526393.0,4421055.293593324,150689.0,148433.0378683933
10/13/20,105799.65772623956,195201.2805755014,507321.85929774394,436237.0,283623.53111601487,4526393.0,4441041.3421857245,150998.0,149080.73970368516
10/14/20,103973.67522022115,189712.92130750522,499405.98812037654,462723.0,278771.04960086796,4526393.0,4460699.617612436,151747.0,149724.09426118823
10/15/20,102206.96604560758,184371.02292013273,491559.4281654991,490533.0,273969.7934475615,4526393.0,4480033.189782842,152460.0,150363.1466769106
10/16/20,100497.32839818898,179172.28466007096,483783.76118823775,520693.0,269220.5349792952,4526393.0,4499045.190428567,153214.0,150997.94279806755
10/17/20,98842.65066110915,174113.4405078876,476080.45690216194,544294.0,264523.9761992641,4526393.0,4517738.808437281,153675.0,151628.52912064473
10/18/20,97240.90750591396,169191.26160563828,468450.87658225046,544294.0,259880.7513100945,4526393.0,4536117.2852273295,153675.0,152254.9527276254
10/19/20,95690.156132996,164402.55837158507,460896.2767098057,570158.0,255291.42925162398,4526393.0,4554183.9102349635,154176.0,152877.2612288554
10/20/20,94188.53285523734,159744.18272191455,453417.8121018677,592724.0,250756.5158768374,4526393.0,4571942.016826018,154837.0,153495.50270671656
10/21/20,92734.24968895622,155213.02983517793,446016.5393431476,616976.0,246276.4563255382,4526393.0,4589394.978157781,155403.0,154109.72566124136
10/22/20,91325.59107856028,150806.03962557053,438693.4202549487,641337.0,241851.63741426062,4526393.0,4606546.203144538,155900.0,154719.97895672757
10/23/20,89960.91070927872,146520.19785449965,431449.32550899376,670792.0,237482.3901165475,4526393.0,4623399.132461341,156471.0,155326.31176896885
10/24/20,88638.62865195256,142352.5377776013,424285.0373830694,697339.0,233168.9914508287,4526393.0,4639957.235127117,156903.0,155928.7735403222
10/25/20,87357.22847497795,138300.14108000515,417201.2530842623,710601.0,228911.66674744096,4526393.0,4656224.0048871,157134.0,156527.41393218873
10/26/20,86115.25452182646,134360.13864421187,410198.5879755412,726064.0,224710.5918411446,4526393.0,4672202.95676723,157397.0,157122.2827799021
10/27/20,84911.3093140535,130529.71103292979,403277.57884756196,366962.0,220565.8952860965,4914733.0,4687897.623719935,157946.0,157713.43004894463
10/28/20,83744.05103800863,126806.08949699021,396438.6866221833,,216477.66018393115,,4703311.553614088,,158300.90579573959
10/29/20,82612.19116002243,123186.5563487872,389682.29938544583,,212445.92622498304,,4718448.306188762,,158884.76012811047
10/30/20,81514.49215742391,119668.44518587142,383008.73537188163,,208470.69169000388,,4733311.450128465,,159465.04316744098
10/31/20,80449.76536368276,116249.14087238537,376418.24597842206,,204551.9154650408,,4747904.560223206,,160041.80501205567
11/01/20,79416.86882993316,112926.08010485768,369911.0182335532,,200689.51868803558,,4762231.214838858,,160615.09570468424
11/02/20,78414.70533689893,109696.75134575619,363487.17758133943,,196883.3865989049,,4776294.993351374,,161184.96519959223
11/03/20,77442.2205132229,106558.69465660148,357146.7905898916,,193133.37033309817,,4790099.473706402,,161751.46333144433
11/04/20,76498.40106189711,103509.50134711148,350889.8676529863,,189439.2887048066,,4803648.2300714515,,162314.6397854719
11/05/20,75582.2729264918,100546.81416019374,344716.3652789976,,185800.92971377212,,4816944.830700139,,162874.54407038755
11/06/20,74692.8996450943,97668.32690309807,338626.188592512,,182218.05218651396,,4829992.835815462,,163431.22549169287
11/07/20,73829.3807871953,94871.78400809222,332619.19376154954,,178690.3873619218,,4842795.795609968,,163984.73312660656
11/08/20,72990.85048233472,92154.97996186148,326695.1903940196,,175217.64045079815,,4855357.248341683,,164535.11580033362
11/09/20,72176.47586923851,89515.75919614817,320853.94362817594,,171799.49199635608,,4867680.71855262,,165082.42206380967
11/10/20,71385.45572721853,86952.01551685492,315095.176353934,,168435.59931105722,,4879769.715358983,,165626.70017258378
11/11/20,70617.01917913508,84461.6914744166,309418.57137541816,,165125.5978711851,,4891627.730829084,,166167.99806688883
11/12/20,69870.42447107703,82042.77764149789,303823.7735350679,,161869.10268198221,,4903258.23844463,,166706.36335285936
11/13/20,69144.95766094653,79693.31230399146,298310.3915754357,,158665.70947072658,,4914664.691673465,,167241.84328512437
11/14/20,68439.93148171194,77411.38075196542,292878.000105881,,155514.99594240115,,4925850.522599947,,167774.484750287
11/15/20,67754.68426364336,75195.11453565855,287526.14150114823,,152416.52298599598,,4936819.140648226,,168304.33425167622
11/16/20,67088.57891804,73042.6906646909,282254.327751245,,149369.83584513076,,4947573.931384762,,168831.43789518028
11/17/20,66441.00183423368,70952.33114178604,277062.042128966,,146374.4651737306,,4958118.255370051,,169355.84137558145
11/18/20,65811.36193307376,68922.3021803572,271948.74090337864,,143429.92811298114,,4968455.447102272,,169877.58996425732
11/19/20,65199.089770772815,66950.91339475363,266913.85499675496,,140535.72932833398,,4978588.814033989,,170396.72849786544
11/20/20,64603.63669096687,65036.51695955263,261956.79159121157,,137691.36201087615,,4988521.635657151,,170913.30136794728
11/21/20,64024.4738979347,63177.507046297964,257076.9355922883,,134896.3087894212,,4998257.162621628,,171427.3525108429
11/22/20,63461.09166760055,61372.31900512807,252273.65111504772,,132150.04264985857,,5007798.615940815,,171938.92539887773
11/23/20,62912.99860128805,59619.428528538,247546.28291628306,,129452.02781675631,,5017149.186263611,,172448.06303243872
11/24/20,62379.72091630509,57917.35080381805,242894.1577770061,,126801.72060059616,,5026312.03320466,,172954.8079328231
11/25/20,61860.801668492175,56264.639889991195,238316.58577882423,,124198.57018038337,,5035290.2846888015,,173459.20213514927
11/26/20,61355.80009322847,54659.887894299805,233812.86158070038,,121642.01937968841,,5044087.036383193,,173961.28718252946
11/27/20,60864.29098285993,53101.72413901427,229382.26564471066,,119131.50540712464,,5052705.351188934,,174461.10412103773
11/28/20,60385.86409154796,51588.81433114623,225024.06541472688,,116666.460564971,,5061148.258781017,,174958.69349530863
11/29/20,59920.12348368145,50119.85990788991,220737.51642108933,,114246.31291497783,,5069418.755145867,,175454.09534397649
11/30/20,59466.686982196516,48693.59723103598,216521.86336651476,,111870.48692517544,,5077519.802207255,,175947.3491963785
12/01/20,59025.18564836432,47308.7967748053,212376.3411677824,,109538.40408647119,,5085454.327501473,,176438.49406990534
12/02/20,58595.263281444764,45964.262326112614,208300.17595461124,,107249.48350090234,,5093225.223891174,,176927.56846784538
12/03/20,58176.575872274276,44658.830325412,204292.58601251614,,105003.1424381296,,5100835.349272538,,177414.6103770326
12/04/20,57768.79114057851,43391.369091821514,200352.7827001542,,102798.79686992645,,5108287.526361488,,177899.6572666098
12/05/20,57371.58809926802,42160.77804694303,196479.97132461227,,100635.86197594437,,5115584.542524779,,178382.74608738167
12/06/20,56984.656632656195,40965.98695707147,192673.35197899,,98513.75262508976,,5122729.149640695,,178863.91327153402
12/07/20,56607.697038260936,39805.95528369147,188932.12034207964,,96431.8838370886,,5129724.0639457265,,179343.1947320653
12/08/20,56240.41963774789,38679.671450282956,185255.46844434345,,94389.67121714553,,5136571.965955957,,179820.62586326667
12/09/20,55882.54441125672,37586.15211013044,181642.5853964681,,92386.5313653975,,5143275.50042649,,180296.24154169508
12/10/20,55533.80064105107,36524.441435877154,178092.6580855429,,90421.88226595083,,5149837.276332497,,180770.0761274019
12/11/20,55193.92652682635,35493.61049315239,174604.87184454236,,88495.14366295892,,5156259.866834313,,181242.163464862
12/12/20,54862.66885784129,34492.75655423208,171178.41108561162,,86605.73740906782,,5162545.809309118,,181712.5368848269
12/13/20,54539.78270530019,33521.00241483148,167812.4598995122,,84753.08779127795,,5168697.605415488,,182181.22920660116
12/14/20,54225.03112057231,32577.495734037733,164506.2026280155,,82936.62184025272,,5174717.721172496,,182648.27274047732
12/15/20,53918.18481182043,31661.408439191455,161258.824417719,,81155.769631503,,5180608.587022307,,183113.69928987446
12/16/20,53619.02186702564,30771.936089226343,158069.51173728023,,79409.96455949737,,5186372.5979512185,,183577.54015428107
12/17/20,53327.3274945615,29908.29724310476,154937.45286362755,,77698.64359118587,,5192012.113639517,,184039.82613256678
12/18/20,53042.893767018024,29069.732851249402,151861.83834639977,,76021.2475067366,,5197529.458619622,,184500.58752636646
12/19/20,52765.51934897548,28255.50569642547,148841.86146026952,,74377.22113601994,,5202926.922417328,,184959.85414317233
12/20/20,52495.009262428066,27464.899807845894,145876.7186209413,,72766.01356877421,,5208206.759744513,,185417.6553001288
12/21/20,52231.1746674736,26697.21988121041,142965.6097735944,,71187.07834671915,,5213371.19071614,,185874.01982813346
12/22/20,51973.83264437012,25951.790720815206,140107.7387642013,,69639.87364610091,,5218422.401070499,,186328.97607594373
12/23/20,51722.8059639037,25227.95671984751,137302.31370235884,,68123.86245785208,,5223362.542373958,,186782.55191401995
12/24/20,51477.92288825316,24525.08132424576,134548.54729023317,,66638.51274372423,,5228193.732269308,,187234.77473895717
12/25/20,51239.01698791721,23842.546500495966,131845.65712408494,,65183.29757421183,,5232918.054749597,,187685.67147824372
