2, Italy, 47888.30826528763, 5235814.383559132, 5.551567022756014, 315.4450119446729, 0.2881304104214288, 0.2805458602065518, 1e-12, 1e-12, 0.0125, 0.2, 0.0125, 1e-16, 0.2, 1e-12
1, Italy, 48573.57970672239, 3452359.764610274, 1.915740907387078, 249.90649543189528, 0.620951884281808, 0.2274825290401017, 8.755988997359335e-06, 1e-12, 0.0125, 0.2, 0.2, 1e-16, 1.0166902823637405e-12, 3.742955318599477e-06
2, Italy, 22844.467275373023, 8945198.884563606, 2.829608435145545, 485.98106352031033, 0.16149674945279197, 0.24110506585773245, 9.745057698749258e-07, 1e-12, 0.012500000044715518, 0.1999999965842126, 0.012500000000006294, 1.8254346616484983e-11, 0.19999999637375174, 8.544526765546876e-05
3, Italy, 29993.711889988044, 3655478.381024601, 11.817474428925781, 598.8636832473952, 0.3155970388794952, 0.1891284072358744, 2.5462478265843794e-06, 1e-12, 0.01691524278299023, 0.19999933171680004, 0.062375849855348185, 0.009419188306729208, 0.19528970995528422, 0.00020182385329803098
4, Italy, 42579.23781238923, 6308484.094800662, 1.4767295487642196, 478.37718102553634, 0.5609976819988277, 0.3252188423447301, 2.2707092903244286e-06, 1e-12, 0.012500000018366555, 0.13216699031824178, 0.1321669903184207, 1e-16, 0.07235521032697467, 2.7009568221287004e-07
5, Italy, 56307.76576506352, 6525028.141604043, 1.1133242906220664, 185.80081835255217, 0.45683374069360694, 0.3816747648836194, 1.724903421736502e-06, 1e-12, 0.01250000000000008, 0.01250000000000022, 0.2, 1e-16, 1e-12, 6.186659710643546e-07
6, Italy, 46849.026486839706, 3482810.3714581183, -1.143732857490991, 351.6094292911192, 0.6539568655093287, 0.21611189464202893, 5.894113620537867e-06, 9.999999999994796e-13, 0.012500030069410372, 0.1999998928502239, 0.14949751609862247, 1e-16, 0.053869202117441166, 1e-12
7, Italy, 25050.790361803378, 2508288.0550594027, 14.406670642850084, 60.704047475519786, 0.1346178013756907, 0.31421920119485885, 7.68197359255519e-06, 1e-12, 0.0125, 0.2, 0.01250000672602377, 3.293798723124803e-08, 0.19999999999632648, 0.0003958253109874872
8, Italy, 12615.773515271529, 2728996.0328804515, 7.005554389416977, 517.8734339498554, 0.4608143686565882, 0.37892600950497357, 9.999999960041972e-13, 8.619063420173521e-05, 0.0125, 0.014562244777010349, 0.022004594149405674, 0.0007828001779246018, 0.0035348921191092927, 1e-12
9, Italy, 41622.329740698675, 7085745.500462161, -4.419988298994662, 121.96006852817429, 0.47448406746960636, 0.1331100966013674, 1.524059222356444e-06, 1e-12, 0.01250000011896577, 0.19999999992603074, 0.012500000000097681, 1.7232200972881866e-09, 0.19999965714542184, 9.45059940307406e-05
10, Italy, 50983.56897283485, 8955115.048869755, 11.303410145240932, 197.61228692793145, 0.39883941606423345, 0.2379360575221827, 1.3653418249097114e-06, 1e-12, 0.0125000000000027, 0.19999981239218662, 0.012500000000001598, 1.8290840130658239e-09, 0.19999979989199512, 1.3718030243582696e-06
11, Italy, 6747.7557838888315, 1113990.6738256675, 2.5106357390675544, 368.0328334613299, 0.6756235006538731, 0.3789280637921525, 1e-12, 3.81804846920993e-05, 0.040933216536808814, 0.0125, 0.0125, 0.0005833015927976809, 0.005677006224541502, 1e-12
12, Italy, 45390.814871305345, 8668658.438822143, 3.5688724635669455, 40.53870113360596, 0.5039667643111858, 0.3961313943094713, 1.2278774675270246e-06, 1e-12, 0.0125, 0.012583596015912664, 0.040871538618906855, 0.010151315972262579, 0.00768718698541406, 1.0000000051091459e-12
13, Italy, 6323.11540206608, 1539070.1082878273, 14.937932616179083, 528.1555673141823, 0.3516469578983241, 0.2454043686892224, 0.003394409144781335, 0.0034792579086687955, 0.018644812084860202, 0.0125, 0.0125, 1e-16, 0.008888622306398784, 0.00017161368565586394
14, Italy, 24988.693002861633, 8484492.98591087, -1.9731031553626477, 131.58721092184527, 0.1215680197366723, 0.2611068719866071, 2.5568470986198245e-07, 1e-12, 0.012500000000697, 0.012557399259354843, 0.012557399259226545, 0.00012245175501717927, 0.19993877412311364, 6.122587698866639e-05
15, Italy, 49100.59485593204, 7874804.472095629, 12.79300883738292, 308.0119423074711, 0.3514584903030016, 0.26674600575786733, 1.451363397902697e-06, 1e-12, 0.0125, 0.2, 0.0125, 1.0000000088912681e-16, 0.19999999999613097, 7.365734806858664e-07
16, Italy, 6158.68501532868, 1592082.7184741544, 5.722610462901912, 224.57499164944764, 0.6769504419771273, 0.13210556567746315, 1.8785686439548046e-05, 1e-12, 0.023573889123427515, 0.015297984626101135, 0.0156179265591328, 1e-16, 0.007654811738130827, 1e-12
17, Italy, 8477.110412433092, 1449875.7843010183, 13.080301219103887, 493.25001981320185, 0.6691695282583198, 0.15851538559790834, 0.003168343974645357, 1e-12, 0.020442387975591343, 0.0125, 0.0125, 9.999054535747565e-17, 0.008158349772810543, 0.00013711183400956647
18, Italy, 39499.519199579416, 4136295.3463831157, 10.320723500332358, 44.72659370337997, 0.360151168252992, 0.2798327459521745, 4.241698864618464e-06, 1e-12, 0.0125, 0.2, 0.0125000113743788, 4.415892287430232e-08, 0.199999999019413, 0.0002166476566805154
19, Italy, 48658.25206887026, 5436558.823876817, 3.2055000006645944, 102.03509337852243, 0.5812090797876305, 0.2726561416512825, 5.60503781391446e-06, 1e-12, 0.0125, 0.2, 0.19999999999997672, 1e-16, 1.0114527840657647e-12, 6.0402074408090606e-06
20, Italy, 50668.56937280898, 7455812.084999719, 4.991740424660678, 568.3219492248115, 0.44774381666201635, 0.1818266930101598, 1.1530600368574414e-06, 1e-12, 0.012500000000001248, 0.2, 0.0125000000000021, 1.4648881068315584e-14, 0.2, 1.7660449506350739e-06
21, Italy, 30931.711274261786, 1904722.7381548267, 5.922713635672434, 53.46721067060838, 0.2882706615155796, 0.14368088100291987, 7.748345476439471e-06, 1e-12, 0.012500000307923281, 0.2, 0.012500000162778831, 4.196130749428627e-10, 0.19999994815355698, 0.0003640157823174261
22, Italy, 40133.04954558378, 2696086.8673593607, 3.857450156383617, 362.8366285414518, 0.4611381445166288, 0.1333821754676449, 3.986291802212145e-06, 1e-12, 0.012500000446779036, 0.19999692363683413, 0.012500000100158636, 1.7015915097331445e-08, 0.19999675414175405, 0.0003185214967676065
23, Italy, 52005.55720081057, 7400954.063265129, 7.733263747354195, 213.89501192553948, 0.3332325170107476, 0.3034143228967878, 1e-12, 1e-12, 0.0125, 0.2, 0.0125, 1e-16, 0.2, 1e-12
24, Italy, 24582.62674602217, 8220320.472026315, 0.4008216295533096, 275.2491101988034, 0.19649926240448745, 0.16827057986874255, 1.0455384766017426e-06, 1e-12, 0.012500000012004093, 0.19999937888469282, 0.012500000000245216, 3.2897528905885754e-09, 0.1999993458082084, 7.425120073093234e-05
25, Italy, 38993.19339703826, 4562825.761027137, 13.230336673901512, 159.08407936035255, 0.2881304104214288, 0.3427354929974885, 1.1590507129158757e-06, 1e-12, 0.01250076701590215, 0.012746408181592636, 0.0127464081827677, 0.00052577515381861, 0.19970623325726147, 0.0002628386288377824
26, Italy, 42435.1819019159, 5730178.299336545, 1.915740907387078, 187.67328041479206, 0.4496320509632944, 0.34629929136048687, 4.479989365816942e-06, 1e-12, 0.0125, 0.2, 0.1999999999999924, 8.962278230922931e-15, 1.0034997374902638e-12, 2.64037817168505e-06
27, Italy, 44840.65944258783, 8945198.884563606, 4.409206977581784, 485.98106352031033, 0.2876787353717019, 0.24110506585773245, 1.22155933754041e-07, 1.2215593375383163e-07, 0.012500000038133709, 0.2, 0.012500057260125198, 1.2215493385427867e-07, 0.19999993892253312, 6.107846687698204e-08
28, Italy, 32946.39482747107, 7017423.603300571, 10.647424129451153, 506.8190255361114, 0.3155970388794952, 0.1891284072358744, 1.42012364216733e-06, 1e-12, 0.012501206415347143, 0.2, 0.012500840333369364, 2.760831976310613e-06, 0.19999913526781032, 0.0001271086785732786
29, Italy, 23160.165217150192, 4536596.457449683, 3.2832012736376797, 572.9854139768997, 0.36597801449030587, 0.3252188423447301, 2.1146679912211877e-06, 1e-12, 0.0125, 0.03169026658704403, 0.021323183924229678, 1e-16, 0.007157239869365857, 6.528152643668438e-12
30, Italy, 46058.665372053816, 6709957.370222783, 1.1133242906220664, 143.44504413868, 0.5001975675252399, 0.2809375192259749, 3.7806266037673465e-06, 1e-12, 0.0125, 0.2, 0.1999999999999962, 1.4782096671775446e-14, 1.003017678076958e-12, 3.5930872366881836e-06
31, Italy, 51216.41563222, 5368390.839151285, -1.143732857490991, 439.7672656451307, 0.6539568655093287, 0.14451755872723399, 3.36109310690817e-06, 1e-12, 0.0125, 0.2, 0.2, 1e-16, 0.2, 1.3366800112932346e-06
32, Italy, 34656.10753270389, 4008541.946368295, 14.406670642850084, 242.95412977399533, 0.31830592231238825, 0.19564032166407364, 3.307308060686549e-06, 1e-12, 0.01250000009964314, 0.19999364499006014, 0.012500000013658667, 3.397389205221785e-08, 0.1999932553618286, 0.00023821394779074162
33, Italy, 43455.73431248467, 2728996.0328804515, 2.3725635636319717, 5.743088319991674, 0.4608143686565882, 0.24344139971685214, 8.284455562460325e-06, 1e-12, 0.0125, 0.2, 0.012500000037290116, 2.113733585069072e-11, 0.19999999994449602, 0.0002929961459380865
34, Italy, 45340.46767226649, 6903678.735429431, 4.4195738456952345, 121.96006852817429, 0.4902596201117385, 0.3582384490931898, 4.083562620947374e-06, 1e-12, 0.0125, 0.2, 0.2, 1e-16, 1.000000000000078e-12, 3.1501810296404116e-06
35, Italy, 51361.66725862036, 6663434.2696711095, -4.854034930401861, 67.00222809374866, 0.39883941606423345, 0.35469937647596295, 1.5929154225201725e-06, 2.0001425937318756e-08, 0.0125, 0.012500000000289285, 0.1999790503785259, 1.995885015070054e-13, 9.828202247250224e-08, 1.7915836945955724e-06
36, Italy, 6902.077829751803, 3279872.3220984717, 7.536209880571432, 315.1584866412533, 0.6756235006538731, 0.3847185006420548, 7.739467452317246e-08, 2.6391344039309552e-05, 0.012500061783018011, 0.015200986892355134, 0.018204150879279356, 0.0012929671065518677, 0.00025121913107730223, 0.005383548168047037
37, Italy, 15903.48393703467, 8668658.438822143, 14.011990057046035, 565.6951393379951, 0.6593761328916068, 0.3961313943094713, 9.999999960041972e-13, 3.075474695286049e-05, 0.012500001902620576, 0.02750650363965426, 0.03615390135343669, 0.00038373699960707043, 1e-12, 0.016529587813604738
38, Italy, 36192.36975313075, 7647033.022123067, 5.5219324817008, 80.07272253673165, 0.3516469578983241, 0.3898921239846743, 1.0213975517401878e-06, 1e-12, 0.012500000000175043, 0.012500382819093719, 0.0125, 0.019367360858622073, 1.688132227838716e-05, 2.472304768388368e-05
39, Italy, 21023.145353697255, 8424407.814130057, 0.5784065389092294, 339.2004373277465, 0.1215680197366723, 0.2611068719866071, 1.088364631238561e-06, 1e-12, 0.012500000098824897, 0.19999997303061867, 0.0125, 2.0903839557889937e-10, 0.1999999583914492, 8.688368578330672e-05
40, Italy, 44528.23401244267, 7874804.472095629, 12.79300883738292, 0.7463489414270275, 0.3151862591243258, 0.2910023558854692, 1e-12, 2.5226328770463955e-10, 0.0125, 0.199999998572763, 0.0125, 7.605950391752095e-12, 0.19999999848522604, 6.312592378542298e-05
41, Italy, 5210.474800043656, 1592082.7184741544, 5.722610462901912, 200.72275686109148, 0.2616899727583223, 0.37317542885056654, 2.3503427339085486e-05, 2.544847301426483e-08, 0.019071916195559705, 0.0125, 0.0125, 0.0001014545288046888, 0.009286422270569656, 0.0001587946859859794
42, Italy, 6898.89010692448, 1449875.7843010183, 13.080301219103887, 501.8852877467946, 0.5555551518572324, 0.2862504526701108, 1e-12, 0.0009241138874578741, 0.022691746526467247, 0.012500000000052046, 0.012537930308082012, 0.0005947859233764661, 0.005868476978761913, 2.272945622925291e-05
43, Italy, 37304.93964131136, 4136295.3463831157, 10.320723500332358, 44.72659370337997, 0.360151168252992, 0.1590376227091284, 3.821895284722585e-06, 1e-12, 0.0125, 0.2, 0.012500000011495042, 2.8255959000342347e-09, 0.19999946313287922, 0.0001813967980137306
44, Italy, 52829.10881301974, 5436558.823876817, 13.931576646884224, 102.03509337852243, 0.5812090797876305, 0.188261130810164, 5.501723222558757e-06, 1e-12, 0.0125, 0.1999999999999999, 0.2, 1e-16, 0.19999999999999987, 9.486265881526982e-06
45, Italy, 50653.89559675272, 7455812.084999719, 4.848226958451637, 332.0913922711717, 0.4493304509770939, 0.1818266930101598, 1.296318860306937e-06, 1e-12, 0.0125, 0.2, 0.012500000000000046, 2.7591628453508865e-16, 0.2, 3.27594489410931e-06
46, Italy, 12374.352481489012, 3008966.7240342987, 13.703184061693182, 487.5213359199835, 0.34929344943763596, 0.10449962838519225, 6.69028582513696e-11, 0.00013559860880349596, 0.0125, 0.02498255675228307, 0.012505481677695515, 3.1003907030208373e-06, 0.013229809962465604, 0.00018681218744166892
47, Italy, 54330.950678301866, 8367494.405586476, 3.857450156383617, 385.11889651856535, 0.6835069358968964, 0.1333821754676449, 2.279796593711143e-06, 1e-12, 0.0125, 0.2, 0.2, 1e-16, 0.2, 9.92020021108346e-07
48, Italy, 45312.47071606661, 7400954.063265129, 6.309395673133032, 354.8347290125257, 0.43191274653787326, 0.3034143228967878, 2.094764216891035e-06, 7.243000214349939e-08, 0.012500000000000056, 0.19998566972111398, 0.19998567388078495, 1e-16, 8.851425371020314e-08, 6.647158434821707e-07
49, Italy, 19427.959181794624, 5964747.873598913, -3.8875570632565393, 174.09167126249224, 0.11124981161514308, 0.16827057986874255, 1.3763369048391512e-06, 1e-12, 0.01250000020520843, 0.1999999944937031, 0.012500000000036617, 7.527925794063312e-13, 0.19999999987833572, 8.436141897099622e-05
50, Italy, 27510.86755578532, 5112331.157456579, 3.697893386345452, 106.43825545640809, 0.2846968550455218, 0.24032051599804732, 3.155398876770806e-06, 1e-12, 0.01251459096768201, 0.1995831859288317, 0.05860607711971695, 0.09835963414834464, 0.15082018117622975, 8.039864015743464e-05
51, Italy, 32252.61283509621, 5730178.299336545, 1.915740907387078, 377.1587806970239, 0.31752234095148624, 0.24866905322758356, 1.6735586940253503e-06, 1e-12, 0.012500010012549492, 0.2, 0.012500019879692304, 1.5583712411120703e-07, 0.19999999998373857, 0.00013986265070381715
52, Italy, 31856.840902298725, 7122104.8055279665, 5.935589524714832, 328.9572241201575, 0.30117298417087035, 0.3318575748122191, 8.523610649757297e-07, 1e-12, 0.0125, 0.0125002115499023, 0.012500210635837197, 8.958204699890353e-05, 0.023770621179767085, 8.830559430173371e-05
53, Italy, 31057.162584490376, 6993629.025038466, -3.476501877210205, 598.8636832473952, 0.3155970388794952, 0.1891284072358744, 1.1419575003109126e-06, 1e-12, 0.012500000057567611, 0.19999995854947464, 0.012500538869006208, 1.1499403469369809e-06, 0.1999993549143571, 0.00010780332937580225
54, Italy, 42321.68120509484, 7677457.093776869, 11.552345984247864, 136.1722629454611, 0.36597801449030587, 0.3754619365834797, 8.070852906817222e-07, 1e-12, 0.037044596389235816, 0.037091520465322214, 0.17538594759796583, 0.05246191040142728, 0.026231070640821606, 5.0363480224222196e-05
55, Italy, 33821.7716703392, 4973120.148705954, 3.624413002127815, 22.01445165231668, 0.19808984248451306, 0.3312194400222279, 1.142693234052293e-06, 1e-12, 0.012500000096249624, 0.012500000028427898, 0.012500000035075138, 1.135647731652155e-08, 0.19999778424563336, 0.00014017596384296142
56, Italy, 8677.886349032315, 1532370.8418671, 12.331100009671694, 217.10493953451996, 0.589820940723135, 0.21611189464202893, 0.003397997038342879, 0.003816957126089988, 0.0183371747866488, 0.0125, 0.0125, 1.8477147069941582e-05, 0.007919983789014125, 0.00011449137125806684
57, Italy, 50569.98332351257, 3447261.2640216984, -1.929278164055963, 203.06961327583596, 0.6670956479973795, 0.18957168535747715, 8.406969810719001e-06, 1.9455412712670553e-08, 0.0125, 0.2, 0.2, 1.0000000667872815e-16, 1.0000000000024563e-12, 5.074361927918458e-06
58, Italy, 44670.04967832121, 7137577.812553551, 7.005554389416977, 119.59542585650391, 0.4608143686565882, 0.28009174364215417, 3.224593673143681e-06, 1e-12, 0.012500000000017572, 0.19999999999999915, 0.1922927179167368, 0.016442202323201763, 0.00822110057015976, 1.9644521881923187e-10
59, Italy, 25784.04651801763, 7315293.93424062, -4.419988298994662, 555.6214299488612, 0.2511781689876541, 0.2177402436808707, 7.161136911081707e-07, 1e-12, 0.021161827383306846, 0.19999996039621054, 0.021161824567163947, 0.018478559380254295, 0.1907606605686543, 9.547611978974994e-05
60, Italy, 32371.006868939377, 8955115.048869755, 11.303410145240932, 587.7175860501156, 0.290489068198633, 0.28909113827202493, 1.1125491037998065e-06, 1e-12, 0.012600183656373892, 0.19999999999999965, 0.012600183652088188, 0.00021372512745493778, 0.19989313743768383, 0.00010711170810106301
61, Italy, 5053.9322684440085, 1113990.6738256675, 2.5106357390675544, 368.0328334613299, 0.40275513886730774, 0.23153678261078053, 1e-12, 3.836170459520921e-05, 0.04103651864544562, 0.0125, 0.0125, 1e-16, 0.00937275527675758, 0.0002194559383159724
62, Italy, 51503.92147529249, 7869091.979546786, 14.011990057046035, 196.66867471421307, 0.5049079586814259, 0.25943073567020336, 3.6956001810101533e-06, 1e-12, 0.0125, 0.2, 0.19999999995496973, 3.299706064213874e-10, 6.328783979381973e-11, 1e-12
63, Italy, 37919.21242739531, 4086703.3998705633, 0.40222459024098, 37.62989009454585, 0.37802570027336146, 0.2497727258168847, 3.6612420088816365e-06, 1e-12, 0.0125, 0.2, 0.01250000214017946, 9.283572861759257e-09, 0.19999999997739612, 0.00018095843237549586
64, Italy, 30267.153498476648, 4628975.383508444, 4.569599892887352, 174.07391370632797, 0.26334870561482515, 0.22246219683921648, 2.5140370861733733e-06, 1e-12, 0.012500000302818049, 0.2, 0.012500000165064402, 1.4162809903961646e-09, 0.1999999854613064, 0.00016857896409103976
65, Italy, 26177.574332299137, 5319554.175046097, -1.0396905600141757, 344.48108093307303, 0.1408545541891176, 0.2910023558854692, 4.295688051558334e-07, 1e-12, 0.012500774420439344, 0.012635311027020124, 0.012635311024528592, 0.00028866353153979773, 0.1998564942822814, 0.0001443317935141089
66, Italy, 7267.139751860979, 1630832.8819045199, 5.722610462901912, 425.6577180175964, 0.5761310857714997, 0.37317542885056654, 2.009741639833952e-05, 1.9092731147389968e-07, 0.01876508231166235, 0.012500482928249254, 0.012500353300566288, 0.0009553458770613374, 0.003047152862228603, 9.999999960041972e-13
67, Italy, 6702.554259400605, 1449875.7843010183, 13.080301219103887, 326.951745035685, 0.4405521799981831, 0.14209863062668943, 0.0037638104532012576, 0.0007546628347519906, 0.020360252539009607, 0.0125, 0.0125, 1e-16, 0.00875797854042717, 0.0001677917564684133
68, Italy, 40547.829113021086, 8000389.326638056, 9.992297970096393, 44.72659370337997, 0.45091795381725985, 0.24792510190033468, 3.681371561043986e-06, 1e-12, 0.0125, 0.1999998313182033, 0.1999998313182759, 1e-16, 0.19999982098096966, 5.847886850949416e-05
69, Italy, 43017.466589705895, 5436558.823876817, 1.0183315476967314, 172.69221265263815, 0.5566319198063262, 0.3415818950024746, 3.3527385201187126e-06, 1e-12, 0.01250000001051923, 0.13536159085209992, 0.13536159085280447, 1e-16, 0.06894763642275159, 1.3560884497842565e-06
70, Italy, 51946.21020040471, 4751551.841526624, 2.438317951741171, 47.99623324805415, 0.404797362382596, 0.3519443499827213, 2.259103290214162e-06, 1e-12, 0.012500016452493013, 0.012500061726338196, 0.1993139359586821, 8.203575880898481e-07, 9.175932357916222e-07, 6.60617817972822e-05
71, Italy, 35633.306432611775, 8292384.762875029, 13.703184061693182, 487.5213359199835, 0.34929344943763596, 0.3261459206816293, 9.298617718920296e-07, 1e-12, 0.0125, 0.02853088972947086, 0.028613663581040914, 0.009402682465869564, 0.007755287104200351, 1.3458541935766687e-11
72, Italy, 50780.13965319748, 4008872.331301717, 3.7702224301987233, 341.5369232562747, 0.4611381445166288, 0.18286980983098722, 2.464449661716857e-06, 1e-12, 0.0125, 0.2, 0.012500000000018925, 1.157360652740469e-13, 0.2, 4.53675268085524e-06
73, Italy, 44583.81612703998, 7400954.063265129, 14.59897889291707, 354.8347290125257, 0.43191274653787326, 0.3034143228967878, 2.790839262403886e-06, 1e-12, 0.012500003183798064, 0.19998976638835056, 0.18990881330352966, 0.021523541170658085, 0.010761804116431213, 3.3604547683562935e-06
74, Italy, 17683.25812528545, 5964747.873598913, 11.029744967962266, 174.09167126249224, 0.11124981161514308, 0.34511756081143713, 2.2910287956773317e-06, 1e-12, 0.0125, 0.012500000220450674, 0.01250000021587157, 1.9086310410276852e-05, 0.013492487096480743, 8.88143324031029e-05
75, Italy, 30382.077970411618, 2081214.1735034126, 2.1490227577026726, 466.663602273881, 0.2352655666015099, 0.24743482265270403, 1.2875352467898685e-06, 1e-12, 0.012500000000086676, 0.01294149729908605, 0.01294149728497592, 0.0009418609477666998, 0.199529069532734, 0.00047093059455346727
76, Italy, 31390.279018894365, 3217242.0083457986, 11.056507269777022, 300.3797308291883, 0.31752234095148624, 0.10068165505556223, 2.7537298266673853e-06, 1e-12, 0.012500000563097188, 0.2, 0.01250000000253881, 1.1849720775235952e-09, 0.1999997684079532, 0.00020098529593854988
77, Italy, 20452.977078909422, 3710172.120677212, 8.883543879849894, 485.98106352031033, 0.15072006504797844, 0.24110506585773245, 1.8057095997252249e-06, 1e-12, 0.021018297570722537, 0.19999904384098682, 0.021018757136858225, 0.018173353645195362, 0.19091232255815296, 0.00022885436550825345
78, Italy, 15638.895760276728, 3228290.1749291443, 9.616615242597824, 598.8636832473952, 0.3155970388794952, 0.3547872805504334, 6.642651248009743e-06, 1e-12, 0.0125, 0.017933264162758953, 0.012502520890770568, 9.999986271989544e-17, 0.005860030320980226, 3.187952218684528e-05
79, Italy, 42261.73575189707, 4536596.457449683, 10.179555359181274, 572.9854139768997, 0.49658131550841467, 0.3334178620896121, 4.49791668465087e-06, 1.71288888799822e-08, 0.012500000001466716, 0.19999999999995943, 0.1497398306310539, 1e-16, 0.05361084824049117, 1.03357271077349e-12
80, Italy, 46304.62900676237, 4973120.148705954, 10.852520921254792, 581.8335884005854, 0.5047454995249208, 0.32217040075071773, 5.361081402479423e-06, 1e-12, 0.0125, 0.2, 0.2, 1e-16, 1.0012633307757442e-12, 5.356809536474303e-07
81, Italy, 6374.869224078215, 1532370.8418671, 12.331100009671694, 116.58994416232075, 0.317411365384655, 0.21611189464202893, 0.005347406446279924, 0.0007280312781731661, 0.017941967104404623, 0.0125, 0.0125, 1e-16, 0.008687202042470688, 0.000154374676255601
82, Italy, 43305.92502737155, 2508288.0550594027, 8.290348787519676, 542.0303378638666, 0.1346178013756907, 0.36006085955127043, 1e-12, 1e-12, 0.0125, 0.0125, 0.0125, 1e-16, 0.2, 1e-12
83, Italy, 7652.276435913263, 2503446.3998634247, 2.054584168452946, 588.9647152051604, 0.32443965583881956, 0.37892600950497357, 8.984592213877488e-06, 1e-12, 0.0125, 0.01894382299551011, 0.012729133570834836, 1e-16, 0.004154461414890079, 1e-12
84, Italy, 45160.37042987179, 6263622.094155877, 3.732816314770602, 555.6214299488612, 0.5850456890368548, 0.20290650909407015, 2.8572063910285483e-06, 1e-12, 0.01250004030296597, 0.19993827264074174, 0.19999999999996917, 1e-16, 0.19993415748353321, 6.639980996494329e-05
85, Italy, 42266.18110143046, 5680303.114517651, -0.37164697284872705, 445.7815526581459, 0.4642796240878182, 0.32476623439519736, 3.827519175815414e-06, 1e-12, 0.0125, 0.2, 0.2, 1.0000000032780459e-16, 1.0000000000000666e-12, 7.310132203544536e-07
86, Italy, 9765.953490723808, 1320286.582525522, 2.5106357390675544, 368.0328334613299, 0.40275513886730774, 0.23153678261078053, 1e-12, 0.0007692318649774709, 0.01953490931072697, 0.0125, 0.0125, 0.0001452549659912153, 0.006789178972975059, 5.2805704921172934e-05
87, Italy, 26493.101200193007, 8395663.56976768, 8.404733082784283, 105.80357630596426, 0.267418989290094, 0.1946024606356779, 4.4607967461681407e-07, 1e-12, 0.11698702681194219, 0.16306037819573654, 0.08005230702976905, 0.14411158842837324, 0.12794943173348977, 4.702509343631033e-05
88, Italy, 26915.697077971396, 8159185.643039967, 14.937932616179083, 370.98550996359205, 0.19465584374297218, 0.2454043686892224, 1.3848812015332748e-06, 1e-12, 0.012500000000027333, 0.19999986470285838, 0.012500502599885688, 1.0732567132529426e-06, 0.19999925672201105, 0.00011338386813084998
89, Italy, 5367.021329843154, 1198781.164477892, 1.4296395700717142, 189.3848645177085, 0.423488446832597, 0.2611068719866071, 9.999999960041972e-13, 4.579077213813168e-05, 0.03435444905039488, 0.0125, 0.0125, 0.0005249171352446362, 0.005690927036059814, 3.9030035333023326e-09
90, Italy, 20926.01760593619, 5319554.175046097, -1.0396905600141757, 447.2236186517639, 0.1408545541891176, 0.1950187931882968, 1.566226626474849e-06, 1e-12, 0.01250000001914746, 0.19999665276797501, 0.012500000000907414, 1.7824543717327536e-08, 0.1999964551743187, 0.00013017330430968265
91, Italy, 25911.620453185507, 1592082.7184741544, -4.947625326303026, 159.33043349874964, 0.2616899727583223, 0.2164583968222137, 1.4615949183732526e-06, 6.583874941489416e-08, 0.039266489417310035, 0.039266489381130906, 0.03926648935774608, 0.05710184422991023, 0.17144907793964267, 0.0003473761192955376
92, Italy, 22139.069554384987, 4808116.757484131, 13.080301219103887, 80.99586392967318, 0.6204738997867756, 0.2796862962902166, 2.6898069024234888e-05, 1e-12, 0.0125, 0.02270668579068011, 0.05766509442783977, 1e-16, 1e-12, 1e-12
93, Italy, 44005.84633369388, 3022603.346098724, 10.320723500332358, 44.72659370337997, 0.5321794678521631, 0.2300371013372807, 1.2301830147396254e-05, 1e-12, 0.0125, 0.19999999990688697, 0.19999999998042578, 1e-16, 0.1999999999264983, 0.00015849723116321816
94, Italy, 45348.226507571344, 4060691.880651123, 10.058088457351715, 102.02374757040161, 0.5566319198063262, 0.3415818950024746, 6.77010397877957e-06, 1e-12, 0.0125, 0.13989372516132392, 0.13989372149392437, 1e-16, 0.064113357181999, 1e-12
95, Italy, 31623.838941464404, 8026781.782743208, 4.5563237673945896, 100.76587142840403, 0.2719191042916097, 0.20688695252145403, 1.3289626253377554e-06, 1.8779355803629728e-08, 0.012500000061561631, 0.19999903555196663, 0.01250000000298243, 2.2038062933609232e-08, 0.19999898417526565, 8.342663004315384e-05
96, Italy, 47910.87798146556, 5684320.412765138, 10.379436111959386, 340.50462744144517, 0.5171130023322287, 0.15637761991846122, 3.97479330143883e-06, 1e-12, 0.0125, 0.19999999999999965, 0.2, 1e-16, 0.19999999999999954, 3.2979860128254464e-06
97, Italy, 26545.539098297908, 2992440.613197333, 3.857450156383617, 362.8366285414518, 0.13313062783258353, 0.3495137015495963, 1.031337117112129e-06, 1e-12, 0.012500000000030816, 0.012824304283521179, 0.012824304283309213, 0.0006918492910498151, 0.19965407545694935, 0.0003459240903108683
98, Italy, 59596.14017330241, 5179293.4006614005, 14.59897889291707, 224.31797853456837, 0.43191274653787326, 0.37779305538654095, 2.6250017926945624e-06, 1e-12, 0.0125, 0.012500000000043802, 0.19999999759777776, 1.3390665744781384e-11, 1.3869157110025658e-11, 5.899965468553633e-07
99, Italy, 50579.90651217278, 8710641.174002428, 11.029744967962266, 458.63946789925365, 0.5967082790548695, 0.34511756081143713, 2.9162845666510546e-06, 1e-12, 0.0125, 0.2, 0.2, 1e-16, 1e-12, 2.9201256578845487e-07
100, Italy, 47875.07985297974, 3565440.9959648172, 3.697893386345452, 323.21921355888975, 0.5907684292353842, 0.24032051599804732, 8.145261638933493e-06, 1e-12, 0.0125, 0.2, 0.1999280498119796, 0.00015348306672649913, 7.674772562179e-05, 1e-12
101, Italy, 53186.04934933642, 3217242.0083457986, 4.174906679595036, 228.67195421925663, 0.3967320433624021, 0.37038218494029285, 3.479540352392232e-06, 1e-12, 0.0125, 0.012500000006858726, 0.1999358389192513, 6.040360316116124e-12, 3.2313679074114676e-07, 8.212397328192143e-07
102, Italy, 21017.32992645485, 5021100.044146581, 6.215208120006835, 485.98106352031033, 0.1933845887360094, 0.19750919708241474, 6.803045709041075e-07, 1e-12, 0.042813082482699945, 0.1793765863451027, 0.02218981099989858, 0.020671602555559217, 0.18966394939184417, 0.0001362137018898486
103, Italy, 14502.63087233789, 1035913.0751641379, 2.651708696343521, 240.2796773599751, 0.3192024655655584, 0.39811284161591565, 0.003421425715787182, 0.004157229016651629, 0.021600319431691713, 0.0125, 0.0125, 0.000539376305273513, 0.005419759284567084, 9.999999960041972e-13
104, Italy, 23150.06616671866, 4536596.457449683, 3.2832012736376797, 103.90915461069785, 0.13857235722964456, 0.23511969712599906, 2.6637513926442673e-06, 1e-12, 0.012500000049815456, 0.1999999996398189, 0.012500000002541123, 2.7148352041240134e-09, 0.19999946398412088, 0.00015268707932689933
105, Italy, 25410.990578124212, 2704425.77680762, 1.9304184899254206, 392.72632220399197, 0.21457475681776902, 0.2606463961002282, 3.7726410623596855e-06, 1e-12, 0.012500000000202639, 0.2, 0.012500005755213456, 3.874695458562499e-08, 0.19999999999835252, 0.00030802184120436274
106, Italy, 23091.253681301354, 2362198.202154702, 8.871328258894767, 433.16143280842294, 0.19229334567762513, 0.21611189464202893, 4.822942532199245e-06, 9.999999999978252e-13, 0.012500067030993404, 0.19999993406797514, 0.017006773405231518, 0.009614450753493318, 0.19519274936243558, 0.00038334908437867685
107, Italy, 28756.553077085297, 8717183.50961826, 14.406670642850084, 218.99379314321385, 0.1346178013756907, 0.31421920119485885, 4.0844067131862846e-07, 1e-12, 0.0125, 0.012592926231817198, 0.0125929262317342, 0.00019824262859842662, 0.19990087868561604, 9.91213172311566e-05
108, Italy, 49219.858225541, 2963061.7019922533, 6.100777267451086, 363.70736186971294, 0.3184393623442935, 0.37892600950497357, 3.4456683624684042e-06, 1e-12, 0.012500000000234645, 0.012500000001958781, 0.19999948426115724, 1.383791706644241e-12, 2.738390692563989e-09, 2.3341776096969572e-09
109, Italy, 39757.02089926972, 4984322.099563492, 0.9061479745425078, 555.6214299488612, 0.3796205218087736, 0.37401197335885905, 1.1977389002818598e-06, 1e-12, 0.0125, 0.012500035627256493, 0.015826693333931836, 1.3686095585220376e-07, 4.881417195656301e-06, 1.243177200632495e-10
110, Italy, 32104.14492079026, 5337494.027409381, 3.9159755304019477, 108.2693878425937, 0.290489068198633, 0.20372116221281458, 2.2978488721155566e-06, 1e-12, 0.012500000120087503, 0.19999999974449956, 0.012500000042029195, 2.091120927188964e-12, 0.19999999958914044, 0.00013742228468343373
111, Italy, 14342.798266431422, 1113990.6738256675, 4.120832940620328, 551.4978957843213, 0.40275513886730774, 0.3345655012997043, 0.003768167599567902, 0.003767494941355046, 0.021783009752865845, 0.0125, 0.0125, 0.00037217294501289936, 0.005600261424144685, 1e-12
112, Italy, 49694.34327658506, 4866949.9556165775, 4.292687823915745, 239.1606681753325, 0.6593761328916068, 0.1738436202936934, 4.071555874430717e-06, 4.0928321064599134e-08, 0.012500000001810513, 0.1999999999999508, 0.14682053623846236, 1.3850505268736148e-13, 0.05672476349329033, 1.0000000004932743e-12
113, Italy, 45428.3726137017, 5907102.8956696205, 0.6416192541829346, 41.800932319899324, 0.5784573581612308, 0.3714594369215958, 5.604983187345862e-06, 1e-12, 0.0125, 0.2, 0.2, 1e-16, 1e-12, 7.3852482447037075e-06
114, Italy, 34360.84838691576, 5328472.854764396, 5.309792400692469, 189.3848645177085, 0.3300440440608884, 0.20983783484532667, 2.187825122195169e-06, 1e-12, 0.012500213496942664, 0.19988373204820278, 0.012500213496926161, 1.6663469740111291e-06, 0.1998762203627386, 0.00015177708882179567
115, Italy, 42957.943103124526, 3586003.3690353744, 12.236108981710089, 332.1004901411969, 0.5080355435287769, 0.3088097799517035, 7.567552568527343e-06, 1e-12, 0.0125, 0.1999999999887566, 0.14785886015957456, 1e-16, 0.055617220309928314, 1.6844869352092416e-11
116, Italy, 6449.881425938251, 1592082.7184741544, 5.722610462901912, 87.78792524933192, 0.21444024878858786, 0.37317542885056654, 3.587070973813881e-09, 7.109129919429644e-05, 0.013935515360731999, 0.013641217245362885, 0.0125, 0.0008380630923480883, 0.010746322211920305, 0.00020189778153909202
117, Italy, 28336.936691391136, 6082475.820852345, 6.918142487159484, 99.33340478117552, 0.21527651207924736, 0.22814684576827227, 2.091575001931828e-06, 1e-12, 0.01250020212419856, 0.2, 0.012500202046237582, 4.3356857172133044e-07, 0.19999928232468278, 0.00012102068578862672
118, Italy, 39779.76871021854, 4136295.3463831157, 11.749115514537372, 44.72659370337997, 0.27861004164512354, 0.3413079484439735, 1.658481450878107e-06, 1e-12, 0.012530697804038864, 0.012530931903201866, 0.012530962155500147, 6.634642887432258e-05, 0.19996706534157602, 0.00025062471769111776
119, Italy, 47707.41421228396, 7490691.118530886, 2.0982518751779677, 148.81410159288862, 0.5566319198063262, 0.18502439813464056, 2.9383855508230213e-06, 1e-12, 0.0125, 0.2, 0.2, 1e-16, 0.19999999999396129, 4.291798707066414e-06
120, Italy, 28234.128854869334, 8026781.782743208, 13.28237285326868, 100.76587142840403, 0.2719191042916097, 0.10016058929392058, 1.3095554714860363e-06, 1e-12, 0.012500108419267183, 0.1999999907365344, 0.01250010843035579, 2.3141035922646e-07, 0.1999998670784462, 7.506665024718832e-05
121, Italy, 24960.84381772373, 3008966.7240342987, 13.703184061693182, 479.4886543181297, 0.1344888695217174, 0.2508368283207697, 6.389613313952417e-07, 1e-12, 0.012500000007076956, 0.012734984800403448, 0.012734984799625025, 0.0005013009250464949, 0.19974934954489978, 0.0002506504429357926
122, Italy, 36836.27988731726, 4331747.683539789, -3.0371498595225246, 15.014646526275389, 0.3543437599684236, 0.22326249245531032, 3.680936660387138e-06, 1e-12, 0.012500000027538646, 0.19980790750693994, 0.012500000004853584, 1.085137755285124e-06, 0.19979611605332964, 0.0001510641510961641
123, Italy, 35023.49508441356, 5136128.440668729, 1.7180269235080488, 354.8347290125257, 0.37332790861170195, 0.14634343136280198, 1.8395190408307476e-06, 1e-12, 0.012500000216659929, 0.19999987039072897, 0.012500000001058414, 1.1299505505055957e-09, 0.19999977671280472, 0.00014706109068460317
124, Italy, 32739.9782370989, 7487366.50960282, 14.821670704807737, 383.2529272905304, 0.3313672969512056, 0.10288018422123442, 1.1570672747660238e-06, 1e-12, 0.012500000149866167, 0.1999999962391185, 0.012500000033648293, 1.730750120740394e-10, 0.1999999892992445, 9.251824712124106e-05
125, Italy, 47194.03581530322, 4255847.224887688, -4.71715530551831, 217.07051866421585, 0.6462846630333258, 0.27941442300759745, 6.10005913116722e-06, 1e-12, 0.0125, 0.2, 0.2, 1e-16, 1e-12, 1.8834059494379054e-06
126, Italy, 7514.708728211974, 1087664.2596686496, 8.445526882473246, 300.3797308291883, 0.31752234095148624, 0.10068165505556223, 5.033550268185345e-09, 0.00013675641920574857, 0.025672866088564332, 0.0125, 0.01250000117628775, 2.889288931484839e-06, 0.013275675668621725, 0.00046353020110341894
127, Italy, 27779.52769183475, 3710172.120677212, 8.883543879849894, 470.1496754503705, 0.25145204571652013, 0.15498864651424268, 2.5811560064754165e-06, 1e-12, 0.01250000021177803, 0.19999975420263028, 0.012500000004211101, 1.2746131375124708e-09, 0.19999975218012092, 0.00021617849094157055
128, Italy, 10339.553756946501, 1035913.0751641379, 13.63493839072223, 412.593176747951, 0.3556983308872995, 0.39811284161591565, 0.002522176675291589, 0.004065705521698365, 0.03298995788009828, 0.0125, 0.0125, 0.0005642822633038456, 0.005538361133480135, 1e-12
129, Italy, 16436.251421150137, 1160235.3262578396, 5.181568725608216, 446.4143366058814, 0.5479647332090455, 0.3392633139076502, 0.004804394288084296, 0.004865270008960932, 0.02186553934364981, 0.0125, 0.0125, 0.0002854719655557073, 0.005688978597012494, 1e-12
130, Italy, 19383.331879746263, 1052845.2555795608, 1.9304184899254206, 241.363915270795, 0.21457475681776902, 0.130677089365364, 1.9579159620014008e-05, 1e-12, 0.0125, 0.18569612928196408, 0.012500032914658758, 0.36949817445932603, 0.1847556306966867, 0.00030563259203246154
131, Italy, 6805.974048960613, 1532370.8418671, 6.914998318966049, 116.58994416232075, 0.5324927831857497, 0.26418883487827577, 1.3632296059913561e-08, 6.616129924454626e-05, 0.019804623124988898, 0.0125, 0.01250000143514477, 0.00020418941617192528, 0.009132465158007698, 0.00015939772237304713
132, Italy, 16175.091904740664, 5606101.620715785, 0.19535047601944822, 425.5627304353612, 0.1116360094474351, 0.31421920119485885, 2.530010934714055e-07, 1e-12, 0.06458747133369735, 0.030934219377988452, 0.030934219376347633, 0.03932633467994, 0.19515227727250356, 0.00010854634003005063
133, Italy, 46944.14413611675, 2503446.3998634247, -3.58339223669619, 588.9647152051604, 0.292738561302903, 0.320664983194748, 8.207285321934988e-07, 1.0000000000005713e-12, 0.0125000000011264, 0.012500000006554064, 0.012500000008808894, 9.026277523468992e-08, 0.19997475406669557, 4.200022127499033e-08
134, Italy, 33073.532600590275, 7893761.990968507, 12.45666280739124, 555.6214299488612, 0.28926392570366155, 0.31741216394508054, 2.886265335195754e-07, 1e-12, 0.023999394902090184, 0.012644671461106677, 0.012644671461297746, 0.024532078853233164, 0.19983675554478747, 0.00015433833522225985
135, Italy, 43981.94397119683, 8254091.865091761, 3.4612764771041054, 179.58445718039215, 0.295193961050159, 0.26743377537226587, 1.3041213988322853e-06, 1e-12, 0.0125, 0.2, 0.0125, 1.0000000009115007e-16, 0.2, 2.452030161936986e-06
136, Italy, 27827.43628708803, 8925935.189914448, 11.144186610485423, 368.0328334613299, 0.16014688611081174, 0.2669753627284165, 2.3033335300807893e-07, 1e-12, 0.012500000000107672, 0.012575232621357282, 0.012575232621246211, 0.00016049626029336045, 0.1999197518702833, 8.024813049490418e-05
137, Italy, 56693.27120455238, 8668658.438822143, 13.078698923745588, 565.6951393379951, 0.6593761328916068, 0.19564464589114333, 2.8509931140189038e-06, 1e-12, 0.0125, 0.2, 0.1999999999999955, 1e-16, 1.0028867386184594e-12, 3.6922959364782423e-07
138, Italy, 41034.00298009644, 7562991.474581094, 1.9030619968192557, 358.931663359838, 0.11125877966138441, 0.38488971538435857, 1e-12, 1e-12, 0.0125, 0.0125, 0.0125, 1e-16, 0.2, 1e-12
139, Italy, 54278.37253925873, 7548434.872124692, 3.4964575797951056, 189.3848645177085, 0.6806107386743354, 0.13374435614964922, 2.903746714633155e-06, 1e-12, 0.0125, 0.1999999999999782, 0.2, 1e-16, 0.19999999999997564, 2.9814061067861663e-06
140, Italy, 39010.9330640734, 8065746.822160916, 9.375107233947437, 16.276958077247116, 0.24317524138487176, 0.29754387837871077, 1.8780023426667133e-09, 4.343687749664662e-07, 0.012500000045955232, 0.012500169948332973, 0.01250016996380341, 3.6270505191623283e-07, 0.19999981874707032, 4.98238570122255e-05
141, Italy, 9246.277647676838, 2550414.5428249827, 12.583530920938724, 339.1721885866052, 0.2616899727583223, 0.37317542885056654, 1e-12, 0.0002843769672124496, 0.0125, 0.012505136853440605, 0.012502420923099566, 2.2629334427835315e-05, 0.007755879392090393, 6.580823823357596e-05
142, Italy, 41112.3226099036, 8778270.837699853, 2.1702179330537286, 27.20622292194613, 0.4405521799981831, 0.14209863062668943, 1.5696479104274623e-06, 1e-12, 0.014199971733930904, 0.19999986284371324, 0.014199971742579535, 0.0036266073657364316, 0.1981865016600355, 7.237804960360171e-05
143, Italy, 6554.685035702268, 1961425.7205111792, 7.072149773647503, 44.72659370337997, 0.41360234090666903, 0.1590376227091284, 8.360443988496065e-05, 7.338929820731486e-12, 0.013710209274951988, 0.013739674718065182, 0.013000560644701054, 1e-16, 0.008934473850790197, 0.00010914284581745856
144, Italy, 42784.100881632636, 3810419.1999626346, -1.8486521170859271, 172.69221265263815, 0.5566319198063262, 0.3415818950024746, 7.824110919477091e-06, 1e-12, 0.0125, 0.2, 0.2, 1e-16, 1e-12, 3.2466691212182117e-06
145, Italy, 46725.74691324962, 7049210.214457867, 7.547695313281498, 251.77204519133494, 0.5075338843624796, 0.19521849244584472, 3.11207928343504e-06, 1e-12, 0.0125, 0.19999999999999563, 0.2, 1e-16, 0.19999999999999352, 2.7237227874960255e-06
146, Italy, 19378.293638805568, 6671578.036456105, 0.49930110506171577, 55.42887435652559, 0.1055470359649035, 0.17441658952867878, 1.5430086333612781e-06, 1e-12, 0.012500000014037256, 0.1999982110823227, 0.01250000000060458, 9.499193975231278e-09, 0.1999981108093359, 7.300394418008686e-05
147, Italy, 43360.68393624027, 7528246.158756019, 3.857450156383617, 438.1890428212325, 0.391899888452654, 0.3495137015495963, 6.781305815624847e-07, 1e-12, 0.0125, 0.012519606233727363, 0.021099785488668837, 6.421013318817499e-05, 2.0943458748486216e-05, 2.091343571532065e-05
148, Italy, 33090.666321251425, 3500275.637816341, 9.573793877199977, 163.8183323860195, 0.3012274140284714, 0.14634343136280198, 2.2107488530830054e-06, 2.9636860090874146e-09, 0.012500000412344123, 0.19999998980637196, 0.012500000000016857, 5.751686012161174e-09, 0.2, 0.000143195341257591
149, Italy, 29825.129019667445, 2548405.2862729975, -2.9211484287197087, 174.09167126249224, 0.28248532608033167, 0.16045786559856456, 4.315416597579406e-06, 1e-12, 0.012500000597376718, 0.19999791996478494, 0.01250000000490987, 1.1565867020606235e-08, 0.19999770055777036, 0.0002784920002247938
150, Italy, 43331.1186668356, 5948077.888119129, 12.225123425961893, 311.31095543514095, 0.6919674371170796, 0.32764352387711726, 1e-12, 3.554722423899244e-06, 0.0493170992876783, 0.04281713165615905, 0.046580441057002944, 0.008632741811399742, 0.008629397044946698, 0.03181905451783128
151, Italy, 7954.333743237575, 1087664.2596686496, 13.978196056508814, 300.3797308291883, 0.31752234095148624, 0.21417055376996436, 0.006277778443714529, 0.0005854032893400843, 0.03177701106020394, 0.0125, 0.0125, 1e-16, 0.0086950640973099, 0.00022530892069622273
152, Italy, 53991.65166772532, 7039403.092744377, 9.33426316180151, 194.89160856610914, 0.6594284474566902, 0.24110506585773245, 4.200800665697108e-06, 1e-12, 0.0125, 0.2, 0.2, 1e-16, 1e-12, 1.6938794817692431e-06
153, Italy, 9472.991722346746, 1129855.1269438192, 11.962174912167804, 487.72552548495025, 0.3556983308872995, 0.27874695079754014, 0.004369313127425698, 0.002026303921141331, 0.027688528892875923, 0.0125, 0.0125, 0.0003209322847187293, 0.006168637795079102, 3.388811351294431e-05
154, Italy, 42358.008852698695, 7144764.013383884, 1.159486024567732, 287.8878541297877, 0.5479647332090455, 0.18235514493439442, 2.7126756561647116e-06, 1e-12, 0.012550655088239764, 0.19994934491137453, 0.19999999999999987, 1e-16, 0.199945967905405, 5.602168193423577e-05
155, Italy, 10940.082216131826, 1052845.2555795608, 1.9304184899254206, 464.27527026664364, 0.386595493512336, 0.34892363926210146, 1.4649653648250212e-08, 1.798112076959695e-05, 0.02618710153583012, 0.0125, 0.0125, 1e-16, 0.01759441348145682, 0.0005441798654901512
156, Italy, 6878.276913073534, 1759932.886240527, 7.734764155869273, 116.58994416232075, 0.5580838105878133, 0.21611189464202893, 3.857896601313527e-05, 1e-12, 0.01862231386802658, 0.0152241086019159, 0.014899686394953753, 1e-16, 0.00701686199543366, 1e-12
157, Italy, 45201.853618847024, 3659281.9822006724, 0.19535047601944822, 478.2613735514259, 0.23707543247124543, 0.31421920119485885, 1e-12, 1e-12, 0.0125, 0.0125, 0.0125, 1e-16, 0.2, 1e-12
158, Italy, 57442.65254666432, 7648987.512980055, 2.054584168452946, 588.9647152051604, 0.4758958130696541, 0.37892600950497357, 1.1807432627081018e-06, 1e-12, 0.0125, 0.012500000000001676, 0.2, 1e-16, 1e-12, 2.1110466348437965e-09
159, Italy, 44012.744288195136, 6078119.054956625, 12.011268164962331, 20.53437326218827, 0.5382178059258792, 0.11000058103745841, 5.488680030948399e-06, 6.665464866395931e-08, 0.012500000872573882, 0.199997978838343, 0.19999797872586442, 1e-16, 0.199997863402867, 8.437793477103389e-05
160, Italy, 34274.839294412915, 1157935.5345508812, 4.234458969235064, 49.89892635994504, 0.2998505412089948, 0.1267176205871661, 4.134988268474619e-06, 1e-12, 0.2, 0.2, 0.012500000000002155, 0.4, 0.2, 7.795142480913368e-06
161, Italy, 47690.61832797254, 4331961.012843446, 2.5106357390675544, 71.89564618374756, 0.40275513886730774, 0.23153678261078053, 3.0425165470851637e-06, 1e-12, 0.0125, 0.19997579252838732, 0.01250000000001448, 1.4974458745189177e-07, 0.19997422688299257, 1.161038277899978e-05