DRS 09 - Marília, 20321113.573075216, 434837.21790149546, 2020-03-31, 203.08484924541057, 249.2156167786224, 151.40813081554842, 0.6763870932384437, 0
DRS 09 - Marília, 15543979.432680218, 642059.3782309941, 2020-04-01, 240.48791144600145, 36.45931058538518, 1.0951840879422636, 0.5612037216228767, 0
DRS 09 - Marília, 203012969.59887594, 625966.2521529407, 2020-04-04, 243.24662122317838, 182.36966676694712, 191.42361925418763, 0.7231502254733677, 0
DRS 09 - Marília, 225950136.90264592, 456482.548732611, 2020-04-01, 197.88429217807524, 132.0243113590101, 159.1634199932755, 0.7111948278353823, 0
DRS 09 - Marília, 2345086.2946487046, 519196.72983656835, 2020-03-30, 123.10902089420107, 214.09879801979275, 101.39615842169559, 0.61593906163951, 0
DRS 09 - Marília, 37544665.59287014, 1045365.5048081306, 2020-04-03, 109.82410266731682, 159.66977578752775, 85.94232586181947, 0.3335046782053158, 0
DRS 09 - Marília, 163141335.26410523, 817330.753415466, 2020-03-28, 222.19299393031943, 184.69020729781593, 35.18743577522277, 0.5492166522481079, 0
DRS 09 - Marília, 103433225.6379642, 717536.9370784939, 2020-03-30, 126.91731357290473, 158.2581483295809, 113.60229510182468, 0.601353721748541, 0
DRS 09 - Marília, 92130028.39955223, 924462.1790320742, 2020-03-30, 145.99353153122493, 236.33348823779127, 156.23344167058653, 0.3504857373975969, 0
DRS 09 - Marília, 139874197.59702826, 420907.2123978944, 2020-04-04, 58.47125172690262, 178.480297586873, 24.326584781822064, 0.5464195176457194, 0
DRS 09 - Marília, 438616.2086129561, 870998.5633572597, 2020-04-03, 157.99952526546403, 21.424144386035376, 129.164634710634, 0.7793471771642619, 0
DRS 09 - Marília, 52381688.33758465, 901484.8622876758, 2020-03-30, 13.549919891862993, 102.40157318459572, 34.19174283593815, 0.5129841267984367, 0
DRS 09 - Marília, 197118243.1528843, 798968.9544302651, 2020-03-28, 164.94526801215903, 95.68833292367859, 247.5007278632836, 0.8083942845887309, 0
DRS 09 - Marília, 35268452.906460926, 1124339.6898861763, 2020-04-04, 229.77432547544217, 225.12735723906584, 208.76245603528756, 0.4844938924293744, 0
DRS 09 - Marília, 67976528.18830483, 591614.7928040667, 2020-04-03, 34.27376094384179, 239.1358127152999, 31.14212137924338, 0.6598240926637207, 0
DRS 09 - Marília, 3662725.6733185113, 438409.88325875136, 2020-04-04, 158.18703657383642, 49.22904174110207, 165.76912019992795, 0.2515731637078838, 0
DRS 09 - Marília, 139004004.8978372, 856683.5276320477, 2020-03-31, 210.03631218337316, 111.47026579802316, 205.56740123799304, 0.4845750929357447, 0
DRS 09 - Marília, 1024622.629847042, 782935.6501874945, 2020-03-29, 60.6033726789669, 162.4788771692263, 207.27339546308067, 0.4086137341290732, 0
DRS 09 - Marília, 9272562.110926138, 466761.8837960281, 2020-04-04, 150.2063311019693, 92.58842491583744, 145.38277479790344, 0.46586371872332333, 0
DRS 09 - Marília, 15926510.476988576, 737865.5073203455, 2020-03-28, 238.7269258354857, 76.15906596306057, 34.666959206727164, 0.5137248145672328, 0
DRS 09 - Marília, 53094525.43025193, 861921.6021409938, 2020-03-30, 183.15734425033506, 95.72894479191605, 36.48677788246022, 0.3176290489800967, 0
DRS 09 - Marília, 20372437.29484003, 589695.2549845007, 2020-04-03, 90.40870206640611, 138.77416308312064, 43.84130434598474, 0.4848445837162767, 0
DRS 09 - Marília, 275115.81566454895, 1105864.9957359785, 2020-03-28, 89.38072725670379, 1.156206182526237, 194.23883884595122, 0.4494890823103455, 0
DRS 09 - Marília, 16513599.3672268, 386360.3050755061, 2020-04-04, 237.9844149728391, 213.960227322814, 213.98770312174352, 0.7146567749063941, 0
DRS 09 - Marília, 89969567.35498345, 789088.3151796006, 2020-04-03, 213.1455466369978, 217.02786007246178, 1.7526231807470927, 0.6896794796608987, 0
DRS 09 - Marília, 551866.8302563729, 796689.9631170726, 2020-03-28, 195.42126793370656, 48.504939039741565, 75.61506439354055, 0.691674646254145, 0
DRS 09 - Marília, 42987726.40548301, 826530.2904738339, 2020-04-01, 119.2821431171687, 105.7726253124439, 7.2665155760427975, 0.4853480798498154, 0
DRS 09 - Marília, 174224226.9042187, 666245.0627324901, 2020-03-28, 34.76195818919706, 236.75065942814803, 190.81748257437548, 0.7328632301136351, 0
DRS 09 - Marília, 3036202.8948717206, 407361.08579751226, 2020-04-03, 77.12920478646107, 249.23672915966512, 81.75012100906507, 0.26765074751931783, 0
DRS 09 - Marília, 32664668.07584305, 585882.9292190517, 2020-03-31, 53.80238862609957, 74.7317623249418, 153.50136338861037, 0.6956472237452089, 0
DRS 09 - Marília, 35584972.94075297, 690304.9597730999, 2020-03-29, 218.9482733754407, 2.411253506286959, 176.70686278646681, 0.6183533337022764, 0
DRS 09 - Marília, 173820634.241853, 642059.3782309941, 2020-04-01, 240.48791144600145, 177.63321599574317, 142.96208723187542, 0.5612037216228767, 0
DRS 09 - Marília, 136542201.21526486, 894592.5146443797, 2020-03-29, 92.32714534554388, 182.29043313690423, 191.42361925418763, 0.42706989285578234, 0
DRS 09 - Marília, 2500766.4513133713, 409243.3784001132, 2020-03-28, 102.47716680744479, 218.40092457632727, 159.1634199932755, 0.5703563836850036, 0
DRS 09 - Marília, 175069701.75670242, 496353.6483463308, 2020-04-01, 41.188633781241485, 215.04881615594005, 101.39615842169559, 0.61593906163951, 0
DRS 09 - Marília, 35209049.50210708, 497392.5113261127, 2020-03-31, 177.77008362922817, 29.17156592634118, 98.18516023889714, 0.7349308203546094, 0
DRS 09 - Marília, 135963226.53228986, 817330.753415466, 2020-03-28, 222.19299393031943, 185.6784424795089, 35.18743577522277, 0.5492166522481079, 0
DRS 09 - Marília, 1080059.3248058967, 717536.9370784939, 2020-03-30, 111.22521190877518, 102.71346884378877, 49.83388356911869, 0.33211433324253137, 0
DRS 09 - Marília, 57020748.59137288, 595822.2176596601, 2020-04-02, 244.88893083886424, 48.49816283765096, 156.23344167058653, 0.3504857373975969, 0
DRS 09 - Marília, 168260982.95256275, 1108339.1939324923, 2020-04-02, 58.47125172690262, 190.54360281733906, 174.01818236132368, 0.5464195176457194, 0
DRS 09 - Marília, 252725798.7312039, 870998.5633572597, 2020-04-04, 157.99952526546403, 236.40828111474815, 200.8418264010706, 0.7980837707054016, 0
DRS 09 - Marília, 6470661.212503549, 642795.4036452143, 2020-03-29, 13.549919891862993, 144.40232661296196, 34.19174283593815, 0.5310807901543769, 0
DRS 09 - Marília, 117954565.88801397, 798968.9544302651, 2020-03-31, 184.81739624186136, 95.68833292367859, 229.4134036474843, 0.8083942845887309, 0
DRS 09 - Marília, 93570722.6034767, 949882.6049661422, 2020-03-30, 96.22316501585264, 180.7433027661953, 37.7057653973437, 0.3288451264121568, 0
DRS 09 - Marília, 15522128.949221162, 686068.7871702731, 2020-04-03, 121.1037536554841, 128.63190960301506, 31.14212137924338, 0.5821366173725335, 0
DRS 09 - Marília, 59981044.81976509, 915421.4834840025, 2020-04-03, 239.84412534564825, 49.22904174110207, 120.61106384462909, 0.2515731637078838, 0
DRS 09 - Marília, 358553.6157992021, 856683.5276320477, 2020-03-30, 2.998098146244785, 245.31961190231766, 205.56740123799304, 0.3176525037428514, 0
DRS 09 - Marília, 48134212.51072039, 782935.6501874945, 2020-03-28, 132.68764829235892, 11.337767534596782, 161.0803142949093, 0.3806520911783383, 0
DRS 09 - Marília, 231509.89424182638, 744101.1482270323, 2020-04-04, 150.2063311019693, 243.63883936579933, 176.93009050380235, 0.3621959324516292, 0
DRS 09 - Marília, 48881016.07209708, 697332.996693718, 2020-03-28, 42.90942155729282, 76.15906596306057, 19.042710868847955, 0.8456961518186217, 0
DRS 09 - Marília, 52473291.716021255, 791054.8188402568, 2020-03-30, 157.88058457793736, 53.2148799621519, 36.48677788246022, 0.23099654528007096, 0
DRS 09 - Marília, 394454.02000614244, 1100507.6737827593, 2020-04-03, 149.31054294066516, 138.77416308312064, 43.84130434598474, 0.4848445837162767, 0
DRS 09 - Marília, 71539335.39680377, 1105864.9957359785, 2020-03-29, 117.48427689069871, 1.156206182526237, 216.38254774036707, 0.2927462333184201, 0
DRS 09 - Marília, 10246224.397670928, 386360.3050755061, 2020-04-01, 145.6067068365903, 219.91304819806118, 74.19061002295554, 0.7447198879304546, 0
DRS 09 - Marília, 41501487.49502648, 925217.4483466607, 2020-04-03, 213.1455466369978, 68.6548098004899, 1.7526231807470927, 0.618940802812832, 0
DRS 09 - Marília, 148627824.47018626, 753012.0967518287, 2020-04-04, 156.27810457779603, 48.504939039741565, 75.61506439354055, 0.5405681022492677, 0
DRS 09 - Marília, 15641186.479174385, 826530.2904738339, 2020-03-30, 104.34204176188643, 105.7726253124439, 157.78303314303315, 0.4536148243825349, 0
DRS 09 - Marília, 209561767.18712682, 666245.0627324901, 2020-03-31, 34.76195818919706, 136.00167241080956, 144.90857427821305, 0.7328632301136351, 0
DRS 09 - Marília, 4741808.439059769, 952556.4989936239, 2020-03-30, 148.41742532385953, 65.62763166864825, 81.75012100906507, 0.6876590213376603, 0
DRS 09 - Marília, 38299394.68897384, 499195.13005222916, 2020-03-31, 53.80238862609957, 74.7317623249418, 153.50136338861037, 0.6077638636937843, 0
DRS 09 - Marília, 148112129.5043196, 791343.0964416047, 2020-03-29, 91.72728475270917, 249.2156167786224, 128.37983193971158, 0.6763870932384437, 0
DRS 09 - Marília, 35213229.71096948, 642059.3782309941, 2020-03-31, 211.51992638756138, 233.2864174549281, 1.0951840879422636, 0.8016878786418917, 0
DRS 09 - Marília, 20863635.426452197, 684083.21267351, 2020-03-28, 144.9631060585021, 207.71816485657584, 219.08591420054967, 0.6524301990206853, 0
DRS 09 - Marília, 10459396.317091009, 598023.7426231441, 2020-03-30, 102.47716680744479, 218.40092457632727, 127.78072740606946, 0.5548796565211385, 0
DRS 09 - Marília, 205666827.81541505, 489675.8666609294, 2020-03-28, 64.36003123049925, 216.1586843622718, 101.39615842169559, 0.6859324865534469, 0
DRS 09 - Marília, 26534649.624389198, 623978.6686544551, 2020-03-31, 39.80315565148157, 98.02584189871246, 98.18516023889714, 0.44562080442346175, 0
DRS 09 - Marília, 244261648.66397965, 625927.9300585865, 2020-04-03, 185.662413291179, 21.57438892096414, 105.07212159255177, 0.8075521156044327, 0
DRS 09 - Marília, 150639448.2338303, 791404.1855005538, 2020-03-30, 152.29962020015637, 30.026069541496973, 162.07479877269137, 0.681744568083924, 0
DRS 09 - Marília, 356159.22654105676, 798924.5235740438, 2020-03-31, 210.1909703239317, 48.49816283765096, 5.127141357252976, 0.5823333594472425, 0
DRS 09 - Marília, 33621459.74477409, 647877.1143196587, 2020-03-31, 58.47125172690262, 71.47894552240838, 141.11325023616428, 0.7423744593462667, 0
DRS 09 - Marília, 104114411.69308986, 513394.1052969177, 2020-04-03, 108.52981182398688, 21.424144386035376, 38.11689313034795, 0.6709284089535035, 0
DRS 09 - Marília, 167321105.19943923, 822543.1354508237, 2020-03-30, 91.55686450039605, 214.7715630982795, 75.64438939419622, 0.5473370795307297, 0
DRS 09 - Marília, 111457468.72519311, 798968.9544302651, 2020-04-02, 20.628180756634848, 95.68833292367859, 229.4134036474843, 0.8083942845887309, 0
DRS 09 - Marília, 50183433.05077853, 901785.5448686625, 2020-03-28, 56.61239699892939, 225.12735723906584, 239.7346368199583, 0.6144294159685268, 0
DRS 09 - Marília, 12403579.95897141, 979810.7854931313, 2020-04-02, 121.1037536554841, 210.69791222146944, 31.14212137924338, 0.3755747874766861, 0
DRS 09 - Marília, 65181963.35348555, 438409.88325875136, 2020-04-04, 87.71879983078944, 43.86733132784351, 165.76912019992795, 0.2515731637078838, 0
DRS 09 - Marília, 137129033.96177173, 830867.9962306872, 2020-03-30, 2.998098146244785, 184.7838954777287, 85.45592659122335, 0.4460661242748698, 0
DRS 09 - Marília, 64476472.583146736, 643605.0639892844, 2020-04-02, 192.26443412488734, 77.76407730609574, 65.03288615966326, 0.24516904254579538, 0
DRS 09 - Marília, 66178440.03621274, 1081878.2896205066, 2020-04-04, 148.10067612581088, 67.23920388246363, 176.93009050380235, 0.3621959324516292, 0
DRS 09 - Marília, 103034262.24025685, 737865.5073203455, 2020-04-01, 238.7269258354857, 48.908682710059104, 166.81552655582428, 0.3431971569762625, 0
DRS 09 - Marília, 59302002.99900928, 847825.9038429633, 2020-03-31, 218.01891952659955, 208.743950997994, 170.52672014405368, 0.6542747813198757, 0
DRS 09 - Marília, 44813821.71732953, 1100507.6737827593, 2020-04-03, 149.31054294066516, 139.3939891139582, 45.1472781705555, 0.4297755363716641, 0
DRS 09 - Marília, 83336986.67496188, 1105864.9957359785, 2020-03-28, 154.2782992460698, 1.156206182526237, 113.0691821044357, 0.4494890823103455, 0
DRS 09 - Marília, 7444191.181689458, 786373.870479289, 2020-04-01, 116.50527255053268, 194.53036593649963, 74.19061002295554, 0.44527978127089807, 0
DRS 09 - Marília, 48961525.4220665, 744004.4153293415, 2020-04-01, 213.1455466369978, 225.44499598356225, 166.566643633731, 0.5749183966488634, 0
DRS 09 - Marília, 189750784.89043316, 796689.9631170726, 2020-03-30, 143.85987727798886, 97.00020219675277, 219.90252793532167, 0.7214925497148841, 0
DRS 09 - Marília, 109783563.47229385, 606458.7937699028, 2020-03-31, 104.34204176188643, 198.9290608161695, 108.94616301743287, 0.4536148243825349, 0
DRS 09 - Marília, 69428071.45473531, 481968.7126706458, 2020-03-28, 34.76195818919706, 236.75065942814803, 72.59104492620128, 0.7588063338319546, 0
DRS 09 - Marília, 31091007.885297675, 962202.1095285526, 2020-04-03, 77.12920478646107, 60.10152094952062, 81.75012100906507, 0.31238545517313965, 0
DRS 09 - Marília, 86633520.1903453, 932286.9790203642, 2020-04-02, 53.80238862609957, 94.10755445001368, 112.25058601429406, 0.43128437487066706, 0
DRS 09 - Marília, 23838619.48676918, 526054.9391363115, 2020-04-01, 164.01925599629251, 119.47751600251632, 151.40813081554842, 0.2510397750729134, 0
DRS 09 - Marília, 27680875.752231184, 363877.3948633063, 2020-04-01, 153.50136442019377, 184.32007430154079, 1.0951840879422636, 0.6244562742664219, 0
DRS 09 - Marília, 31257896.707900472, 902679.1083732003, 2020-03-28, 40.549532521656104, 106.89094725786161, 29.0082930938627, 0.6528785057574853, 0
DRS 09 - Marília, 119237866.82799311, 747979.3539238719, 2020-03-31, 102.47716680744479, 218.40092457632727, 159.51507750897997, 0.3869460652140319, 0
DRS 09 - Marília, 175463892.47020698, 519196.72983656835, 2020-03-28, 178.01329659531066, 214.09879801979275, 176.46085605840707, 0.61593906163951, 0
DRS 09 - Marília, 7540284.1844963785, 623978.6686544551, 2020-03-31, 99.90574257887562, 98.02584189871246, 98.18516023889714, 0.44562080442346175, 0
DRS 09 - Marília, 69366788.81588879, 812157.1196424183, 2020-04-04, 222.19299393031943, 185.6784424795089, 35.18743577522277, 0.593919346134741, 0
DRS 09 - Marília, 931458.836653327, 717536.9370784939, 2020-04-03, 171.07821926289168, 242.85951306922055, 49.83388356911869, 0.33211433324253137, 0
DRS 09 - Marília, 14121203.943727288, 798924.5235740438, 2020-04-02, 56.81122887020781, 23.432111858357196, 157.59558992410723, 0.47068310739193253, 0
DRS 09 - Marília, 84767125.50016758, 437905.20104445063, 2020-03-31, 191.6663939610462, 178.85066900110633, 141.11325023616428, 0.2722280316798805, 0
DRS 09 - Marília, 107667267.04411289, 870998.5633572597, 2020-04-03, 195.74190355271998, 126.19200948091073, 103.20275722790318, 0.35562711881964015, 0
DRS 09 - Marília, 110119511.24341148, 765530.0049945499, 2020-04-03, 195.73869490581896, 168.60345106833623, 174.0851087586196, 0.6237882485409052, 0
DRS 09 - Marília, 36614662.59103796, 365839.22282944893, 2020-04-02, 47.685390696211996, 95.68833292367859, 229.4134036474843, 0.8083942845887309, 0
DRS 09 - Marília, 45743271.15811955, 1124339.6898861763, 2020-04-04, 53.049041722294305, 225.12735723906584, 35.36151894212563, 0.4844938924293744, 0
DRS 09 - Marília, 221911647.76818815, 979810.7854931313, 2020-03-29, 152.25419812259867, 246.52970488900607, 236.30788827954558, 0.7106725901279167, 0
DRS 09 - Marília, 58699669.71503287, 963696.3378265587, 2020-04-02, 92.35764694526446, 114.6512898553739, 165.76912019992795, 0.23298454638313912, 0
DRS 09 - Marília, 81369807.23255087, 856683.5276320477, 2020-04-02, 132.32908301802988, 63.78319054960416, 35.49275305939287, 0.3176525037428514, 0
DRS 09 - Marília, 302527.5195006466, 702499.1395948501, 2020-03-29, 165.42788595350098, 53.19194059238622, 207.27339546308067, 0.595386252259542, 0
DRS 09 - Marília, 197201934.35810414, 716794.5787728177, 2020-03-29, 194.72785862111422, 243.63883936579933, 75.11438884130968, 0.6445148895832016, 0
DRS 09 - Marília, 134762355.55986056, 1029571.4607240704, 2020-04-03, 238.7269258354857, 178.8414334968752, 21.475018469011868, 0.47338424191391654, 0
DRS 09 - Marília, 33332623.88268907, 655602.2007419732, 2020-03-30, 55.52103948553111, 41.48097722274097, 172.5790716491557, 0.23099654528007096, 0
DRS 09 - Marília, 121995467.68310474, 1100507.6737827593, 2020-03-30, 238.46200026523258, 22.638182910246474, 43.84130434598474, 0.5361025155766026, 0
DRS 09 - Marília, 65683542.53826823, 1125673.7211428392, 2020-03-28, 244.06714302388062, 76.43871022509913, 194.23883884595122, 0.6092285500266534, 0
DRS 09 - Marília, 25075615.88582189, 786373.870479289, 2020-03-28, 116.50527255053268, 92.59576252772668, 181.9223039049433, 0.44527978127089807, 0
DRS 09 - Marília, 14830302.670002343, 717348.7759981309, 2020-04-03, 198.43412625560674, 37.07035333742794, 103.2247147569881, 0.3560576717952392, 0
DRS 09 - Marília, 58025613.84087198, 682500.0798190859, 2020-04-01, 127.22841635787918, 169.19070745176967, 202.7439602793345, 0.8139713965108877, 0
DRS 09 - Marília, 210934155.27786797, 612028.0288107395, 2020-03-30, 85.33516367843562, 232.06510848954903, 19.287203995000954, 0.8044272762735483, 0
DRS 09 - Marília, 95805069.29742263, 756678.209459115, 2020-03-30, 107.6757240652645, 89.58577231647902, 234.2408076600582, 0.7588063338319546, 0
DRS 09 - Marília, 51229455.39700824, 1111226.7840374014, 2020-04-03, 77.12920478646107, 29.485052326370276, 81.75012100906507, 0.6645176191513412, 0
DRS 09 - Marília, 14558554.555334575, 449183.6487697848, 2020-04-04, 194.27968227699174, 74.7317623249418, 153.50136338861037, 0.5839798391052566, 0
DRS 09 - Marília, 6823080.963007632, 434837.21790149546, 2020-04-03, 132.32678953002252, 93.18140557978222, 189.69334131077608, 0.6763870932384437, 0
DRS 09 - Marília, 133293825.15509823, 642059.3782309941, 2020-03-28, 136.15142473404984, 36.45931058538518, 113.67204313547748, 0.7201749153486012, 0
DRS 09 - Marília, 153132722.16762182, 684083.21267351, 2020-03-29, 144.9631060585021, 226.56181849033706, 149.21385523442078, 0.48153252513935524, 0
DRS 09 - Marília, 42986708.47713684, 560892.4767700427, 2020-04-01, 119.68195596094141, 218.40092457632727, 239.5406958707446, 0.748046048145713, 0
DRS 09 - Marília, 188096540.02876422, 519196.72983656835, 2020-03-29, 123.10902089420107, 15.967162620771456, 74.83016412954436, 0.642139295311952, 0
DRS 09 - Marília, 20904151.189514644, 661839.2960099452, 2020-04-02, 181.05138668797485, 98.02584189871246, 41.41720371256677, 0.4905848700948251, 0
DRS 09 - Marília, 91578032.51912782, 575350.113597423, 2020-04-04, 222.19299393031943, 172.9181661558212, 216.21811658905074, 0.2978598965500455, 0
DRS 09 - Marília, 77315681.75560758, 1093980.2331541735, 2020-03-31, 206.47956057262704, 29.68788506766193, 8.63138062239592, 0.5930773233434163, 0
DRS 09 - Marília, 39213918.62971939, 524350.728067319, 2020-04-01, 6.281792361285871, 108.6846180062383, 69.33383161983625, 0.2626011915374976, 0
DRS 09 - Marília, 76473895.07683568, 862499.8218997646, 2020-03-31, 5.82458862599386, 178.35080066751968, 141.11325023616428, 0.24638179975603244, 0
DRS 09 - Marília, 153327242.38221622, 621505.6938936051, 2020-03-30, 37.88482549077508, 43.77717884210607, 129.164634710634, 0.7268238264237532, 0
DRS 09 - Marília, 202021880.87858677, 969952.400815996, 2020-04-02, 74.47657374447967, 144.40232661296196, 226.3180091945838, 0.6296640429851983, 0
DRS 09 - Marília, 241347875.53653136, 677951.41406698, 2020-03-31, 220.5008459555515, 95.68833292367859, 157.3725460065892, 0.8083942845887309, 0
DRS 09 - Marília, 22106454.553091105, 576635.9489205027, 2020-03-28, 75.10216263700056, 154.34559310309464, 208.76245603528756, 0.7534426968432539, 0
DRS 09 - Marília, 33141917.414717037, 468031.3355724792, 2020-04-02, 36.613547235852, 210.69791222146944, 14.58628585789068, 0.3755747874766861, 0
DRS 09 - Marília, 17321582.96468049, 438409.88325875136, 2020-03-30, 158.18703657383642, 88.48537665071385, 18.92393550496016, 0.5708426600927599, 0
DRS 09 - Marília, 185113566.09262422, 714884.0838059632, 2020-03-30, 2.998098146244785, 245.31961190231766, 205.56740123799304, 0.5870447189370046, 0
DRS 09 - Marília, 176115546.59918687, 947844.6792690636, 2020-03-29, 165.42788595350098, 30.177146171208438, 190.43685114592188, 0.5802102385665889, 0
DRS 09 - Marília, 1469325.7090835257, 728940.4802127976, 2020-04-04, 44.420168328801026, 243.63883936579933, 39.28323484253749, 0.4985205743818706, 0
DRS 09 - Marília, 50282351.91420493, 686485.1041065003, 2020-03-29, 199.7471783702554, 76.15906596306057, 34.666959206727164, 0.19490704102288237, 0
DRS 09 - Marília, 148689089.98652628, 410392.4393565905, 2020-04-01, 95.41881368732268, 116.7023797255083, 172.5790716491557, 0.4661951925419193, 0
DRS 09 - Marília, 23786535.863744926, 1100507.6737827593, 2020-04-02, 85.76687005453377, 138.77416308312064, 212.01314587147337, 0.6255733436776165, 0
DRS 09 - Marília, 109284650.7673846, 1105864.9957359785, 2020-03-30, 135.5080581959427, 149.54794990248953, 18.677567464236386, 0.3860692450270015, 0
DRS 09 - Marília, 105828716.06304303, 786373.870479289, 2020-04-01, 159.0243192764157, 110.10481467269508, 216.94578020811238, 0.3368674544610679, 0
DRS 09 - Marília, 22918225.84605144, 534959.8338874782, 2020-04-03, 165.1949115264598, 223.93542188721977, 103.2247147569881, 0.26568788105657176, 0
DRS 09 - Marília, 10173008.565256653, 575584.4628209478, 2020-04-04, 223.66306646604798, 96.8940609319418, 34.09928303211851, 0.5018925002060463, 0
DRS 09 - Marília, 78164699.28592402, 598295.2602313827, 2020-03-28, 104.34204176188643, 105.7726253124439, 179.42800563024755, 0.4536148243825349, 0
DRS 09 - Marília, 174294098.47917083, 767439.7881497289, 2020-03-31, 137.82346043746784, 161.75191701235045, 72.59104492620128, 0.5715940508371206, 0
DRS 09 - Marília, 82051256.44699794, 530650.6389101329, 2020-03-29, 22.922892038316654, 249.23672915966512, 81.75012100906507, 0.26765074751931783, 0
DRS 09 - Marília, 140184571.8909665, 969350.5374342841, 2020-04-03, 194.27968227699174, 74.7317623249418, 43.74628957135682, 0.7363681972539677, 0
DRS 09 - Marília, 17019040.92025406, 434837.21790149546, 2020-03-31, 168.9379368594986, 68.45574418373285, 89.76568941395536, 0.6763870932384437, 0
DRS 09 - Marília, 29157139.363611776, 835470.2264807059, 2020-04-03, 240.48791144600145, 137.42222617670942, 27.569678535972482, 0.4376520266515618, 0
DRS 09 - Marília, 5992445.601745699, 822544.1628913416, 2020-03-28, 236.22380208693593, 236.8203965874638, 38.62538432529808, 0.22745412155578285, 0
DRS 09 - Marília, 34252049.37523922, 409243.3784001132, 2020-04-01, 228.40133301127688, 34.00733096045559, 21.52534312140734, 0.5703563836850036, 0
DRS 09 - Marília, 190758892.692452, 1015128.3216099152, 2020-04-03, 159.66890687229102, 168.3476965755391, 101.39615842169559, 0.61593906163951, 0
DRS 09 - Marília, 44640207.66643523, 1114550.130543926, 2020-03-29, 99.90574257887562, 0.0347466893995535, 41.73901872558453, 0.44562080442346175, 0
DRS 09 - Marília, 152609194.34307617, 850777.6943792973, 2020-03-29, 73.88292465192123, 85.0843184085941, 21.001640889117752, 0.593919346134741, 0
DRS 09 - Marília, 218979662.55912188, 420513.3285309775, 2020-04-03, 171.07821926289168, 225.3392688482076, 49.83388356911869, 0.7446846071031872, 0
DRS 09 - Marília, 31835106.6095169, 718890.7626386906, 2020-03-31, 210.1909703239317, 48.49816283765096, 221.90999441710642, 0.5823333594472425, 0
DRS 09 - Marília, 93173564.5127283, 583390.982103169, 2020-03-29, 71.5117438232043, 71.47894552240838, 141.11325023616428, 0.3483725840207157, 0
DRS 09 - Marília, 27435807.49531587, 437312.4457723994, 2020-03-28, 62.71207039270399, 97.52060424243194, 3.9804903700448593, 0.7793471771642619, 0
DRS 09 - Marília, 92013254.74157198, 642795.4036452143, 2020-04-03, 29.079599956925968, 144.40232661296196, 34.19174283593815, 0.3696499911172503, 0
DRS 09 - Marília, 8659304.64320957, 713339.4417806034, 2020-04-02, 47.685390696211996, 12.936322762906755, 6.730268270511861, 0.2312025688997399, 0
DRS 09 - Marília, 135581895.7448179, 576635.9489205027, 2020-03-28, 75.10216263700056, 154.34559310309464, 7.680363973931279, 0.5056455989838033, 0
DRS 09 - Marília, 8500762.842772854, 620133.2904088943, 2020-04-02, 146.5628381703079, 20.878353617134277, 195.65058660410176, 0.32698926546269463, 0
DRS 09 - Marília, 27368564.042241074, 756820.8553804208, 2020-04-04, 158.18703657383642, 40.69900502016069, 160.11607803421504, 0.8357806153200524, 0
DRS 09 - Marília, 98964158.5102018, 427356.891147622, 2020-03-30, 86.54969315022237, 135.0032095681788, 205.56740123799304, 0.3176525037428514, 0
DRS 09 - Marília, 76262600.73701136, 435174.0699539168, 2020-03-29, 147.65909483552323, 53.19194059238622, 163.95375722257424, 0.595386252259542, 0
DRS 09 - Marília, 9703057.424176136, 356206.2824492476, 2020-04-01, 161.56418718041704, 92.60951310642285, 199.78041521172256, 0.22173412670364476, 0
DRS 09 - Marília, 149554981.1532742, 538501.7185694667, 2020-03-31, 238.7269258354857, 76.15906596306057, 34.666959206727164, 0.5137248145672328, 0
DRS 09 - Marília, 129599299.06575324, 596904.2091553437, 2020-04-03, 192.65826800412245, 219.54175143573192, 183.79336635961369, 0.4593183216156227, 0
DRS 09 - Marília, 97865303.07345557, 883149.5725781841, 2020-04-03, 244.98719690987338, 138.77416308312064, 141.91969860238393, 0.32205937234491283, 0
DRS 09 - Marília, 30715587.89494405, 420410.133207654, 2020-03-31, 153.90558649612555, 53.95020094892139, 137.88472292982053, 0.4494890823103455, 0
DRS 09 - Marília, 137058865.8059315, 822256.0417681051, 2020-04-02, 116.50527255053268, 82.07735535176867, 117.04337215463444, 0.44527978127089807, 0
DRS 09 - Marília, 33545270.11006855, 717348.7759981309, 2020-03-29, 198.43412625560674, 114.3988799527536, 91.96755848125149, 0.24761021542835862, 0
DRS 09 - Marília, 22719160.68949669, 796689.9631170726, 2020-03-29, 87.06790705933032, 156.3480563421926, 135.67241070031255, 0.46163710346952275, 0
DRS 09 - Marília, 54711558.31223987, 740430.3443327241, 2020-04-02, 23.057483690257026, 105.7726253124439, 173.10601390844735, 0.19334054956863425, 0
DRS 09 - Marília, 213269016.96175176, 434246.8921177233, 2020-03-31, 58.771415299294496, 217.6949129414702, 126.31388116736008, 0.6814481984839988, 0
DRS 09 - Marília, 24482169.61303758, 511771.9126814611, 2020-04-03, 98.23551731594377, 196.52341668270287, 109.85057031084179, 0.3868586362826527, 0
DRS 09 - Marília, 119418257.90858771, 571854.351447815, 2020-03-30, 194.27968227699174, 232.62570171499766, 178.56247090422545, 0.553966037369954, 0
DRS 09 - Marília, 185064085.16729954, 886795.5514860309, 2020-04-04, 197.44079385823576, 38.26308921151947, 41.712750077223, 0.6763870932384437, 0
DRS 09 - Marília, 201843462.10486576, 880273.2280080023, 2020-03-29, 57.8587572539572, 115.21833521935613, 113.68668362952376, 0.7421779850741377, 0
DRS 09 - Marília, 29524129.613480616, 822544.1628913416, 2020-04-02, 236.22380208693593, 2.3505502434624512, 38.62538432529808, 0.22745412155578285, 0
DRS 09 - Marília, 174040461.54262143, 526315.2848339378, 2020-04-01, 71.16013966804522, 218.40092457632727, 156.17709690253022, 0.5703563836850036, 0
DRS 09 - Marília, 40696966.48268402, 802728.5147954837, 2020-04-02, 158.65581305419278, 214.09879801979275, 106.42871520436208, 0.5248171535830368, 0
DRS 09 - Marília, 116638387.13582696, 623978.6686544551, 2020-03-31, 175.871641551828, 69.79892893899405, 149.19572768501249, 0.44562080442346175, 0
DRS 09 - Marília, 64374977.58379791, 812157.1196424183, 2020-04-01, 94.73127812389937, 203.18252328755796, 77.08832219649386, 0.4604653610418335, 0
DRS 09 - Marília, 39559901.75951992, 442504.44350722426, 2020-04-03, 209.14240993092815, 227.46087032410378, 194.83383635328624, 0.5326498673932039, 0
DRS 09 - Marília, 165387287.99128014, 798924.5235740438, 2020-03-31, 171.57010416430603, 82.03514240943693, 5.127141357252976, 0.5823333594472425, 0
DRS 09 - Marília, 185001929.51725125, 1016786.0838356913, 2020-03-28, 185.01038602447792, 214.18031928343248, 139.1709583900177, 0.7423744593462667, 0
DRS 09 - Marília, 176626174.5855502, 897267.7934302329, 2020-03-31, 67.14910626750874, 246.21202933614958, 234.04134504106207, 0.7793471771642619, 0
DRS 09 - Marília, 156326172.38653353, 523542.12948998506, 2020-03-29, 42.48149194611481, 10.088241923540561, 34.19174283593815, 0.5310807901543769, 0
DRS 09 - Marília, 14707925.665489681, 713339.4417806034, 2020-04-03, 47.685390696211996, 12.936322762906755, 53.15972051497267, 0.2312025688997399, 0
DRS 09 - Marília, 59567590.571658194, 461998.437273498, 2020-03-30, 75.10216263700056, 154.34559310309464, 42.170262631889585, 0.2053164208447808, 0
DRS 09 - Marília, 19566426.529639296, 754193.1316460837, 2020-03-31, 146.5628381703079, 231.0899563517495, 29.475563740216092, 0.3960764289997464, 0
DRS 09 - Marília, 65711021.149190724, 760720.4182723821, 2020-04-04, 21.555476228001027, 17.897340436616407, 154.48384528962188, 0.35005234914650735, 0
DRS 09 - Marília, 85139260.63184026, 1058354.496595244, 2020-04-02, 216.04601561362156, 245.31961190231766, 181.89192281412278, 0.3176525037428514, 0
DRS 09 - Marília, 157029257.95160156, 396249.0213802768, 2020-03-28, 1.4426977148862958, 85.05553728575391, 228.94064902359787, 0.48728853255197974, 0
DRS 09 - Marília, 94573012.1495158, 634677.6401348901, 2020-03-29, 164.73433146928608, 40.132734312910166, 5.920324102784879, 0.3621959324516292, 0
DRS 09 - Marília, 80003344.5129665, 737865.5073203455, 2020-04-04, 149.80185618731016, 76.15906596306057, 34.666959206727164, 0.8272569324990175, 0
DRS 09 - Marília, 231530896.78206214, 655602.2007419732, 2020-03-30, 55.52103948553111, 203.13240415136684, 172.5790716491557, 0.8423408798298588, 0
DRS 09 - Marília, 185692001.7196508, 1100507.6737827593, 2020-04-03, 149.31054294066516, 8.090853801757946, 147.34135225356394, 0.7202906933676629, 0
DRS 09 - Marília, 486732.8606961832, 682674.6443865581, 2020-03-28, 179.01922510082122, 157.78768962967575, 194.23883884595122, 0.3813048362547151, 0
DRS 09 - Marília, 1943396.0547294396, 786373.870479289, 2020-03-29, 115.0082497438183, 120.63602122412262, 31.072642878895564, 0.6344466338618371, 0
DRS 09 - Marília, 92113048.97843103, 498447.9612091205, 2020-04-03, 198.43412625560674, 140.61636336331358, 103.2247147569881, 0.30445651726559386, 0
DRS 09 - Marília, 216018161.15308872, 897549.9948381921, 2020-03-28, 126.93490477763581, 221.89255907147472, 199.91211676060126, 0.691674646254145, 0
DRS 09 - Marília, 27616728.967310444, 630102.7642808813, 2020-04-01, 115.4666668819553, 218.66289658549766, 157.78303314303315, 0.4536148243825349, 0
DRS 09 - Marília, 177148051.65125838, 824360.577690018, 2020-03-31, 109.49298015639543, 149.5716160053122, 217.17233795390075, 0.6095924445914827, 0
DRS 09 - Marília, 51758928.46968626, 407361.08579751226, 2020-04-02, 130.72513945934838, 249.23672915966512, 61.03531264636998, 0.7901525056178886, 0
DRS 09 - Marília, 7245477.229899651, 449183.6487697848, 2020-03-29, 59.7245278726723, 161.5132843362866, 130.23127421658197, 0.28040236011511666, 0
DRS 09 - Marília, 50578274.40247873, 434837.21790149546, 2020-03-29, 132.32678953002252, 114.39547977982345, 183.32867748063282, 0.6763870932384437, 0
DRS 09 - Marília, 160578337.9140177, 611819.227520223, 2020-04-02, 96.37382602019467, 138.85571512911113, 52.130496080818716, 0.5612037216228767, 0
DRS 09 - Marília, 53547348.06767476, 1025326.2368720991, 2020-03-30, 236.22380208693593, 181.45304804453784, 38.62538432529808, 0.4047122969048105, 0
DRS 09 - Marília, 174394707.00419322, 926427.9514139898, 2020-03-28, 135.3661338465681, 241.9921829401916, 159.1634199932755, 0.5703563836850036, 0
DRS 09 - Marília, 183096952.78225526, 430245.877091006, 2020-03-28, 123.10902089420107, 241.54998179993802, 101.39615842169559, 0.787958742542231, 0
DRS 09 - Marília, 840309.4701272296, 801650.8761650939, 2020-04-01, 92.88977385036453, 172.8249790286016, 194.049996662201, 0.44562080442346175, 0
DRS 09 - Marília, 150603561.00327545, 587306.134952637, 2020-04-01, 40.71401581359571, 45.94525516951073, 242.6587881517155, 0.5341998930935556, 0
DRS 09 - Marília, 2461235.107017604, 717536.9370784939, 2020-04-03, 171.07821926289168, 242.85951306922055, 230.6686107091353, 0.7476765013577313, 0
DRS 09 - Marília, 48955618.27804705, 740774.6479259322, 2020-03-31, 127.40826348549517, 188.70954726304433, 5.127141357252976, 0.7312337845915748, 0
DRS 09 - Marília, 17538003.31901583, 746549.270154098, 2020-03-30, 58.47125172690262, 72.79377824737466, 141.11325023616428, 0.6363989566882955, 0
DRS 09 - Marília, 19876990.924991496, 446085.771292711, 2020-04-01, 116.04081948217397, 131.60845668974275, 129.164634710634, 0.5373534718756043, 0
DRS 09 - Marília, 87650790.23150215, 433695.97960058734, 2020-03-28, 13.549919891862993, 144.40232661296196, 134.90442820593282, 0.3074844104523317, 0
DRS 09 - Marília, 124263908.26689588, 573442.1200801786, 2020-03-29, 193.86134318030557, 12.936322762906755, 131.13258300399232, 0.4601830525297127, 0
DRS 09 - Marília, 39811632.029846765, 576635.9489205027, 2020-04-02, 75.10216263700056, 127.95501703287832, 129.31314159621786, 0.6330694223686716, 0
DRS 09 - Marília, 130136218.76482064, 760726.9281484014, 2020-03-29, 146.5628381703079, 82.0320834752944, 96.53066585920861, 0.501886790570639, 0
DRS 09 - Marília, 126178.80030068333, 710094.942150102, 2020-03-28, 224.63648658249892, 0.08138046010298938, 240.0702548009725, 0.2515731637078838, 0
DRS 09 - Marília, 89642793.99572644, 857336.4452377097, 2020-03-30, 2.998098146244785, 72.2976321779363, 205.56740123799304, 0.556792557882833, 0
DRS 09 - Marília, 13277852.698876332, 465504.42343751463, 2020-04-02, 62.71150319236311, 53.19194059238622, 55.108072199692074, 0.5412331231915997, 0
DRS 09 - Marília, 88250932.74895471, 744101.1482270323, 2020-03-29, 190.85531366019157, 79.70662417157385, 132.42289493715433, 0.3621959324516292, 0
DRS 09 - Marília, 165105738.726576, 1083634.588660135, 2020-04-01, 76.86209968769924, 76.15906596306057, 34.666959206727164, 0.5580770286496523, 0
DRS 09 - Marília, 148723754.512132, 827263.7152958845, 2020-03-29, 124.39911465399622, 231.96378317619352, 26.608824476231668, 0.5765566494779646, 0
DRS 09 - Marília, 40740568.39561576, 579686.9252589669, 2020-04-02, 87.2051985754499, 77.78146927801447, 7.908792504200041, 0.219698691617528, 0
DRS 09 - Marília, 119269611.65772821, 937474.8345790476, 2020-04-03, 106.7712294766442, 1.156206182526237, 194.23883884595122, 0.3712928771165287, 0
DRS 09 - Marília, 192184220.8346853, 1122401.7064412707, 2020-03-29, 214.38775980138652, 52.77793727068605, 49.846933790428956, 0.6344466338618371, 0
DRS 09 - Marília, 18767695.55961514, 979485.094416692, 2020-03-28, 193.00619983455294, 196.5699671121068, 41.93502343636024, 0.3560576717952392, 0
DRS 09 - Marília, 27578246.133681487, 836468.8752848874, 2020-03-28, 103.33674797370179, 48.504939039741565, 207.03145950634556, 0.40646374677716934, 0
DRS 09 - Marília, 200167641.31644037, 394744.0708819204, 2020-03-30, 174.0948091664663, 31.474290354699416, 157.78303314303315, 0.6489595830283531, 0
DRS 09 - Marília, 141142261.01994178, 405010.01766332466, 2020-03-28, 201.40689309378448, 16.597428349768016, 72.59104492620128, 0.7588063338319546, 0
DRS 09 - Marília, 7172145.804356219, 471496.5579720376, 2020-04-02, 177.34850063194958, 249.23672915966512, 81.75012100906507, 0.4494503306095853, 0
DRS 09 - Marília, 24026665.430837628, 1120744.9128627605, 2020-03-31, 144.2615594966714, 161.54205161620717, 130.23127421658197, 0.4983050097663423, 0
DRS 09 - Marília, 65154523.4818657, 684564.79772738, 2020-03-30, 132.32678953002252, 174.6172525739161, 189.69334131077608, 0.6763870932384437, 0
DRS 09 - Marília, 123445029.41221851, 1025482.9571131796, 2020-04-01, 87.64515415103725, 23.359432353135936, 1.0951840879422636, 0.5619580427357562, 0
DRS 09 - Marília, 69350107.93046047, 453666.47230921965, 2020-03-29, 236.22380208693593, 77.41786054609679, 158.52226663508165, 0.22745412155578285, 0
DRS 09 - Marília, 39114633.542142, 729430.2245443691, 2020-03-28, 94.25426895561715, 226.15367693416184, 169.52495727908587, 0.5703563836850036, 0
DRS 09 - Marília, 17518808.078404296, 953805.600845695, 2020-03-31, 202.5875057130634, 177.6224946347655, 168.086741172452, 0.28177159910897254, 0
DRS 09 - Marília, 43741943.45346542, 353664.8372924905, 2020-03-30, 209.1375480534265, 172.8249790286016, 244.1750515397332, 0.7947815880368245, 0
DRS 09 - Marília, 191622683.61382818, 812157.1196424183, 2020-03-31, 85.80050155983953, 125.07741135482914, 181.6814971080153, 0.6405150507652044, 0
DRS 09 - Marília, 69837946.1860981, 1050445.844894793, 2020-04-01, 210.11978976070554, 242.85951306922055, 49.83388356911869, 0.5182322998244631, 0
DRS 09 - Marília, 50972835.27261961, 798924.5235740438, 2020-03-31, 92.45943859755445, 48.49816283765096, 81.40101824455343, 0.26266438675588777, 0
DRS 09 - Marília, 96834390.04682326, 1043749.7159224668, 2020-03-30, 59.3238383030445, 116.91435996779703, 218.4191554511523, 0.713537187799582, 0
DRS 09 - Marília, 217172397.37585202, 585225.5679210026, 2020-04-03, 138.6668318126164, 223.78338987369162, 194.1557802120375, 0.7793471771642619, 0
DRS 09 - Marília, 11278643.64514767, 555107.019054429, 2020-04-04, 188.55016681526482, 144.40232661296196, 87.2972391913969, 0.4268482701357531, 0
DRS 09 - Marília, 128670060.36051112, 713339.4417806034, 2020-04-04, 25.422672321865917, 184.3279419484025, 161.1251934553053, 0.7189054617980943, 0
DRS 09 - Marília, 178224729.49614418, 576635.9489205027, 2020-03-30, 147.25155108444798, 154.34559310309464, 20.344487343819857, 0.6318230987107737, 0
DRS 09 - Marília, 86127973.37343308, 620133.2904088943, 2020-03-31, 146.58379192147726, 20.878353617134277, 195.65058660410176, 0.32698926546269463, 0
DRS 09 - Marília, 78331559.80674016, 710094.942150102, 2020-03-30, 78.12633974811006, 0.08138046010298938, 119.28246931967185, 0.2515731637078838, 0
DRS 09 - Marília, 47677399.47403403, 856683.5276320477, 2020-03-29, 2.998098146244785, 175.03181917944295, 69.74179787978707, 0.3176525037428514, 0
DRS 09 - Marília, 17061056.843279514, 445302.82389068045, 2020-04-02, 165.42788595350098, 53.19194059238622, 207.27339546308067, 0.5453630282249575, 0
DRS 09 - Marília, 103424413.56739926, 779329.2011629447, 2020-04-01, 136.2624112022237, 52.848411539326456, 176.93009050380235, 0.3621959324516292, 0
DRS 09 - Marília, 54444523.668049976, 1125044.8543487266, 2020-04-03, 41.608937542891525, 76.15906596306057, 34.666959206727164, 0.27237352525046843, 0
DRS 09 - Marília, 183461906.5635767, 655602.2007419732, 2020-03-30, 188.19799976829475, 41.48097722274097, 172.5790716491557, 0.8192737030315882, 0
DRS 09 - Marília, 20620413.157889877, 806413.3732605365, 2020-04-03, 149.31054294066516, 72.72547641642913, 132.82658337709387, 0.4848445837162767, 0
DRS 09 - Marília, 11485760.105254725, 1105864.9957359785, 2020-04-04, 178.137482752308, 1.156206182526237, 191.5564803343356, 0.6147357222840261, 0
DRS 09 - Marília, 203496930.48798808, 786373.870479289, 2020-03-31, 44.00501688860563, 120.63602122412262, 242.4312084876234, 0.6247930159141326, 0
DRS 09 - Marília, 88136764.91185752, 717348.7759981309, 2020-04-04, 194.62284525744434, 81.52422972876094, 53.49896957066973, 0.3560576717952392, 0
DRS 09 - Marília, 181186264.4355808, 716020.8549575775, 2020-04-04, 177.5810314276026, 48.504939039741565, 29.048752839834517, 0.691674646254145, 0
DRS 09 - Marília, 154451091.09165996, 970809.949065454, 2020-03-30, 22.1010193807821, 102.7685618427608, 118.14276177666763, 0.5145818561799955, 0
DRS 09 - Marília, 21491981.21734774, 481968.7126706458, 2020-03-28, 34.76195818919706, 15.813660670034535, 59.808884171097226, 0.21602988182993516, 0
DRS 09 - Marília, 62494607.54095526, 975980.207019295, 2020-03-31, 163.9435866448597, 249.23672915966512, 34.17395207509644, 0.26765074751931783, 0
DRS 09 - Marília, 2886352.718948566, 449183.6487697848, 2020-04-02, 52.03051850520711, 186.9150413657513, 130.23127421658197, 0.8454431638928908, 0
DRS 09 - Marília, 203179507.32584777, 434837.21790149546, 2020-04-02, 207.38227929920072, 206.471217745686, 68.23298438562807, 0.6763870932384437, 0
DRS 09 - Marília, 33476959.666697204, 642059.3782309941, 2020-04-04, 62.806666048051405, 143.96663170636688, 134.74966490543915, 0.5715205830538308, 0
DRS 09 - Marília, 89085379.05508457, 822544.1628913416, 2020-03-28, 106.66173633226957, 21.856673879100203, 40.27832465428696, 0.4014245653006995, 0
DRS 09 - Marília, 8509300.157102246, 409243.3784001132, 2020-03-28, 72.94968388057507, 200.35664444328398, 159.1634199932755, 0.376138529502811, 0
DRS 09 - Marília, 171590925.88611022, 761813.0323375803, 2020-03-30, 148.83959032735387, 162.87679176517992, 101.39615842169559, 0.6593190316123085, 0
DRS 09 - Marília, 33996532.57971526, 801650.8761650939, 2020-03-28, 121.55808284233349, 249.18688187838416, 151.1895160392865, 0.44562080442346175, 0
DRS 09 - Marília, 137070973.50744346, 812157.1196424183, 2020-03-30, 241.78874501359104, 203.18252328755796, 197.48963183134114, 0.4604653610418335, 0
DRS 09 - Marília, 16076815.158574276, 677564.733864313, 2020-04-03, 90.18183021352581, 201.45051833987202, 49.83388356911869, 0.33211433324253137, 0
DRS 09 - Marília, 89199528.79539557, 716406.0236037283, 2020-04-01, 98.98283644886678, 93.18639097287466, 5.127141357252976, 0.4064497217961781, 0
DRS 09 - Marília, 151843450.5157172, 811196.8588500103, 2020-04-03, 71.51917578842983, 39.92522352420574, 141.11325023616428, 0.6363989566882955, 0
DRS 09 - Marília, 115351577.15362652, 870998.5633572597, 2020-04-03, 157.99952526546403, 221.00906134248473, 103.38192589278685, 0.5434663628370446, 0
DRS 09 - Marília, 148386870.4870903, 487274.94803356554, 2020-04-02, 43.000724016801705, 144.40232661296196, 34.19174283593815, 0.5310807901543769, 0
DRS 09 - Marília, 80726059.06373364, 444969.4701030503, 2020-03-30, 139.12860525896997, 81.30809859186073, 29.62359169293735, 0.6801366172131729, 0
DRS 09 - Marília, 14471971.855034113, 543193.9101171014, 2020-03-30, 75.10216263700056, 154.34559310309464, 165.17581023998463, 0.3833884748224353, 0
DRS 09 - Marília, 26346342.43533176, 472319.6405246607, 2020-04-04, 134.01764332498462, 20.878353617134277, 39.16762518816086, 0.4253679038534073, 0
DRS 09 - Marília, 3983916.024698417, 587112.3579784656, 2020-04-02, 224.63648658249892, 133.7997233454618, 136.4052394580507, 0.2515731637078838, 0
DRS 09 - Marília, 92430600.22562024, 402792.28467907914, 2020-03-28, 2.998098146244785, 22.560228624855302, 220.29224026451868, 0.29739842211781176, 0
DRS 09 - Marília, 156581638.58436304, 1128639.5938333282, 2020-03-29, 108.42829993838542, 107.70834814617656, 13.302434369543759, 0.5410968011182062, 0
DRS 09 - Marília, 10174672.65847437, 915291.2851753714, 2020-04-01, 156.2947947966004, 123.59032795534574, 84.97138942754108, 0.3103266224928276, 0
DRS 09 - Marília, 172455571.59510103, 737865.5073203455, 2020-04-03, 238.7269258354857, 110.07496255654083, 201.02384747886916, 0.5478722045971891, 0
DRS 09 - Marília, 72590077.06542216, 549392.6240612655, 2020-03-30, 136.4027889519057, 148.05688168793367, 172.5790716491557, 0.23099654528007096, 0
DRS 09 - Marília, 166880686.48298293, 1056543.9952741931, 2020-03-30, 47.34613511416058, 178.85318361239013, 170.90899154928394, 0.5337250339590889, 0
DRS 09 - Marília, 11959819.082839478, 1105864.9957359785, 2020-04-03, 157.43218147509472, 1.156206182526237, 137.32228443690136, 0.334922242841295, 0
DRS 09 - Marília, 144138976.83305782, 1132757.886122021, 2020-03-29, 115.0082497438183, 27.599388178891445, 161.64432612620075, 0.6344466338618371, 0
DRS 09 - Marília, 111799916.38452572, 367559.2591748493, 2020-04-03, 152.03965413371753, 118.1019207055453, 103.2247147569881, 0.44420488506704325, 0
DRS 09 - Marília, 99417811.9902081, 611026.177480239, 2020-03-28, 112.04313446993991, 244.17882969411252, 75.61506439354055, 0.689692776775529, 0
DRS 09 - Marília, 260080426.43195993, 529840.7038038766, 2020-03-28, 104.34204176188643, 33.097015188530165, 157.78303314303315, 0.8187580605612399, 0
DRS 09 - Marília, 7672176.233734325, 481968.7126706458, 2020-03-31, 87.63285929526721, 15.813660670034535, 59.808884171097226, 0.21602988182993516, 0
DRS 09 - Marília, 11510256.462129585, 422220.83453157643, 2020-04-03, 83.68804304159852, 99.17678852129391, 86.45732969228631, 0.26765074751931783, 0
DRS 09 - Marília, 27173043.68268814, 568107.5686068627, 2020-04-02, 52.03051850520711, 92.67683212934912, 157.62261616042608, 0.45032881352322174, 0
DRS 09 - Marília, 15692597.099066654, 434837.21790149546, 2020-04-03, 177.0970204449108, 93.18140557978222, 192.81790811650782, 0.6389816075340562, 0
DRS 09 - Marília, 57036468.49376045, 813579.5149236557, 2020-03-30, 240.48791144600145, 232.74305649630486, 1.0951840879422636, 0.37009759754444493, 0
DRS 09 - Marília, 61620046.74037514, 444672.5992587415, 2020-03-29, 108.0566839931789, 236.8203965874638, 4.479997412962344, 0.22745412155578285, 0
DRS 09 - Marília, 4335676.311293295, 409243.3784001132, 2020-03-28, 24.834327969284725, 199.81247393925858, 159.1634199932755, 0.6375956480981788, 0
DRS 09 - Marília, 19587270.529067658, 582152.7965049183, 2020-04-02, 73.02278517748631, 2.8682057411776163, 3.3583340725162287, 0.61593906163951, 0
DRS 09 - Marília, 131872843.43892431, 900941.7162914494, 2020-04-01, 130.08305643914207, 58.80865739409469, 37.38870303728847, 0.45919885630719137, 0
DRS 09 - Marília, 18293426.81026377, 834310.4634424159, 2020-03-29, 94.73127812389937, 72.56596007943381, 143.9274431589511, 0.4604653610418335, 0
DRS 09 - Marília, 131991196.90767904, 838490.091399211, 2020-04-03, 3.4417195774995717, 189.21803637459715, 138.7201304622214, 0.47991981390657634, 0
DRS 09 - Marília, 157869154.87393436, 798924.5235740438, 2020-03-31, 210.1909703239317, 193.4537255248129, 5.127141357252976, 0.5541011773633453, 0
DRS 09 - Marília, 81228114.72651385, 703739.3577419375, 2020-03-30, 58.47125172690262, 152.77081046948499, 168.23422944933438, 0.41760273140803805, 0
DRS 09 - Marília, 9986797.312576164, 773386.5927277004, 2020-03-31, 157.99952526546403, 136.04019609349973, 109.77138751358126, 0.19413711516482066, 0
DRS 09 - Marília, 61896829.633378215, 642795.4036452143, 2020-04-03, 13.549919891862993, 190.60199504189887, 230.3587455175621, 0.5310807901543769, 0
DRS 09 - Marília, 13398946.662735898, 713339.4417806034, 2020-04-01, 69.36152307326687, 198.09615100688896, 6.730268270511861, 0.42946967828406624, 0
DRS 09 - Marília, 115945106.72250766, 1093693.5943608792, 2020-03-30, 244.36165002127026, 36.714614582277825, 58.49887084573607, 0.3833884748224353, 0
DRS 09 - Marília, 134794255.5602821, 620133.2904088943, 2020-04-01, 89.92521370837193, 226.45660873177053, 221.0896953540625, 0.42895562684551014, 0
DRS 09 - Marília, 9576289.297242166, 710094.942150102, 2020-03-31, 247.94058985417132, 214.03527428714742, 240.0702548009725, 0.29648968223663935, 0
DRS 09 - Marília, 28692190.695646577, 606137.5850364242, 2020-03-30, 2.998098146244785, 245.31961190231766, 205.56740123799304, 0.3176525037428514, 0
DRS 09 - Marília, 3322896.4962844057, 776181.3131848329, 2020-03-29, 116.81186021629891, 53.19194059238622, 207.27339546308067, 0.3526884265922732, 0
DRS 09 - Marília, 66276665.83726725, 619517.7508336876, 2020-04-04, 107.07840828395993, 77.54713519678042, 167.9718661157228, 0.3621959324516292, 0
DRS 09 - Marília, 38592011.363191456, 1097630.7116576359, 2020-03-31, 49.841673351141786, 148.65764078873235, 142.44014383793325, 0.47933669849891986, 0
DRS 09 - Marília, 37994987.18055491, 610634.4486443412, 2020-03-30, 103.24637478044384, 129.59594899190813, 15.561581928757368, 0.4588581650043647, 0
DRS 09 - Marília, 143141103.3701234, 1100507.6737827593, 2020-04-01, 193.815236560044, 158.0402079544673, 43.84130434598474, 0.4848445837162767, 0
DRS 09 - Marília, 123253912.0435662, 469260.47365366714, 2020-04-02, 89.38072725670379, 1.156206182526237, 176.2946217149618, 0.6473324482369056, 0
DRS 09 - Marília, 193847703.80770862, 556522.3865926655, 2020-03-30, 127.74958557050641, 65.18481759977409, 81.67682356609505, 0.6344466338618371, 0
DRS 09 - Marília, 37683193.8642902, 764612.3475309566, 2020-03-31, 198.43412625560674, 147.5520002946318, 200.2936028762346, 0.5984698704498868, 0
DRS 09 - Marília, 9660809.66955646, 443440.04178004665, 2020-03-28, 216.6688730399938, 170.46024507336395, 17.86902027510931, 0.691674646254145, 0
DRS 09 - Marília, 148310093.6912591, 826530.2904738339, 2020-03-30, 134.5850215792226, 105.7726253124439, 181.9153531243774, 0.4633979016331271, 0
DRS 09 - Marília, 1643109.6700381804, 489784.98188437184, 2020-03-31, 196.02880671316814, 218.73981447252098, 120.3428972596721, 0.21602988182993516, 0
DRS 09 - Marília, 56049632.20398148, 714088.9867454385, 2020-04-01, 160.63745239501816, 48.65371933905632, 31.797545083811983, 0.26765074751931783, 0
DRS 09 - Marília, 117091857.29519598, 467514.1707860481, 2020-04-02, 52.03051850520711, 16.776579588627914, 109.40988812745708, 0.4432024486827401, 0
DRS 09 - Marília, 181006776.715002, 559380.8858651851, 2020-04-03, 116.20787359285097, 98.01135073104834, 147.90900971899077, 0.5990993409497478, 0
DRS 09 - Marília, 88185211.53287522, 642059.3782309941, 2020-03-30, 37.682020060631274, 36.45931058538518, 69.17851740554889, 0.6075250188003543, 0
DRS 09 - Marília, 46880135.01161504, 797311.1060123213, 2020-04-04, 111.03398011957317, 218.6241595655537, 213.96990530306047, 0.22745412155578285, 0
DRS 09 - Marília, 214162993.95972037, 428393.37407032633, 2020-03-28, 69.18310672891006, 68.58958363293617, 159.1634199932755, 0.7425232357492495, 0
DRS 09 - Marília, 84868846.18507688, 547472.5370515191, 2020-03-30, 28.523740120450668, 36.98067213993886, 176.50955951044463, 0.5342374130120503, 0
DRS 09 - Marília, 202083100.62888223, 801650.8761650939, 2020-04-01, 146.33142331533372, 172.8249790286016, 46.644611987994296, 0.7090721241568079, 0
DRS 09 - Marília, 170568272.47119382, 520783.5889624441, 2020-03-29, 94.73127812389937, 72.56596007943381, 95.59566010306743, 0.5499140150862114, 0