DRS 17 - Taubaté, 69121449.33884262, 1423856.136802428, 2020-04-02, 150.9972568081191, 226.86244814297302, 155.43151744735854, 0.1782868387709383, 0
DRS 17 - Taubaté, 389423790.51802355, 2272710.8884523623, 2020-04-03, 116.76340625831469, 81.95669480857532, 43.11869234605262, 0.7704724283067752, 0
DRS 17 - Taubaté, 45473769.26745805, 792975.4065444513, 2020-04-03, 200.0275833921555, 243.1429439519569, 222.21056772660216, 0.8005757223837149, 0
DRS 17 - Taubaté, 25217440.624941137, 349453.1741612342, 2020-04-02, 119.69523526884512, 214.75661519590116, 73.98689804123606, 0.43761138577412606, 0
DRS 17 - Taubaté, 144702983.14744565, 2523624.457894293, 2020-04-01, 100.84158873807353, 76.48813672009405, 132.79510199095128, 0.9339907616523068, 0
DRS 17 - Taubaté, 5091926.23572069, 2292088.1220122804, 2020-03-30, 128.1609076072305, 231.70793604527879, 200.51146630548587, 0.19437966826666414, 0
DRS 17 - Taubaté, 63228815.10546338, 2198223.233089991, 2020-04-04, 147.81781040133356, 115.55861130671882, 151.79907860448114, 0.8739526363383585, 0
DRS 17 - Taubaté, 26684726.10719524, 357095.3515477524, 2020-04-04, 145.67840598700008, 100.73888450018207, 83.0055115792849, 0.976217928019311, 0
DRS 17 - Taubaté, 63039231.73398081, 844752.7808309494, 2020-04-01, 193.81900484245665, 16.494199069886665, 133.72388017862127, 0.16157201626737355, 0
DRS 17 - Taubaté, 148619616.325074, 1466867.0734266615, 2020-03-29, 223.00534237345988, 92.01425565495674, 201.69375328070572, 0.3897790372730992, 0
DRS 17 - Taubaté, 50198847.89273283, 2430930.627550861, 2020-04-04, 241.62600172340973, 200.47275005365245, 217.6915611712082, 0.29440924835423055, 0
DRS 17 - Taubaté, 337872070.3939956, 739941.1785765794, 2020-04-02, 157.68167039245466, 11.235760802313838, 83.23061515608474, 0.8664468018588137, 0
DRS 17 - Taubaté, 853656146.119476, 1299108.1099480563, 2020-03-29, 241.98146649982874, 50.78496503378066, 247.14283311361734, 0.9092389712890208, 0
DRS 17 - Taubaté, 268241487.4412749, 1871347.3743751019, 2020-03-29, 248.87006888349103, 143.0265584987323, 88.08978389233252, 0.8199949175981004, 0
DRS 17 - Taubaté, 353485385.61641634, 2076809.23144021, 2020-03-30, 143.94782442546736, 248.38160064399267, 38.0605252934873, 0.48466246398636215, 0
DRS 17 - Taubaté, 41290145.81056029, 1381676.8724777773, 2020-03-29, 32.62801110294425, 91.42997901010627, 0.90805329210214, 0.7532203808687922, 0
DRS 17 - Taubaté, 434914053.0297198, 1790610.9336762351, 2020-04-01, 96.10842173111648, 62.91102921188871, 222.8674607239963, 0.4715630599963935, 0
DRS 17 - Taubaté, 66583890.3073682, 1888963.9327653938, 2020-04-02, 137.49715643722485, 23.995860805797992, 182.18468528470223, 0.9299883585307197, 0
DRS 17 - Taubaté, 437461003.82899845, 351175.34838376753, 2020-04-03, 139.84577362206585, 89.17187577841196, 40.3461103840792, 0.5332703715941568, 0
DRS 17 - Taubaté, 28771467.93408778, 2162746.073477474, 2020-04-02, 60.37558935825638, 43.64905859177917, 116.98325911605667, 0.3870646447454146, 0
DRS 17 - Taubaté, 184724646.46444374, 1632883.1283878903, 2020-04-01, 205.7817891979181, 163.57212002825491, 14.574314938417016, 0.255339785192335, 0
DRS 17 - Taubaté, 560651143.407838, 1609565.8997741062, 2020-04-01, 16.170994588215805, 98.2704188241677, 33.67020092642936, 0.6524190395775363, 0
DRS 17 - Taubaté, 327567238.11703944, 473772.75738374004, 2020-04-02, 94.03669680396266, 196.87868176187519, 101.67345705958994, 0.9370785733718727, 0
DRS 17 - Taubaté, 5395694.824230183, 1615177.4456768318, 2020-03-28, 71.41156586612749, 115.71079134878035, 96.50039947016329, 0.15751116420885233, 0
DRS 17 - Taubaté, 264669238.29077142, 2320648.8013740513, 2020-03-28, 81.97288240411011, 151.5127465620969, 72.40332046162804, 0.5343225726611383, 0
DRS 17 - Taubaté, 15208941.193664905, 1502906.7649451203, 2020-03-31, 249.20235574541, 165.90698612167387, 108.89800617828288, 0.6462190708290666, 0
DRS 17 - Taubaté, 180547041.20357493, 2133506.185381831, 2020-04-01, 39.296859452528366, 230.51341016447304, 49.64940527986034, 0.9732913816144512, 0
DRS 17 - Taubaté, 295647746.01834315, 569149.3161806406, 2020-03-31, 1.0729434284191541, 143.56680452523923, 116.10747429282165, 0.763946842863606, 0
DRS 17 - Taubaté, 262418819.26733407, 270020.5388889089, 2020-03-28, 9.456322952583724, 196.9430402928186, 52.98675048198137, 0.6699485363862036, 0
DRS 17 - Taubaté, 349735533.9968332, 2020887.4377601082, 2020-03-29, 81.94362717420628, 200.42110231098567, 87.92889751520802, 0.4683827057124742, 0
DRS 17 - Taubaté, 120097455.98575301, 1423856.136802428, 2020-03-29, 206.5686229492833, 122.49972478837707, 167.4929826700774, 0.1782868387709383, 0
DRS 17 - Taubaté, 13860872.069270829, 224205.86161237396, 2020-03-29, 234.93788006008376, 191.43203863672866, 43.11869234605262, 0.3663740494141902, 0
DRS 17 - Taubaté, 11921773.565896928, 792975.4065444513, 2020-04-03, 154.0495668440196, 110.13828612966344, 63.7596047916627, 0.7446762780867477, 0
DRS 17 - Taubaté, 633590219.2601191, 1975577.321403217, 2020-03-30, 119.69523526884512, 168.19475612796953, 73.98689804123606, 0.8414926694003484, 0
DRS 17 - Taubaté, 567835756.3377264, 1278823.7121421844, 2020-03-31, 100.84158873807353, 91.23261215459924, 132.79510199095128, 0.7613851428313616, 0
DRS 17 - Taubaté, 74394893.48867393, 245411.6329153137, 2020-04-04, 139.96046874059655, 228.28718954465717, 200.51146630548587, 0.19437966826666414, 0
DRS 17 - Taubaté, 136475199.18856677, 2198223.233089991, 2020-03-28, 147.81781040133356, 115.55861130671882, 88.85554968648123, 0.18314549345420447, 0
DRS 17 - Taubaté, 377595907.605781, 1374651.2800958974, 2020-03-28, 145.67840598700008, 61.88945753809466, 101.20470325370226, 0.976217928019311, 0
DRS 17 - Taubaté, 188789662.07669467, 2317262.788793967, 2020-04-01, 193.81900484245665, 28.350794525524538, 133.72388017862127, 0.4886417812981724, 0
DRS 17 - Taubaté, 413019502.85443324, 404235.93151560304, 2020-03-29, 108.46482593022776, 92.01425565495674, 201.69375328070572, 0.4336518737610161, 0
DRS 17 - Taubaté, 25919449.939253923, 2430930.627550861, 2020-04-02, 166.6584919923509, 239.47784894062502, 118.30973459277764, 0.44268464377367456, 0
DRS 17 - Taubaté, 73066394.04686445, 739941.1785765794, 2020-04-04, 155.91364366426274, 172.29642282795703, 174.6845282941125, 0.7412951426472428, 0
DRS 17 - Taubaté, 230028601.01849383, 1299108.1099480563, 2020-04-01, 121.24891789408174, 50.78496503378066, 236.98940199668752, 0.27188007553707905, 0
DRS 17 - Taubaté, 54299321.26538067, 387673.90492690064, 2020-03-30, 248.87006888349103, 202.10116719673874, 192.1499551925579, 0.886491875376996, 0
DRS 17 - Taubaté, 336285279.5268629, 1111216.507537431, 2020-03-30, 134.81751854386061, 45.14510947291512, 209.97742827220108, 0.3549894984217826, 0
DRS 17 - Taubaté, 215600641.1275062, 2240913.0191614134, 2020-04-02, 180.60720584150934, 38.35025343759484, 0.90805329210214, 0.39319059427986514, 0
DRS 17 - Taubaté, 363882442.1109563, 1733266.886939267, 2020-04-01, 215.2694258974002, 104.66855840981347, 231.34630822390358, 0.8750714413748583, 0
DRS 17 - Taubaté, 468424468.43319535, 1888963.9327653938, 2020-03-30, 137.49715643722485, 165.76664121805157, 182.18468528470223, 0.7169742034878176, 0
DRS 17 - Taubaté, 166318635.52172917, 1108862.0591472017, 2020-04-03, 109.29405106788892, 124.20744069307511, 32.08343994792121, 0.1850919472377278, 0
DRS 17 - Taubaté, 558452277.9755559, 954663.065999411, 2020-03-28, 60.37558935825638, 43.64905859177917, 116.98325911605667, 0.6412650044081551, 0
DRS 17 - Taubaté, 112345475.26427846, 710045.9340926989, 2020-04-04, 151.74849035930566, 109.23076300612338, 87.19054222483652, 0.2872181720124937, 0
DRS 17 - Taubaté, 248200931.1174124, 1658497.5219024133, 2020-03-29, 83.48621270686706, 98.2704188241677, 192.1397341291277, 0.6524190395775363, 0
DRS 17 - Taubaté, 189320328.25153857, 473772.75738374004, 2020-04-02, 157.03289410913874, 196.87868176187519, 42.509927807004104, 0.21700619725954923, 0
DRS 17 - Taubaté, 431348996.314997, 749572.8098049875, 2020-03-28, 235.29844894385695, 199.40132020952166, 227.35113129976202, 0.5179591644468001, 0
DRS 17 - Taubaté, 431591541.33387464, 238389.09358827665, 2020-04-04, 81.97288240411011, 121.41256016470226, 35.62075317949697, 0.5343225726611383, 0
DRS 17 - Taubaté, 245246228.8513228, 1502906.7649451203, 2020-03-31, 249.20235574541, 194.81539707776534, 207.56366185664928, 0.6462190708290666, 0
DRS 17 - Taubaté, 157158692.97110188, 1084122.175801489, 2020-04-01, 39.296859452528366, 215.0243261819738, 30.699429460001067, 0.5136761259802662, 0
DRS 17 - Taubaté, 363048199.62852985, 233725.9518776175, 2020-04-04, 198.6686646140528, 110.40147673915202, 69.7676215746153, 0.40746288247742546, 0
DRS 17 - Taubaté, 234988142.38832954, 270020.5388889089, 2020-03-28, 49.194824321487154, 158.6763143879609, 57.90191979197401, 0.8830070953107102, 0
DRS 17 - Taubaté, 375653196.36703026, 1308587.7558182355, 2020-03-30, 228.2851594316767, 222.740511863066, 87.92889751520802, 0.4683827057124742, 0
DRS 17 - Taubaté, 4161983.204914369, 1723089.7808267295, 2020-04-02, 224.9122747918177, 226.86244814297302, 110.32626876381035, 0.1782868387709383, 0
DRS 17 - Taubaté, 144056034.24427974, 1023919.0786041295, 2020-03-31, 234.93788006008376, 80.70798206962014, 43.11869234605262, 0.3663740494141902, 0
DRS 17 - Taubaté, 484184728.88286734, 280829.97489128204, 2020-04-02, 211.38285902537982, 110.13828612966344, 63.7596047916627, 0.5996214100211378, 0
DRS 17 - Taubaté, 195545316.97683853, 712339.7297758881, 2020-03-30, 203.38121937218548, 12.519617594488965, 114.68770288283311, 0.2201418092458735, 0
DRS 17 - Taubaté, 705479667.7861944, 2325524.1319902632, 2020-03-30, 25.32769996914743, 204.98777965454937, 94.4898432249939, 0.9339907616523068, 0
DRS 17 - Taubaté, 226418446.04798207, 1493096.308184064, 2020-03-30, 121.69398787375685, 119.52210867133176, 46.85915764870712, 0.3191378527934925, 0
DRS 17 - Taubaté, 474074301.7753076, 2198223.233089991, 2020-04-03, 166.50190023222643, 10.618914792447434, 151.79907860448114, 0.8739526363383585, 0
DRS 17 - Taubaté, 60291018.47481244, 1364241.907878386, 2020-03-28, 230.9735312360567, 155.43146039947985, 83.0055115792849, 0.984783862565198, 0
DRS 17 - Taubaté, 105356096.79400608, 1135495.4547531086, 2020-04-01, 193.81900484245665, 16.494199069886665, 92.89486433665466, 0.16157201626737355, 0
DRS 17 - Taubaté, 25447018.869476758, 1759923.370259675, 2020-04-02, 109.64234218062313, 49.724283728428134, 221.75181569918672, 0.3897790372730992, 0
DRS 17 - Taubaté, 527102615.40544504, 2430930.627550861, 2020-04-04, 88.35412673835393, 239.47784894062502, 27.21200338746626, 0.7427820918958944, 0
DRS 17 - Taubaté, 56112616.27525004, 739941.1785765794, 2020-04-04, 155.91364366426274, 203.82653966101114, 174.6845282941125, 0.7588548304987288, 0
DRS 17 - Taubaté, 28518351.324826635, 1299108.1099480563, 2020-03-30, 156.9432641128182, 70.97224432512424, 109.26504197174968, 0.27188007553707905, 0
DRS 17 - Taubaté, 118497593.6556353, 1413930.2231110844, 2020-04-02, 38.14411114252225, 149.77314209126254, 149.31359849930996, 0.30613143374524454, 0
DRS 17 - Taubaté, 135148373.6108869, 1018868.5106123097, 2020-03-30, 78.79194590010118, 63.30477665836923, 209.97742827220108, 0.3549894984217826, 0
DRS 17 - Taubaté, 643226647.875651, 2149105.5573987663, 2020-03-29, 127.78400484958613, 29.985394232520285, 0.90805329210214, 0.7931482454450434, 0
DRS 17 - Taubaté, 331078224.1725683, 1731973.4728845006, 2020-03-30, 238.42301927182984, 143.31641813665362, 231.34630822390358, 0.8750714413748583, 0
DRS 17 - Taubaté, 6619425.445960707, 1888963.9327653938, 2020-04-02, 164.32514018084095, 198.2268645780666, 64.72023524024608, 0.3563233512062848, 0
DRS 17 - Taubaté, 200614354.13826808, 1108862.0591472017, 2020-04-03, 109.29405106788892, 124.20744069307511, 146.15080873847378, 0.5195565789163791, 0
DRS 17 - Taubaté, 292622226.71346676, 2162746.073477474, 2020-04-01, 151.4755654588523, 43.64905859177917, 138.57556618335926, 0.5279416140509616, 0
DRS 17 - Taubaté, 455113402.6406737, 710045.9340926989, 2020-04-01, 203.04028451823302, 191.5499991801794, 87.19054222483652, 0.6055895694628125, 0
DRS 17 - Taubaté, 290079032.9340182, 2385673.1167041557, 2020-03-28, 157.48063762048463, 183.05354187496238, 51.76623221755676, 0.7372988365090345, 0
DRS 17 - Taubaté, 121542249.8364906, 899303.6961626956, 2020-04-01, 111.05523372954606, 196.87868176187519, 58.90281587574069, 0.16193447708969716, 0
DRS 17 - Taubaté, 72491942.00392565, 780281.3641591616, 2020-03-31, 173.1463573663054, 143.7692297554523, 96.50039947016329, 0.18588040391443938, 0
DRS 17 - Taubaté, 198341217.64074653, 1450244.5953094638, 2020-03-28, 236.90531423924935, 168.1925942106045, 72.40332046162804, 0.2973867931730275, 0
DRS 17 - Taubaté, 111744191.2138148, 1502906.7649451203, 2020-04-04, 26.69246604889683, 157.02255328432508, 33.199436278827115, 0.2839125752011118, 0
DRS 17 - Taubaté, 473969146.9099015, 1481357.1081332408, 2020-04-01, 39.296859452528366, 94.47383561596645, 31.980525039576435, 0.7094518084132138, 0
DRS 17 - Taubaté, 42507120.997150525, 569149.3161806406, 2020-03-31, 1.0729434284191541, 73.30150822538957, 116.10747429282165, 0.7849699418327647, 0
DRS 17 - Taubaté, 181800301.38839868, 1156942.0839108168, 2020-03-30, 192.65177972804958, 99.88120579701149, 92.23414360885458, 0.20505093621370035, 0
DRS 17 - Taubaté, 21165988.647731625, 2020887.4377601082, 2020-04-03, 81.94362717420628, 156.4977281535247, 135.3540649836162, 0.8024008286253105, 0
DRS 17 - Taubaté, 285112812.4916275, 266061.1457348559, 2020-03-30, 95.09516821529738, 226.86244814297302, 110.32626876381035, 0.30781592831314375, 0
DRS 17 - Taubaté, 134921679.15799165, 1579410.4689978315, 2020-03-29, 51.248859006378126, 48.806227438077016, 183.98289927897707, 0.3520141258504442, 0
DRS 17 - Taubaté, 12990423.690466495, 913513.865249194, 2020-04-01, 26.824489926434964, 148.703760320218, 20.77655421344199, 0.1635475697494017, 0
DRS 17 - Taubaté, 577893433.0567845, 553528.3942929844, 2020-04-02, 82.22951902118974, 147.1044972507449, 54.66947080248199, 0.7017887899379209, 0
DRS 17 - Taubaté, 587069328.7061797, 2523624.457894293, 2020-04-04, 66.01448559203577, 49.10929330940117, 132.79510199095128, 0.9672682178677927, 0
DRS 17 - Taubaté, 11338753.842058904, 2292088.1220122804, 2020-04-03, 128.1609076072305, 55.183785702665865, 14.47128901352157, 0.19437966826666414, 0
DRS 17 - Taubaté, 21620781.696756955, 1187308.5622727838, 2020-03-28, 215.97582416036923, 44.96066989474199, 133.2669051948896, 0.18023803419418716, 0
DRS 17 - Taubaté, 154432136.8805565, 1357156.666831991, 2020-04-04, 145.67840598700008, 100.73888450018207, 115.88101245936426, 0.2709097993995054, 0
DRS 17 - Taubaté, 63225799.92368264, 1120496.4289743297, 2020-04-01, 94.7414853757535, 23.382710148645362, 108.21949399581868, 0.16157201626737355, 0
DRS 17 - Taubaté, 639069479.6516252, 1774276.6635956375, 2020-03-28, 8.638983681885259, 2.606259360240379, 80.66399979570602, 0.7047641625092593, 0
DRS 17 - Taubaté, 246885460.7917846, 2430930.627550861, 2020-04-02, 77.88936028285515, 158.15577514118007, 49.12976675700061, 0.44268464377367456, 0
DRS 17 - Taubaté, 385111813.50507826, 2200507.746720593, 2020-04-03, 155.91364366426274, 93.3119998247611, 124.87730418771488, 0.8545504678540298, 0
DRS 17 - Taubaté, 240468017.58931723, 794676.2544281365, 2020-04-02, 156.9432641128182, 70.97224432512424, 109.26504197174968, 0.27188007553707905, 0
DRS 17 - Taubaté, 599353881.031512, 2293980.0077186115, 2020-03-30, 67.73462873579406, 112.46461054555074, 244.46735900649963, 0.6461068790275831, 0
DRS 17 - Taubaté, 383030719.5220581, 1018868.5106123097, 2020-03-30, 98.07459198761775, 63.30477665836923, 163.86155139649483, 0.41296536323715627, 0
DRS 17 - Taubaté, 123083848.49849145, 2109084.9957802426, 2020-04-02, 32.62801110294425, 143.32466701420745, 95.76634995686572, 0.462523428562175, 0
DRS 17 - Taubaté, 232912706.98870236, 601409.0194205975, 2020-03-29, 135.09191315663136, 41.97369305698817, 33.233628739769024, 0.2781457082730697, 0
DRS 17 - Taubaté, 136484574.92409378, 861047.1686718202, 2020-04-02, 31.901956602379233, 139.1690498268434, 173.64861306378424, 0.3563233512062848, 0
DRS 17 - Taubaté, 71842496.05775087, 2382907.895671928, 2020-03-30, 50.1756396476169, 124.20744069307511, 165.79486621185745, 0.1850919472377278, 0
DRS 17 - Taubaté, 265946125.0369846, 1873218.4467932421, 2020-04-01, 176.69065532298586, 210.9862118930805, 201.36060533311854, 0.4617131520632919, 0
DRS 17 - Taubaté, 27504079.416899968, 1454580.616716869, 2020-03-31, 151.74849035930566, 109.23076300612338, 87.19054222483652, 0.44857919354292786, 0
DRS 17 - Taubaté, 6045112.848816268, 448277.1192162424, 2020-04-02, 142.63176665939537, 123.17680252319825, 192.1397341291277, 0.178739742717634, 0
DRS 17 - Taubaté, 157335581.7858722, 1620247.0459588794, 2020-04-02, 150.47086672983943, 196.87868176187519, 121.27786268348717, 0.4065089727279023, 0
DRS 17 - Taubaté, 7495141.698769465, 970122.8063936086, 2020-04-01, 4.343846880373481, 246.8283470513026, 96.50039947016329, 0.15751116420885233, 0
DRS 17 - Taubaté, 180750686.38149095, 1450244.5953094638, 2020-04-02, 182.90327924715734, 176.85718625837544, 72.40332046162804, 0.20068954704586744, 0
DRS 17 - Taubaté, 757652961.8760132, 535441.377276975, 2020-03-28, 112.46578422192488, 100.76715907541671, 168.2489117836201, 0.7929681864676691, 0
DRS 17 - Taubaté, 31050412.26554517, 617976.128182715, 2020-03-31, 161.46457402204024, 219.1352935260089, 130.07760998820504, 0.45006155689279426, 0
DRS 17 - Taubaté, 434724189.27293104, 1200489.4202909656, 2020-03-30, 35.82575283093154, 30.338310999019207, 116.10747429282165, 0.46588700901567015, 0
DRS 17 - Taubaté, 183415705.7460511, 474464.4775385996, 2020-04-02, 192.83311093513052, 229.78345401654565, 92.23414360885458, 0.20505093621370035, 0
DRS 17 - Taubaté, 737642638.5498017, 702590.4000589496, 2020-04-02, 81.94362717420628, 116.04746082236554, 120.38541418439324, 0.8024008286253105, 0
DRS 17 - Taubaté, 152799801.8615852, 2503971.332205705, 2020-04-01, 101.72861653161155, 157.67049677162888, 165.2756500468721, 0.39376593815806826, 0
DRS 17 - Taubaté, 29811310.767705258, 1032346.3665425989, 2020-04-01, 234.93788006008376, 191.43203863672866, 205.05787692596599, 0.3663740494141902, 0
DRS 17 - Taubaté, 290570487.324458, 1740895.549265228, 2020-03-29, 154.0495668440196, 110.13828612966344, 1.9752630016796058, 0.7446762780867477, 0
DRS 17 - Taubaté, 140975280.80192396, 1345473.7048932859, 2020-04-02, 113.84196224583434, 214.75661519590116, 73.98689804123606, 0.3596138702599887, 0
DRS 17 - Taubaté, 35183471.43284661, 2523624.457894293, 2020-03-31, 107.0667803676106, 239.66050586152542, 132.79510199095128, 0.584503800540509, 0
DRS 17 - Taubaté, 121703046.31372161, 2292088.1220122804, 2020-03-30, 47.07957015098504, 231.70793604527879, 246.9468460438477, 0.19437966826666414, 0
DRS 17 - Taubaté, 544829016.787062, 883209.1408182456, 2020-03-29, 130.27809389213257, 44.96066989474199, 133.2669051948896, 0.6120684841457933, 0
DRS 17 - Taubaté, 138469287.4535382, 637490.0650681644, 2020-03-30, 165.38467413837256, 63.66111494413948, 83.0055115792849, 0.35386056529939347, 0
DRS 17 - Taubaté, 5457507.775164428, 1762273.6168800567, 2020-04-02, 204.64679686278166, 161.8254021050276, 54.5290504449851, 0.16157201626737355, 0
DRS 17 - Taubaté, 324579154.47465295, 590810.0689539156, 2020-04-02, 241.42046042201238, 110.41516395035914, 51.6796498728529, 0.3897790372730992, 0
DRS 17 - Taubaté, 523983129.6436439, 1648169.2948160367, 2020-03-31, 106.2336210368029, 186.8705015631946, 206.7566798562901, 0.6512041397499717, 0
DRS 17 - Taubaté, 52135330.59450859, 739941.1785765794, 2020-03-31, 155.91364366426274, 183.74331796310454, 128.99912528533306, 0.7588548304987288, 0
DRS 17 - Taubaté, 535201220.73138225, 1299108.1099480563, 2020-03-28, 115.42316617342445, 70.97224432512424, 109.26504197174968, 0.727442154344536, 0
DRS 17 - Taubaté, 61716878.11316284, 1610878.1582923513, 2020-03-30, 248.87006888349103, 230.26274484892178, 66.91797823455039, 0.886491875376996, 0
DRS 17 - Taubaté, 277848582.87773544, 1882321.077607649, 2020-04-03, 78.79194590010118, 217.7466479428355, 54.31284825757389, 0.3820761498043129, 0
DRS 17 - Taubaté, 13286606.169653196, 1381676.8724777773, 2020-03-29, 233.65517779980607, 222.96635409426045, 142.9028532288263, 0.22828687686154767, 0
DRS 17 - Taubaté, 11239612.097976686, 601409.0194205975, 2020-03-29, 97.2872708942819, 109.83785972726923, 71.67211548783146, 0.4523209553453822, 0
DRS 17 - Taubaté, 43006582.43371462, 759361.1444577394, 2020-04-02, 52.69392631935666, 199.4548049116854, 64.72023524024608, 0.4739779383132614, 0
DRS 17 - Taubaté, 188478398.71635187, 1441365.8346644626, 2020-03-30, 50.1756396476169, 169.855169722355, 191.22885357404857, 0.526067893824826, 0
DRS 17 - Taubaté, 124307654.78417678, 1219977.554769173, 2020-04-01, 73.64194476043835, 43.64905859177917, 190.78821309185832, 0.32553700959575466, 0
DRS 17 - Taubaté, 69360157.42261352, 1770059.7391850716, 2020-03-30, 51.930205517171636, 193.40434564872228, 60.648745797022194, 0.1695581141061287, 0
DRS 17 - Taubaté, 154200855.43186748, 448277.1192162424, 2020-04-02, 152.70647212858674, 123.17680252319825, 192.1397341291277, 0.178739742717634, 0
DRS 17 - Taubaté, 269242152.58376265, 1321244.0413447057, 2020-03-29, 111.05523372954606, 28.936964003183117, 58.90281587574069, 0.7820368388697717, 0
DRS 17 - Taubaté, 100027248.71243352, 1456129.8284917728, 2020-04-01, 156.19151550756172, 54.253319472680786, 96.50039947016329, 0.1585884970104087, 0
DRS 17 - Taubaté, 27455356.770790715, 436490.96134957613, 2020-04-02, 149.071654715415, 176.85718625837544, 175.94896205987973, 0.20068954704586744, 0
DRS 17 - Taubaté, 61157951.40098551, 1502906.7649451203, 2020-03-31, 249.20235574541, 165.90698612167387, 120.38867434665336, 0.7444309187767995, 0
DRS 17 - Taubaté, 58453220.73506669, 2094664.283022715, 2020-03-31, 14.060024728844725, 170.2370542963558, 153.53696079800304, 0.8443631337206551, 0
DRS 17 - Taubaté, 65610314.2222478, 569149.3161806406, 2020-03-29, 214.0376754856995, 73.30150822538957, 116.10747429282165, 0.9684377476256487, 0
DRS 17 - Taubaté, 237947922.57999688, 1321622.0057126645, 2020-03-29, 233.03361301905056, 63.51756118851852, 178.86891135464583, 0.5362928261892325, 0
DRS 17 - Taubaté, 219875310.08394367, 666040.765559854, 2020-03-28, 164.29394281569583, 156.4977281535247, 145.7427365816778, 0.8024008286253105, 0
DRS 17 - Taubaté, 459117038.99996763, 1723089.7808267295, 2020-04-02, 77.10738883790721, 226.86244814297302, 110.32626876381035, 0.8120461536088315, 0
DRS 17 - Taubaté, 11105463.96630191, 2124672.439052459, 2020-03-30, 180.87609946375238, 62.10814746655564, 43.11869234605262, 0.22828927804043725, 0
DRS 17 - Taubaté, 649562779.6034669, 792975.4065444513, 2020-04-01, 117.28739751591938, 110.13828612966344, 167.95507848802302, 0.6892710923350284, 0
DRS 17 - Taubaté, 148955714.1008247, 2440364.244419691, 2020-03-28, 223.56469545722658, 122.61232238884892, 85.55934593291705, 0.3959408588041819, 0
DRS 17 - Taubaté, 13986825.624472572, 426293.49441027973, 2020-04-04, 175.0021162581336, 180.37355599839321, 132.79510199095128, 0.9582772797528971, 0
DRS 17 - Taubaté, 63063539.7506085, 1370391.6080088466, 2020-03-31, 211.28743285431625, 231.70793604527879, 115.79767612450748, 0.15342545904927904, 0
DRS 17 - Taubaté, 314624644.90963763, 1187308.5622727838, 2020-03-30, 215.97582416036923, 44.96066989474199, 39.5488739844131, 0.497197679495607, 0
DRS 17 - Taubaté, 78302783.37475066, 847106.9860901809, 2020-04-03, 145.67840598700008, 158.57330818520745, 79.03394770347427, 0.976217928019311, 0
DRS 17 - Taubaté, 205248785.77557114, 1762273.6168800567, 2020-04-04, 79.2547331614251, 161.8254021050276, 54.5290504449851, 0.2701098665405376, 0
DRS 17 - Taubaté, 378845172.299432, 1759923.370259675, 2020-03-31, 123.56277808164126, 49.724283728428134, 80.9066791815027, 0.5019597070873714, 0
DRS 17 - Taubaté, 7625665.799854875, 1486706.1224831352, 2020-04-02, 50.941866243588414, 78.46876017169362, 118.30973459277764, 0.35182419627307504, 0
DRS 17 - Taubaté, 311971359.6703919, 2164883.1657190807, 2020-04-02, 104.34248079194992, 158.84579919996344, 128.99912528533306, 0.8090772465128591, 0
DRS 17 - Taubaté, 105677701.97467066, 1228984.7354185476, 2020-04-01, 131.67839122926762, 159.25683202529368, 122.0412142130343, 0.27188007553707905, 0
DRS 17 - Taubaté, 182996697.12482938, 2357097.784518922, 2020-03-31, 136.4980987950119, 201.10978752560243, 182.276329860559, 0.4184962646565178, 0
DRS 17 - Taubaté, 18055974.790810358, 1817346.581647497, 2020-03-28, 153.01368157044226, 248.52965001153154, 175.50199202138876, 0.24827116530038412, 0
DRS 17 - Taubaté, 517778179.70996225, 1128159.2424862795, 2020-03-29, 233.65517779980607, 240.53560432096012, 142.9028532288263, 0.9120075702381398, 0
DRS 17 - Taubaté, 127507901.79639415, 833899.8044134177, 2020-04-01, 97.2872708942819, 215.8576673895951, 59.48115447792307, 0.16400131477171961, 0
DRS 17 - Taubaté, 145984086.17257798, 811416.8984846888, 2020-04-02, 156.28029068492506, 198.2268645780666, 64.72023524024608, 0.3563233512062848, 0
DRS 17 - Taubaté, 83455076.50644703, 2382907.895671928, 2020-03-30, 155.54273219656574, 212.570759194255, 68.04342634870349, 0.21138883118430027, 0
DRS 17 - Taubaté, 269806464.81715, 2162746.073477474, 2020-03-28, 219.12979527220463, 237.0476330096403, 206.0348337573834, 0.709529627066049, 0
DRS 17 - Taubaté, 9300997.091724107, 1037842.4011332913, 2020-03-30, 31.621606238148164, 109.23076300612338, 109.31524325210393, 0.32485272025312817, 0
DRS 17 - Taubaté, 87226320.82855242, 1933607.0268686644, 2020-04-02, 132.2763549622879, 123.17680252319825, 134.00589750112073, 0.178739742717634, 0
DRS 17 - Taubaté, 182993999.9812518, 391287.61095740146, 2020-04-01, 41.89358444263527, 196.87868176187519, 173.41933021568434, 0.6212241563376577, 0
DRS 17 - Taubaté, 404724829.4999173, 1800047.2804808398, 2020-03-29, 101.41864317226651, 228.9369915341591, 199.33050180953467, 0.4266545483471581, 0
DRS 17 - Taubaté, 6012882.049658282, 436490.96134957613, 2020-04-04, 191.14277370017916, 239.48562568064094, 51.4797161940664, 0.43978902213460513, 0
DRS 17 - Taubaté, 256186930.3455075, 1502906.7649451203, 2020-04-03, 214.59641758368963, 169.85666190476522, 108.89800617828288, 0.7884002020957682, 0
DRS 17 - Taubaté, 113955955.13800019, 840614.4703340896, 2020-04-02, 160.7502882458357, 219.1352935260089, 38.20797591850256, 0.34218397174312243, 0
DRS 17 - Taubaté, 217853595.87950036, 569149.3161806406, 2020-04-04, 115.33727656456146, 108.08387570731954, 56.88205406824701, 0.8636031929582897, 0
DRS 17 - Taubaté, 470357505.57326996, 351091.6654065354, 2020-03-30, 192.65177972804958, 79.93711879704945, 92.23414360885458, 0.5455305651165975, 0
DRS 17 - Taubaté, 527493207.15412587, 963204.7263208876, 2020-04-03, 76.61101312850302, 127.41398060766812, 145.07096900556087, 0.8024008286253105, 0
DRS 17 - Taubaté, 100832880.3808387, 1061041.7788963711, 2020-04-01, 38.85306877058546, 92.73203210993378, 84.95654643592196, 0.1782868387709383, 0
DRS 17 - Taubaté, 133411495.01894191, 2124672.439052459, 2020-03-31, 156.02063574055393, 62.10814746655564, 210.20261721095423, 0.22828927804043725, 0
DRS 17 - Taubaté, 260041906.3015209, 792975.4065444513, 2020-04-01, 168.48806233138473, 233.668329879994, 142.33951460299787, 0.6741603069328777, 0
DRS 17 - Taubaté, 81405529.05422448, 349453.1741612342, 2020-04-02, 119.69523526884512, 148.2445328747104, 60.64823264894127, 0.7045736840918567, 0
DRS 17 - Taubaté, 34550446.66528049, 591752.0994556159, 2020-04-01, 175.0021162581336, 180.37355599839321, 132.79510199095128, 0.7204731137753371, 0
DRS 17 - Taubaté, 230895055.48560968, 2123054.58248418, 2020-03-30, 25.821634588187788, 231.70793604527879, 105.62688559109992, 0.6593128747518824, 0
DRS 17 - Taubaté, 196013904.05787873, 1166537.2428372279, 2020-04-03, 187.86085380386166, 51.61775072591421, 133.2669051948896, 0.806871633979191, 0
DRS 17 - Taubaté, 13616440.892005928, 357095.3515477524, 2020-03-28, 49.4130341002815, 38.666170355458476, 83.0055115792849, 0.976217928019311, 0
DRS 17 - Taubaté, 7014579.742322697, 1762273.6168800567, 2020-04-01, 193.2746480822549, 62.70006798522039, 53.63330942181017, 0.34058818080376085, 0
DRS 17 - Taubaté, 194331038.4362805, 1759923.370259675, 2020-04-04, 109.64234218062313, 181.22151424185117, 221.75181569918672, 0.34769088137233906, 0
DRS 17 - Taubaté, 60716378.00577485, 2405942.6775083886, 2020-03-30, 194.93084000531516, 143.78507531524113, 244.43298499877753, 0.35182419627307504, 0
DRS 17 - Taubaté, 231225261.24566466, 739941.1785765794, 2020-03-31, 119.35647174552578, 181.48398157536442, 60.81134662543924, 0.9693575618593553, 0
DRS 17 - Taubaté, 6549902.439204425, 1857287.9847759737, 2020-04-04, 133.96425467566525, 205.01096698179765, 67.41837779858224, 0.27188007553707905, 0
DRS 17 - Taubaté, 424508504.16511476, 1603248.1268714468, 2020-04-02, 248.87006888349103, 95.15222854151229, 205.09632944184068, 0.9835585746273311, 0
DRS 17 - Taubaté, 821138022.8281407, 866735.3324278691, 2020-03-30, 100.566452651926, 163.10849204176984, 142.27639588142168, 0.8917760008225271, 0
DRS 17 - Taubaté, 87932132.71948466, 1381676.8724777773, 2020-03-29, 71.62046172450373, 102.33082132408792, 173.24585008302824, 0.22828687686154767, 0
DRS 17 - Taubaté, 328654778.4121892, 781220.23729034, 2020-04-02, 92.16004302034429, 220.0055071796354, 154.37255229860466, 0.35725553637977525, 0
DRS 17 - Taubaté, 138249012.2309904, 521832.60427763994, 2020-04-04, 80.39940179448884, 198.2268645780666, 100.89560252206233, 0.3563233512062848, 0
DRS 17 - Taubaté, 425293781.9794361, 532140.8916371625, 2020-03-30, 153.0270449555068, 124.20744069307511, 115.17567422915246, 0.45649996545255256, 0
DRS 17 - Taubaté, 4101309.90435031, 2162746.073477474, 2020-03-28, 60.37558935825638, 44.49967226489623, 43.20919853440891, 0.19156007116679805, 0
DRS 17 - Taubaté, 54668539.69072891, 1037842.4011332913, 2020-03-30, 58.985526916941325, 69.37202525437635, 122.93163846518989, 0.9573273964139336, 0
DRS 17 - Taubaté, 6368666.037279087, 448277.1192162424, 2020-03-29, 142.63176665939537, 123.17680252319825, 216.2936576725719, 0.37436911728956823, 0
DRS 17 - Taubaté, 280062848.14459306, 1999256.073202398, 2020-04-01, 111.05523372954606, 217.7746711690575, 228.31611498428808, 0.32271814794093157, 0
DRS 17 - Taubaté, 91356669.5909297, 1615177.4456768318, 2020-04-04, 151.22701543507034, 198.10401018707753, 96.50039947016329, 0.15751116420885233, 0
DRS 17 - Taubaté, 12240933.900854427, 2229789.157565458, 2020-04-02, 35.40764900743085, 217.87889397913898, 70.88643252406844, 0.2332348239840289, 0
DRS 17 - Taubaté, 172919807.57902277, 2112307.7502751267, 2020-04-02, 163.18389783494538, 165.90698612167387, 77.41353789875512, 0.20695690414421017, 0
DRS 17 - Taubaté, 435212062.07876325, 617976.128182715, 2020-04-01, 168.39954561056052, 153.25469869423998, 130.07760998820504, 0.46458337614375356, 0
DRS 17 - Taubaté, 638597764.206401, 1465635.6386751404, 2020-04-03, 1.0729434284191541, 75.97317447830635, 116.10747429282165, 0.8915916459814944, 0
DRS 17 - Taubaté, 160829798.6137569, 426407.02521450253, 2020-03-30, 192.65177972804958, 99.88120579701149, 51.071171786564896, 0.20505093621370035, 0
DRS 17 - Taubaté, 17797206.000656158, 2020887.4377601082, 2020-04-02, 249.74539260254036, 156.4977281535247, 104.80483973490792, 0.2477767336299787, 0
DRS 17 - Taubaté, 135681397.99632165, 1521918.691376344, 2020-04-03, 166.61194812261903, 183.64011994913133, 128.38461651626392, 0.35024671897978105, 0
DRS 17 - Taubaté, 289004975.4169979, 2098041.4029959226, 2020-04-02, 22.3653502712457, 1.3359975676559277, 151.61577372295693, 0.7492378962011659, 0
DRS 17 - Taubaté, 11448537.778893469, 792975.4065444513, 2020-04-01, 154.0495668440196, 110.13828612966344, 49.01223236721355, 0.2236009120745081, 0
DRS 17 - Taubaté, 419217544.78373, 349453.1741612342, 2020-04-01, 126.02920834496852, 95.58427568459012, 83.0128827322527, 0.5036476269135369, 0
DRS 17 - Taubaté, 356732007.77427375, 426293.49441027973, 2020-03-30, 148.3915286423644, 180.37355599839321, 132.79510199095128, 0.4196416780670279, 0
DRS 17 - Taubaté, 346809005.4532776, 1547923.7148534625, 2020-03-31, 223.1703500073215, 231.70793604527879, 59.07226651712982, 0.387417768905943, 0
DRS 17 - Taubaté, 45625203.8642052, 2259737.449467885, 2020-03-30, 215.97582416036923, 44.55981115062765, 156.49775812497836, 0.20392545528991207, 0
DRS 17 - Taubaté, 56986610.169829346, 514119.0683936156, 2020-03-28, 197.3315020886764, 33.28660991734974, 217.79619123389392, 0.9644728172628284, 0
DRS 17 - Taubaté, 583801692.6420544, 1648901.7462647096, 2020-04-01, 126.09784939617902, 35.230781612646645, 54.5290504449851, 0.8251026553991202, 0
DRS 17 - Taubaté, 24273669.610660557, 1746501.499877937, 2020-03-31, 240.71986991421008, 145.02525130684708, 58.736594374661586, 0.3897790372730992, 0
DRS 17 - Taubaté, 204117142.61862528, 1663636.5332438191, 2020-04-04, 50.941866243588414, 201.8531832552343, 26.967281818409226, 0.2629013507284694, 0
DRS 17 - Taubaté, 5565173.184686117, 279828.3426437181, 2020-03-31, 148.28115363908856, 183.74331796310454, 54.79390993712621, 0.4064421319995716, 0
DRS 17 - Taubaté, 103812809.16456659, 1761601.2925279, 2020-03-30, 58.08331455773808, 205.01096698179765, 200.0420408103913, 0.27188007553707905, 0
DRS 17 - Taubaté, 612606215.4594527, 436329.37094583374, 2020-03-30, 96.34884104732538, 202.10116719673874, 192.1499551925579, 0.886491875376996, 0
DRS 17 - Taubaté, 16053610.100162057, 1717519.6478457234, 2020-03-28, 153.01368157044226, 248.52965001153154, 175.50199202138876, 0.5420236542378866, 0
DRS 17 - Taubaté, 89173291.73931925, 1381676.8724777773, 2020-03-30, 90.99578181592915, 120.534022680788, 91.14998151494414, 0.22828687686154767, 0
DRS 17 - Taubaté, 10895607.782084497, 811338.8686097341, 2020-04-03, 197.10051048176553, 140.69112332920605, 104.61383027245022, 0.1561152043310043, 0
DRS 17 - Taubaté, 50720667.79004265, 419244.34571925463, 2020-03-31, 50.61675830914299, 159.02075037993248, 64.72023524024608, 0.3563233512062848, 0
DRS 17 - Taubaté, 8944009.983065328, 1670183.333247921, 2020-03-29, 50.1756396476169, 124.20744069307511, 115.70509874793565, 0.5685262278364508, 0
DRS 17 - Taubaté, 33091983.343361553, 1313405.5479340605, 2020-03-31, 84.63458232929433, 44.49967226489623, 43.20919853440891, 0.19156007116679805, 0
DRS 17 - Taubaté, 116204162.86006531, 1492076.8227703813, 2020-03-31, 161.95785022994858, 154.90800048699933, 112.4435268774783, 0.2991373453836824, 0
DRS 17 - Taubaté, 171626079.5457697, 2013674.19201802, 2020-03-29, 142.63176665939537, 208.39971869294553, 192.1397341291277, 0.178739742717634, 0
DRS 17 - Taubaté, 273821267.39352244, 899303.6961626956, 2020-04-04, 158.46091361466216, 246.4184262395162, 47.58648995836279, 0.5545171275804279, 0
DRS 17 - Taubaté, 252956314.17022347, 1615177.4456768318, 2020-03-29, 134.5142250561347, 109.97450561477476, 91.0004307474146, 0.6511694107836292, 0
DRS 17 - Taubaté, 403316975.10393775, 2445754.7050094744, 2020-04-01, 155.0415839432011, 239.48562568064094, 51.4797161940664, 0.5146080698997479, 0
DRS 17 - Taubaté, 614720633.7780948, 765503.4147839455, 2020-03-31, 118.34828221622595, 215.9729921538425, 169.97389772419305, 0.6462190708290666, 0
DRS 17 - Taubaté, 591393185.9991759, 2424493.3895798773, 2020-03-30, 4.643489050991642, 170.59316265503892, 88.88075001317684, 0.65201270454077, 0
DRS 17 - Taubaté, 758565820.2002848, 465497.34618969227, 2020-04-04, 246.49632508133627, 224.90023411672198, 202.12079611066588, 0.7849699418327647, 0
DRS 17 - Taubaté, 237170424.5685003, 200313.04960704147, 2020-04-02, 192.65177972804958, 99.88120579701149, 167.9172632823045, 0.2483804027101885, 0
DRS 17 - Taubaté, 223295820.88390934, 933583.9116899844, 2020-03-30, 185.3176715310377, 178.26178913710095, 149.06226607720436, 0.2477767336299787, 0
DRS 17 - Taubaté, 274818546.68396324, 1266356.6097506685, 2020-04-04, 170.4681723725468, 156.25921260696106, 65.53669502716215, 0.3053144140763695, 0
DRS 17 - Taubaté, 613037680.5906055, 1191322.9886799718, 2020-03-30, 190.48771375841892, 166.00771857486941, 23.391552213193, 0.7899864502952787, 0
DRS 17 - Taubaté, 86836876.20589535, 870248.0777650919, 2020-04-01, 154.0495668440196, 63.22907218507469, 144.11102141063796, 0.2236009120745081, 0
DRS 17 - Taubaté, 9468629.75231228, 349453.1741612342, 2020-04-02, 177.05474605422296, 27.053403509752993, 128.11681464075514, 0.27032390234795683, 0
DRS 17 - Taubaté, 71355025.32292086, 2351534.69281508, 2020-03-30, 176.38876626771437, 191.55247211032733, 150.7967039063694, 0.20574210932245912, 0
DRS 17 - Taubaté, 163507567.59024027, 1570012.3538582483, 2020-03-30, 128.1609076072305, 231.70793604527879, 200.51146630548587, 0.6437745982238332, 0
DRS 17 - Taubaté, 55862306.10157886, 890442.2216387411, 2020-04-02, 232.812482668035, 173.0040532544522, 52.065066657401545, 0.9378431051160496, 0
DRS 17 - Taubaté, 129622345.62314987, 295373.2350498353, 2020-03-28, 121.28335943760293, 52.50849822004047, 145.82133848569276, 0.3348296431365776, 0
DRS 17 - Taubaté, 470807125.1217307, 2423771.5519278417, 2020-03-29, 82.02961346746916, 125.1296641049739, 216.29319277445342, 0.4852541401173903, 0
DRS 17 - Taubaté, 290566963.894667, 1145773.1419859359, 2020-04-01, 171.1807628486042, 145.31881204159058, 86.80323781948981, 0.3657610320814251, 0
DRS 17 - Taubaté, 156591818.79085213, 1679739.4188919223, 2020-03-29, 180.4096437800134, 70.19047521536248, 46.63462450964722, 0.5705417244229957, 0
DRS 17 - Taubaté, 233098790.1187965, 1954778.9059214878, 2020-03-31, 148.28115363908856, 183.74331796310454, 68.18996019949226, 0.853184927280353, 0
DRS 17 - Taubaté, 401823826.93112636, 2516685.0323055647, 2020-03-29, 35.546454624274496, 205.01096698179765, 48.9518256117849, 0.44929048952204553, 0
DRS 17 - Taubaté, 122609111.46208714, 1873411.0693433152, 2020-03-31, 127.52081724413503, 231.04920098700853, 243.01570459686562, 0.5508475161202733, 0
DRS 17 - Taubaté, 31822257.629538056, 276536.97487472044, 2020-03-28, 210.97941320708162, 63.35344901007173, 75.51058649280591, 0.4343259994694779, 0
DRS 17 - Taubaté, 9343775.8059424, 2287303.510886799, 2020-04-01, 66.40173413570086, 245.11507155132273, 105.29288050521876, 0.22828687686154767, 0
DRS 17 - Taubaté, 382806125.4170617, 1974435.4854081927, 2020-04-03, 197.10051048176553, 140.69112332920605, 248.5648501800749, 0.5692809587895249, 0
DRS 17 - Taubaté, 21376938.40898703, 1888963.9327653938, 2020-04-03, 134.622470881791, 184.65170124027816, 64.72023524024608, 0.3563233512062848, 0
DRS 17 - Taubaté, 522410214.49157196, 489909.697399778, 2020-03-31, 28.82602492418363, 124.20744069307511, 90.26691452509355, 0.5685262278364508, 0
DRS 17 - Taubaté, 28970589.676594827, 2162746.073477474, 2020-04-03, 60.37558935825638, 234.04577763912377, 43.20919853440891, 0.4230596467705596, 0
DRS 17 - Taubaté, 12877354.747748112, 361810.2023297254, 2020-03-30, 31.621606238148164, 109.23076300612338, 84.45137013596116, 0.9542521479777428, 0
DRS 17 - Taubaté, 364069611.64551204, 2027214.8945850292, 2020-04-02, 111.7102936713063, 123.17680252319825, 86.99097985661409, 0.5151305189757367, 0
DRS 17 - Taubaté, 316050958.94230807, 653270.8804669639, 2020-03-29, 111.05523372954606, 155.1445525657456, 182.5437624930706, 0.8277560085031649, 0
DRS 17 - Taubaté, 192442572.40866765, 1615177.4456768318, 2020-03-28, 206.51052406623646, 115.71079134878035, 144.99246755313294, 0.4982979973177283, 0
DRS 17 - Taubaté, 4447238.062286452, 436490.96134957613, 2020-04-04, 229.3706238244301, 228.66162622366468, 125.8094606956729, 0.28151042498421114, 0
DRS 17 - Taubaté, 56476341.19271598, 1077409.4569712533, 2020-03-31, 74.79435276460775, 116.36905185982044, 179.62762445396007, 0.8881939247424044, 0
DRS 17 - Taubaté, 383838050.5404673, 1074579.5915041093, 2020-04-03, 191.36713977608298, 219.1352935260089, 65.71021705240263, 0.45006155689279426, 0
DRS 17 - Taubaté, 95324636.20057398, 569149.3161806406, 2020-03-31, 88.99531245042755, 73.30150822538957, 116.10747429282165, 0.2448801664477555, 0
DRS 17 - Taubaté, 5305708.981658709, 2311468.9871742856, 2020-04-02, 163.54632194946404, 191.6233237839967, 78.10849147781082, 0.20505093621370035, 0
DRS 17 - Taubaté, 602925278.306706, 2153737.6359055797, 2020-04-02, 219.71624527654933, 79.35405373124662, 104.80483973490792, 0.6866414725609503, 0
DRS 17 - Taubaté, 199370029.51798305, 290240.24432039354, 2020-04-02, 224.9122747918177, 59.32939059519168, 74.5564337315748, 0.5387726612582521, 0
DRS 17 - Taubaté, 66810042.55722419, 1565470.736358866, 2020-03-31, 135.0977637965759, 38.16052705038297, 186.20403793733226, 0.17353558141972045, 0
DRS 17 - Taubaté, 26155777.518778536, 1301559.5694106026, 2020-04-02, 154.0495668440196, 200.5247752401125, 104.94597295966457, 0.5059145344456449, 0
DRS 17 - Taubaté, 247319810.46549705, 467162.2038648233, 2020-03-28, 35.875290045676984, 27.053403509752993, 128.11681464075514, 0.26475938397425774, 0
DRS 17 - Taubaté, 127905416.75116955, 426293.49441027973, 2020-04-02, 10.173664916464652, 159.24192459588164, 199.96323696465032, 0.33530174757373343, 0
DRS 17 - Taubaté, 61718101.16747535, 2209884.0625812407, 2020-03-30, 128.1609076072305, 173.35986559646602, 12.630591572815694, 0.905399447943119, 0
DRS 17 - Taubaté, 209535593.1632607, 1187308.5622727838, 2020-04-04, 45.491078373483624, 66.76832353692508, 14.56901484578621, 0.29561546188154686, 0
DRS 17 - Taubaté, 3389589.2774396315, 357095.3515477524, 2020-04-01, 147.51991218622308, 30.457756107762883, 53.78010533796111, 0.18456903256859425, 0
DRS 17 - Taubaté, 135319714.6745458, 1783124.5308670716, 2020-03-29, 204.64679686278166, 161.8254021050276, 174.64120378746944, 0.3536384826074994, 0
DRS 17 - Taubaté, 133829077.75477785, 1746501.499877937, 2020-03-29, 92.39189785292903, 145.02525130684708, 58.736594374661586, 0.34152288783817997, 0
DRS 17 - Taubaté, 36113171.57577931, 1636846.0643904503, 2020-04-02, 213.02790986283762, 78.46876017169362, 164.55808691556487, 0.4483646990466874, 0
DRS 17 - Taubaté, 315199690.8510103, 543704.8504130864, 2020-04-03, 147.02559227243026, 183.74331796310454, 82.55456997876591, 0.3849655221219642, 0
DRS 17 - Taubaté, 120275272.09297939, 2110317.4528225358, 2020-04-04, 133.96425467566525, 205.01096698179765, 48.09971531715163, 0.3066358659748907, 0
DRS 17 - Taubaté, 193789150.11155394, 1135940.706921083, 2020-03-29, 164.0891325214007, 5.3668168076382585, 169.47142793275924, 0.29539467895543714, 0
DRS 17 - Taubaté, 131391567.00240184, 1717519.6478457234, 2020-03-28, 218.94189848057025, 101.29949890859312, 196.7064564680065, 0.2579990765927843, 0
DRS 17 - Taubaté, 326867098.9108924, 567131.7964043042, 2020-04-03, 123.55956742479505, 156.0600211965351, 94.07251473385759, 0.3569173533924094, 0
DRS 17 - Taubaté, 179049731.0383864, 716749.8601054426, 2020-03-30, 82.43298894399126, 179.63295632342223, 122.57589162142712, 0.46196837820182435, 0
DRS 17 - Taubaté, 139708139.76149452, 1821681.4354541628, 2020-04-02, 164.32514018084095, 186.64252454074546, 64.72023524024608, 0.3563233512062848, 0
DRS 17 - Taubaté, 60101396.79246204, 1670183.333247921, 2020-03-29, 149.94872508948984, 124.20744069307511, 115.70509874793565, 0.7180806170268025, 0
DRS 17 - Taubaté, 65814187.85900264, 602452.5494958742, 2020-04-01, 138.93548012484746, 34.34193751676617, 6.517557707297825, 0.16690602097466767, 0
DRS 17 - Taubaté, 510626139.2560035, 1037842.4011332913, 2020-03-30, 161.5494479251452, 168.443385846684, 161.43156515532485, 0.5406415062235278, 0
DRS 17 - Taubaté, 156937199.89577556, 448277.1192162424, 2020-03-28, 206.171931924146, 123.17680252319825, 95.57307042027256, 0.6713731910860068, 0
DRS 17 - Taubaté, 91835553.77495752, 1639550.8665233373, 2020-04-01, 64.98545455970448, 196.87868176187519, 28.148785301320032, 0.16572837457904702, 0
DRS 17 - Taubaté, 361524917.34230006, 2167477.455103698, 2020-04-01, 240.20962612685165, 115.71079134878035, 96.50039947016329, 0.4064415885786967, 0
DRS 17 - Taubaté, 87369893.4931644, 2061079.1499267793, 2020-03-31, 229.3706238244301, 21.830479757317832, 155.57642056725572, 0.22527426763109512, 0
DRS 17 - Taubaté, 539304934.0471181, 1502906.7649451203, 2020-04-01, 162.84985784652108, 165.90698612167387, 77.84094009274989, 0.5952469083904776, 0
DRS 17 - Taubaté, 64386493.362092, 2507221.121091561, 2020-04-01, 211.79299256487678, 79.13052255700131, 50.260226390333806, 0.2682016055904136, 0
DRS 17 - Taubaté, 233698670.7349398, 312804.69429519214, 2020-03-30, 1.0729434284191541, 142.97874909952094, 0.003918209464694178, 0.26443125821025437, 0
DRS 17 - Taubaté, 228770650.06601566, 638766.831785117, 2020-04-02, 163.54632194946404, 191.6233237839967, 53.03414789576475, 0.271012079918342, 0
DRS 17 - Taubaté, 12871216.200896865, 951370.7023306551, 2020-03-31, 249.74539260254036, 156.4977281535247, 72.0737444158157, 0.2477767336299787, 0
DRS 17 - Taubaté, 147657337.64584512, 1002484.9678361452, 2020-04-03, 76.485429273597, 169.48757359409274, 99.45922579693921, 0.21738854382912, 0
DRS 17 - Taubaté, 194748513.71682453, 930626.622823595, 2020-04-03, 180.87609946375238, 195.37491876758477, 125.93311992919412, 0.22828927804043725, 0
DRS 17 - Taubaté, 7682683.1103084795, 1573572.6499591374, 2020-04-03, 114.5489506617152, 40.83606685453556, 159.66672535436405, 0.2236009120745081, 0
DRS 17 - Taubaté, 154928716.45299196, 349453.1741612342, 2020-04-02, 112.13609378052594, 39.16457557907911, 128.11681464075514, 0.399889769717268, 0
DRS 17 - Taubaté, 52714511.84313075, 1324526.1456167, 2020-04-04, 4.91955615641946, 180.37355599839321, 32.353964094652945, 0.9582772797528971, 0
DRS 17 - Taubaté, 103952900.97515637, 872088.3282473994, 2020-03-30, 128.1609076072305, 237.02842152111313, 248.42244207885182, 0.2742400377026547, 0
DRS 17 - Taubaté, 144294198.37686908, 656696.534287208, 2020-03-31, 45.40584346763936, 94.62898342015471, 8.60333987933716, 0.18023803419418716, 0
DRS 17 - Taubaté, 209373031.6703523, 2098315.77055231, 2020-04-01, 213.82077341300825, 87.68299989008754, 64.71629376856724, 0.46698509431087065, 0
DRS 17 - Taubaté, 80827568.48590991, 810234.15577626, 2020-04-02, 204.64679686278166, 161.8254021050276, 197.26747798702468, 0.21117554408298725, 0
DRS 17 - Taubaté, 115060357.34648542, 1746501.499877937, 2020-03-31, 149.06952523253076, 145.02525130684708, 58.736594374661586, 0.29270145392917585, 0
DRS 17 - Taubaté, 270109781.9028379, 1206619.9482662762, 2020-04-04, 105.92903601268719, 140.48090668343463, 72.44213473736026, 0.3685655230475041, 0
DRS 17 - Taubaté, 9547279.387830194, 789708.6339716695, 2020-03-31, 94.51237931939349, 85.94248262605656, 205.73124711512594, 0.3164829194704718, 0
DRS 17 - Taubaté, 400147567.38655895, 1857287.9847759737, 2020-04-03, 202.99916886047103, 34.81752283281503, 67.41837779858224, 0.9807868485112802, 0
DRS 17 - Taubaté, 53128645.75026892, 1896591.7482749333, 2020-03-30, 195.42569137593117, 198.37781284863803, 192.1499551925579, 0.5174954167757311, 0
DRS 17 - Taubaté, 208812117.45070913, 1026983.2854493384, 2020-04-02, 241.92948368227945, 248.52965001153154, 162.17887671247865, 0.5420236542378866, 0
DRS 17 - Taubaté, 13692157.261900716, 2287303.510886799, 2020-03-31, 181.5757956479142, 156.7029552876983, 80.46296969837152, 0.22828687686154767, 0
DRS 17 - Taubaté, 19265933.662814364, 689363.8526874204, 2020-04-03, 160.80441340421405, 230.65935765525074, 170.23963648812756, 0.9817838496300375, 0
DRS 17 - Taubaté, 99949186.15147057, 1888963.9327653938, 2020-04-02, 164.32514018084095, 198.2268645780666, 79.01913934838662, 0.25478812073697354, 0
DRS 17 - Taubaté, 363589486.80656004, 828322.942906763, 2020-03-29, 50.1756396476169, 124.20744069307511, 56.98453356123616, 0.5685262278364508, 0
DRS 17 - Taubaté, 146932874.73054454, 1586006.4044498317, 2020-03-30, 60.37558935825638, 90.04095563808238, 24.88882518168936, 0.19156007116679805, 0
DRS 17 - Taubaté, 164742830.17137158, 349853.4519020781, 2020-04-03, 178.5466878395441, 109.23076300612338, 42.44530627267098, 0.20281601612758338, 0
DRS 17 - Taubaté, 27250708.714021403, 448277.1192162424, 2020-03-30, 131.8573761674841, 139.1073396986784, 177.38213244005826, 0.48318124237939997, 0
DRS 17 - Taubaté, 97607848.94824876, 1968323.8821045305, 2020-03-30, 64.98545455970448, 236.1142273413721, 114.17326092084684, 0.16572837457904702, 0
DRS 17 - Taubaté, 170479413.6163662, 1615177.4456768318, 2020-03-29, 96.03546242295823, 82.25094245206755, 96.50039947016329, 0.3132414146167503, 0
DRS 17 - Taubaté, 248770508.11095387, 1380521.0581873737, 2020-04-03, 142.88908794559518, 204.5481908259088, 125.8094606956729, 0.7602172164452381, 0
DRS 17 - Taubaté, 454927366.2378843, 1472638.7520717087, 2020-03-31, 249.20235574541, 169.47608833777596, 10.055829635985669, 0.5725830484344574, 0
DRS 17 - Taubaté, 55930569.54832071, 617976.128182715, 2020-03-28, 161.46457402204024, 64.54789378871203, 31.33945915551749, 0.45006155689279426, 0
DRS 17 - Taubaté, 8290381.841717106, 569149.3161806406, 2020-04-03, 221.5060796858798, 73.30150822538957, 206.739087871041, 0.17422482824926705, 0
DRS 17 - Taubaté, 502614083.55253327, 1210157.5103977476, 2020-04-03, 163.54632194946404, 135.26714022687221, 86.7305802301894, 0.8653952723569335, 0
DRS 17 - Taubaté, 200941891.39390823, 401339.95141356013, 2020-03-31, 249.74539260254036, 156.4977281535247, 127.06406926666203, 0.2477767336299787, 0
DRS 17 - Taubaté, 195804541.92534345, 2062036.258066529, 2020-04-02, 224.9122747918177, 226.86244814297302, 88.39264378459247, 0.33014367996441696, 0
DRS 17 - Taubaté, 90412218.3408466, 769245.8876938983, 2020-03-30, 183.9168962274137, 62.10814746655564, 43.11869234605262, 0.1727091451868418, 0
DRS 17 - Taubaté, 7063289.264980419, 189305.72370087617, 2020-04-03, 18.844628676425135, 65.02772755232388, 184.36286443558626, 0.22025940844082592, 0
DRS 17 - Taubaté, 285579992.1404348, 862577.5729640024, 2020-03-28, 203.6796645011087, 226.10890864540463, 152.83026560093316, 0.3934319786652767, 0
DRS 17 - Taubaté, 6447811.288689164, 426293.49441027973, 2020-04-04, 202.69322843047928, 163.12500185928155, 204.38735066373954, 0.3567329031089916, 0
DRS 17 - Taubaté, 11046524.106715001, 957778.3301925426, 2020-03-30, 128.1609076072305, 65.95495310014948, 200.51146630548587, 0.7453083716812371, 0
DRS 17 - Taubaté, 42871414.894902095, 1187308.5622727838, 2020-03-28, 63.29502177740889, 90.10607388892004, 133.2669051948896, 0.18023803419418716, 0
DRS 17 - Taubaté, 73147042.52337742, 357095.3515477524, 2020-03-31, 49.978026525471755, 59.56922707922785, 101.52767984548399, 0.28622124862715226, 0
DRS 17 - Taubaté, 35751858.06821116, 1090439.2025261587, 2020-03-30, 132.2284016301812, 77.26579289522267, 153.2782418857041, 0.16157201626737355, 0
DRS 17 - Taubaté, 295936328.4186521, 1746501.499877937, 2020-03-31, 6.242139972877133, 214.04432707320728, 73.56503755922625, 0.3257692761728386, 0
DRS 17 - Taubaté, 6107792.589647064, 630178.9312557193, 2020-04-04, 24.82681714931015, 78.46876017169362, 66.32823182646055, 0.22960516980024986, 0
DRS 17 - Taubaté, 37889950.928145826, 458948.29410795035, 2020-03-30, 148.28115363908856, 25.709793581354447, 54.79390993712621, 0.34894367628613876, 0
DRS 17 - Taubaté, 246304502.25647703, 1857287.9847759737, 2020-04-02, 133.96425467566525, 205.01096698179765, 27.70310998780451, 0.364795209151229, 0
DRS 17 - Taubaté, 11708751.89778982, 1217930.3687483198, 2020-03-30, 195.42569137593117, 198.37781284863803, 80.45805183707566, 0.17763726546631442, 0
DRS 17 - Taubaté, 207174864.05585122, 1495290.5537407384, 2020-03-28, 153.01368157044226, 218.79870738881664, 175.50199202138876, 0.5420236542378866, 0
DRS 17 - Taubaté, 11017594.700609311, 1108867.995042668, 2020-04-03, 214.46753798923046, 157.4680227657917, 122.20563253890263, 0.15649779044789702, 0
DRS 17 - Taubaté, 137116177.4117864, 811338.8686097341, 2020-03-29, 197.10051048176553, 188.90598015765664, 1.1695575418935178, 0.1561152043310043, 0
DRS 17 - Taubaté, 137519275.52170894, 1888963.9327653938, 2020-04-01, 117.1940813779847, 198.2268645780666, 162.97855719952716, 0.3563233512062848, 0
DRS 17 - Taubaté, 166821492.0845009, 747075.4440065556, 2020-03-29, 200.42545253983013, 124.20744069307511, 115.70509874793565, 0.17906328782257722, 0
DRS 17 - Taubaté, 86035452.81211936, 781032.0455605646, 2020-04-03, 97.17803906237894, 44.49967226489623, 203.5494069663311, 0.5591927402717239, 0
DRS 17 - Taubaté, 314409828.5423175, 943806.8512965492, 2020-03-30, 31.621606238148164, 76.72960941419295, 213.63080457897715, 0.32485272025312817, 0
DRS 17 - Taubaté, 104787269.03102508, 1368308.4558708307, 2020-04-02, 142.63176665939537, 196.46903117579456, 192.1397341291277, 0.2744309498395453, 0
DRS 17 - Taubaté, 9279691.11197735, 1639550.8665233373, 2020-04-02, 92.43941053866538, 196.87868176187519, 28.148785301320032, 0.16572837457904702, 0
DRS 17 - Taubaté, 530062194.2603785, 1632107.1242825936, 2020-03-28, 71.41156586612749, 109.84124836619667, 89.42799806563163, 0.810671657567827, 0
DRS 17 - Taubaté, 134697486.31693983, 2155325.905842516, 2020-04-02, 91.56458114008807, 228.66162622366468, 125.8094606956729, 0.3477774422379257, 0
DRS 17 - Taubaté, 97913073.13609177, 1502906.7649451203, 2020-04-04, 238.3778792612164, 179.9908069086418, 108.89800617828288, 0.25187283962900486, 0
DRS 17 - Taubaté, 100189223.91701584, 617976.128182715, 2020-04-04, 161.46457402204024, 152.5156174849597, 73.69453185043572, 0.43158223160390186, 0
DRS 17 - Taubaté, 11025617.972177625, 1614221.7076645463, 2020-04-03, 91.80629034551478, 98.77197797560763, 206.739087871041, 0.17422482824926705, 0
DRS 17 - Taubaté, 162267632.60364676, 2311468.9871742856, 2020-03-29, 84.5757866793053, 103.12517917208194, 145.49494499616847, 0.5302858824651142, 0
DRS 17 - Taubaté, 17469255.6680722, 715088.9924443965, 2020-03-31, 232.22498828781687, 156.4977281535247, 72.0737444158157, 0.5114988759317027, 0
DRS 17 - Taubaté, 114030625.90555653, 926336.9048285955, 2020-03-29, 151.67905677987775, 184.31116583733305, 110.32626876381035, 0.1782868387709383, 0
DRS 17 - Taubaté, 48393200.30495391, 2124672.439052459, 2020-03-31, 65.41946043769198, 65.58078709159449, 26.764502447309887, 0.3956069281344675, 0
DRS 17 - Taubaté, 296280655.5803168, 189305.72370087617, 2020-04-03, 18.844628676425135, 65.02772755232388, 163.22039583022183, 0.3141923083034092, 0
DRS 17 - Taubaté, 234170433.68949896, 1123927.7341272114, 2020-04-02, 106.4354963578814, 163.49116859825608, 128.11681464075514, 0.605762438337018, 0
DRS 17 - Taubaté, 206855537.4842273, 426293.49441027973, 2020-03-29, 172.64524332596062, 97.76327895092064, 141.34689058343787, 0.22004257009956082, 0
DRS 17 - Taubaté, 77860229.351271, 2135310.4185160473, 2020-04-02, 86.92058622663892, 172.62826946102905, 31.21162571756543, 0.1973163099173809, 0
DRS 17 - Taubaté, 200172751.51618737, 2034462.7459694387, 2020-04-01, 215.97582416036923, 248.20082751048704, 133.2669051948896, 0.29729980044579707, 0
DRS 17 - Taubaté, 568826679.2412537, 2107145.599883529, 2020-04-01, 224.04171056092756, 30.457756107762883, 187.5250901776169, 0.5922695162069009, 0
DRS 17 - Taubaté, 3769723.549212683, 211596.5383437074, 2020-04-02, 204.64679686278166, 161.8254021050276, 54.5290504449851, 0.24359258332908196, 0
DRS 17 - Taubaté, 204587448.5536766, 361622.4020048694, 2020-04-04, 190.72836600965232, 197.10729084353005, 82.63114808465353, 0.22492868221493645, 0
DRS 17 - Taubaté, 90682970.18469004, 676458.4093061857, 2020-04-03, 199.4324792091518, 107.73513734984891, 21.793014400326495, 0.22960516980024986, 0
DRS 17 - Taubaté, 382804639.2314033, 281381.1861932865, 2020-04-02, 54.977907488620176, 21.544282772920713, 191.26418213082405, 0.4064421319995716, 0
DRS 17 - Taubaté, 365681129.4967392, 2101751.119881901, 2020-03-29, 133.96425467566525, 152.92099673251974, 67.41837779858224, 0.7372132273593636, 0
DRS 17 - Taubaté, 9445312.447647646, 1167162.4223309993, 2020-03-30, 140.51084534155748, 198.37781284863803, 80.45805183707566, 0.17763726546631442, 0
DRS 17 - Taubaté, 130382617.12288386, 780756.9130909278, 2020-03-28, 212.71073005870053, 190.57378678140347, 175.50199202138876, 0.5420236542378866, 0
DRS 17 - Taubaté, 14258707.52485776, 2378758.0387925273, 2020-04-04, 51.397954130643356, 112.09445357138128, 211.6157292188077, 0.22828687686154767, 0
DRS 17 - Taubaté, 58358147.52812904, 169561.95156326593, 2020-04-03, 136.45886278896936, 140.69112332920605, 114.46107941248792, 0.3232485074528148, 0
DRS 17 - Taubaté, 163330422.9799534, 1888963.9327653938, 2020-04-03, 224.35585080589715, 198.2268645780666, 64.72023524024608, 0.4168722904985127, 0
DRS 17 - Taubaté, 300809124.3929912, 1670183.333247921, 2020-03-29, 50.1756396476169, 117.90614420756587, 115.38505260555591, 0.5685262278364508, 0
DRS 17 - Taubaté, 21427054.370254137, 1785337.015961235, 2020-03-30, 181.5016082270148, 44.49967226489623, 32.36589886483898, 0.34978389309387437, 0
DRS 17 - Taubaté, 298514702.7568603, 1037842.4011332913, 2020-03-30, 249.81374769868282, 68.80139245519729, 109.71224451460485, 0.32485272025312817, 0
DRS 17 - Taubaté, 85435585.78847954, 1341248.6737988526, 2020-03-31, 33.84708894670535, 62.47839824612707, 115.44864360548632, 0.21919597095153026, 0
DRS 17 - Taubaté, 289810544.1766783, 1639550.8665233373, 2020-03-30, 92.43941053866538, 196.87868176187519, 28.148785301320032, 0.5130859519399026, 0
DRS 17 - Taubaté, 326003741.57203114, 2323933.3312300392, 2020-04-04, 71.41156586612749, 115.71079134878035, 188.04062037837934, 0.8576058426073417, 0
DRS 17 - Taubaté, 167686217.44103923, 945687.2379036667, 2020-04-02, 37.25197326606458, 228.66162622366468, 110.08095454242117, 0.1796404760227236, 0
DRS 17 - Taubaté, 72824562.28279251, 460976.56741734524, 2020-03-31, 201.96176893411433, 180.8142896762583, 108.89800617828288, 0.18683359524032003, 0
DRS 17 - Taubaté, 379426421.5968371, 272403.5965233512, 2020-03-31, 161.46457402204024, 219.1352935260089, 36.5575607138696, 0.45006155689279426, 0
DRS 17 - Taubaté, 120015469.65938967, 1356627.0888502994, 2020-03-30, 50.630433898151594, 244.14848341475403, 157.9488148157906, 0.36355621719734443, 0
DRS 17 - Taubaté, 3778280.5597495143, 711458.1635610661, 2020-03-31, 163.54632194946404, 191.6233237839967, 78.10849147781082, 0.15902692534642818, 0
DRS 17 - Taubaté, 225725381.64592904, 304457.17697112163, 2020-03-30, 102.24312875448982, 156.4977281535247, 183.48817121754405, 0.2477767336299787, 0
DRS 17 - Taubaté, 213385856.63502058, 1014984.1118054959, 2020-03-31, 36.09232490640168, 55.05762444755658, 96.42276008847698, 0.27035051467853316, 0
DRS 17 - Taubaté, 162008950.90203977, 2124672.439052459, 2020-04-04, 180.87609946375238, 43.037442324400004, 43.11869234605262, 0.1812421513416137, 0
DRS 17 - Taubaté, 121269952.97118706, 417525.4646258532, 2020-03-29, 18.844628676425135, 65.02772755232388, 184.36286443558626, 0.22025940844082592, 0
DRS 17 - Taubaté, 105026338.44326982, 349453.1741612342, 2020-04-04, 177.05474605422296, 27.053403509752993, 128.11681464075514, 0.27032390234795683, 0
DRS 17 - Taubaté, 251808123.0342264, 2058702.30282707, 2020-04-02, 216.73746507094447, 163.12500185928155, 64.23247915480093, 0.6436001400252608, 0
DRS 17 - Taubaté, 159798965.46502852, 462516.79604682286, 2020-04-03, 68.48059091468023, 131.14656271968457, 73.65540179784304, 0.19437966826666414, 0
DRS 17 - Taubaté, 70182571.94698328, 1553522.7291952632, 2020-03-31, 136.44010544355967, 44.96066989474199, 149.84235475086422, 0.18023803419418716, 0
DRS 17 - Taubaté, 72688832.10017279, 357095.3515477524, 2020-04-04, 108.57409821129194, 30.457756107762883, 221.2360616801678, 0.18975947817793562, 0
DRS 17 - Taubaté, 15810061.559200121, 1586871.1393289315, 2020-04-04, 137.81126028332415, 45.020144864223674, 54.5290504449851, 0.22946167548465762, 0
DRS 17 - Taubaté, 21006290.42014331, 2314233.650065478, 2020-03-31, 47.92524735379519, 194.20201587707487, 3.224821551504914, 0.3851257054532256, 0
DRS 17 - Taubaté, 84343388.44570306, 1299597.5337686352, 2020-04-04, 24.82681714931015, 173.59360441220977, 32.148497726979926, 0.21389298901647338, 0
DRS 17 - Taubaté, 63082728.72045968, 1938726.9670211053, 2020-03-31, 114.06705745430654, 89.33242466935474, 47.795954721697775, 0.15950327344637977, 0
DRS 17 - Taubaté, 268217245.65100726, 250841.70767875348, 2020-04-04, 82.28345221488814, 205.01096698179765, 67.41837779858224, 0.2953943432989431, 0
DRS 17 - Taubaté, 81094089.58577769, 537556.9056531573, 2020-03-28, 53.698338422322216, 195.0008173985549, 80.45805183707566, 0.6872317660141918, 0
DRS 17 - Taubaté, 385963564.63643324, 655824.3629399048, 2020-03-29, 216.82447343138344, 79.28870819579923, 66.39641494155047, 0.45493028849400285, 0
DRS 17 - Taubaté, 10435227.667151101, 1307315.3868576318, 2020-03-28, 66.40173413570086, 85.88981009839864, 113.8620698461129, 0.27149870097106676, 0
DRS 17 - Taubaté, 44967038.23280892, 726918.8415476801, 2020-04-01, 91.83578338185771, 140.69112332920605, 38.52542354848385, 0.7590904637685921, 0
DRS 17 - Taubaté, 292110461.4070779, 944598.1249964254, 2020-04-02, 57.10231784253956, 100.05963597373963, 64.72023524024608, 0.3563233512062848, 0
DRS 17 - Taubaté, 19506447.040453464, 1426190.4802165055, 2020-04-04, 137.11166864946912, 124.20744069307511, 115.70509874793565, 0.2756655904828796, 0
DRS 17 - Taubaté, 28548357.778218422, 2236200.3274133024, 2020-03-28, 110.76938104886372, 134.1553557980279, 77.1539409499356, 0.3407245108219406, 0
DRS 17 - Taubaté, 48410704.68664113, 1037842.4011332913, 2020-03-30, 118.55994812679864, 109.23076300612338, 126.97854807915803, 0.18131998022232942, 0
DRS 17 - Taubaté, 14609814.159602994, 2368252.5534329927, 2020-04-02, 90.14261203283077, 123.17680252319825, 215.42723871022451, 0.178739742717634, 0
DRS 17 - Taubaté, 164812478.51701936, 1437262.5668319033, 2020-03-29, 190.8662303543365, 196.87868176187519, 103.42171191400026, 0.42512099389572566, 0
DRS 17 - Taubaté, 143222971.05258325, 2072642.547964993, 2020-03-28, 71.41156586612749, 240.96261494922413, 80.24031836293481, 0.15751116420885233, 0
DRS 17 - Taubaté, 80438967.50466068, 436490.96134957613, 2020-04-04, 229.3706238244301, 228.66162622366468, 125.8094606956729, 0.20701634448831657, 0
DRS 17 - Taubaté, 9049775.41433952, 1726798.1187851238, 2020-04-01, 249.20235574541, 165.90698612167387, 184.12593331486937, 0.1520068788331362, 0
DRS 17 - Taubaté, 43027323.02602806, 286369.2865944175, 2020-03-31, 161.46457402204024, 219.1352935260089, 211.9297925442723, 0.45006155689279426, 0
DRS 17 - Taubaté, 72091910.09787196, 983228.8711452967, 2020-03-31, 221.5060796858798, 42.56134182333213, 25.659131242291977, 0.25438352694234434, 0
DRS 17 - Taubaté, 8777581.37414185, 723030.4480162348, 2020-04-04, 209.54158690631522, 223.53201762426153, 65.12778066480263, 0.15902692534642818, 0
DRS 17 - Taubaté, 221019944.11462617, 186193.90372081305, 2020-04-02, 132.41388751615463, 95.74606615603103, 72.0737444158157, 0.2477767336299787, 0
DRS 17 - Taubaté, 6869011.178260574, 546278.0564843824, 2020-04-02, 224.9122747918177, 100.9249421487097, 26.574734370337666, 0.26978568936476555, 0
DRS 17 - Taubaté, 112999513.1377304, 684227.1606348095, 2020-03-31, 180.87609946375238, 62.10814746655564, 231.49780281164504, 0.2971229332912547, 0
DRS 17 - Taubaté, 138406565.1553801, 929162.6103282413, 2020-03-29, 239.60266308565784, 65.02772755232388, 184.36286443558626, 0.3612025260854567, 0
DRS 17 - Taubaté, 13906027.36469701, 349453.1741612342, 2020-04-02, 217.4443333272648, 27.053403509752993, 128.11681464075514, 0.15727109218972807, 0
DRS 17 - Taubaté, 30673592.13343889, 2238905.5205691736, 2020-04-04, 202.69322843047928, 134.44106257814775, 202.97038010536193, 0.3567329031089916, 0
DRS 17 - Taubaté, 64373322.21219112, 2292088.1220122804, 2020-04-03, 201.4577156217938, 249.00403971528183, 82.9744854610732, 0.20768502210192194, 0
DRS 17 - Taubaté, 64503413.35244293, 1464244.050567555, 2020-03-28, 215.97582416036923, 145.2436799020278, 162.39981087779393, 0.18023803419418716, 0
DRS 17 - Taubaté, 111979890.09968872, 1656747.5751811115, 2020-04-02, 235.78032496823874, 30.457756107762883, 7.844872949965942, 0.18372923354466042, 0
DRS 17 - Taubaté, 107970886.10531257, 876870.4406286598, 2020-03-29, 204.64679686278166, 231.35228991661964, 54.5290504449851, 0.2031142871825841, 0
DRS 17 - Taubaté, 75946941.34706229, 2314233.650065478, 2020-03-31, 47.92524735379519, 194.20201587707487, 226.94074375565665, 0.19883951092455285, 0
DRS 17 - Taubaté, 109660635.41676964, 1205821.642847966, 2020-04-04, 187.66946043471225, 24.344946927411584, 158.94068104440478, 0.5859207061322653, 0
DRS 17 - Taubaté, 179427717.3835045, 2147674.212420011, 2020-04-01, 234.55784564551212, 90.21003165285276, 54.79390993712621, 0.45940023309806943, 0
DRS 17 - Taubaté, 38168344.99682003, 1831120.226815253, 2020-04-04, 133.96425467566525, 205.01096698179765, 67.41837779858224, 0.27188007553707905, 0
DRS 17 - Taubaté, 157315904.16908312, 1167162.4223309993, 2020-04-03, 140.51084534155748, 198.37781284863803, 80.45805183707566, 0.17763726546631442, 0
DRS 17 - Taubaté, 281078896.65488833, 677428.4149042311, 2020-04-03, 153.01368157044226, 171.20122866424438, 118.76625759429052, 0.3107902499585946, 0
DRS 17 - Taubaté, 212716421.8060525, 2287303.510886799, 2020-03-30, 66.40173413570086, 187.89869114090345, 72.96734389938624, 0.2692604611308518, 0
DRS 17 - Taubaté, 4489092.076177941, 409276.48126450303, 2020-03-30, 197.10051048176553, 140.69112332920605, 104.61383027245022, 0.1561152043310043, 0
DRS 17 - Taubaté, 104002483.25992887, 1564346.8169096955, 2020-03-31, 164.32514018084095, 87.6165234334051, 7.157180948209434, 0.2709372568260095, 0
DRS 17 - Taubaté, 118047445.07981597, 1061238.8268549612, 2020-03-29, 50.1756396476169, 206.1578353739761, 115.70509874793565, 0.18186443448313264, 0
DRS 17 - Taubaté, 20920790.573630087, 2226203.318206674, 2020-03-31, 60.37558935825638, 44.49967226489623, 122.21541030596934, 0.3630930811769507, 0
DRS 17 - Taubaté, 170162905.0477174, 1037842.4011332913, 2020-03-30, 248.03906682319806, 116.2953461845756, 109.31524325210393, 0.3871526347917391, 0
DRS 17 - Taubaté, 134941018.15018696, 2276876.1891835933, 2020-03-30, 130.08694652421448, 123.17680252319825, 192.1397341291277, 0.28948401594892303, 0
DRS 17 - Taubaté, 331775834.64316535, 1639550.8665233373, 2020-04-02, 81.70133271425048, 196.7017102610713, 150.28232596292042, 0.8605739333435835, 0
DRS 17 - Taubaté, 96619972.31647511, 1395200.9501689095, 2020-03-28, 86.64717559579583, 137.34318119085137, 96.50039947016329, 0.15751116420885233, 0
DRS 17 - Taubaté, 57005050.22138199, 1680646.194789366, 2020-04-03, 229.3706238244301, 228.66162622366468, 202.25779530583281, 0.28151042498421114, 0
DRS 17 - Taubaté, 361420576.9513406, 1361033.9038976547, 2020-04-01, 58.85684441574454, 60.10778775190649, 184.12593331486937, 0.37753946454369636, 0
DRS 17 - Taubaté, 408948214.92243016, 1063717.9048570006, 2020-04-01, 161.46457402204024, 122.5497828716922, 246.65328895575556, 0.4194227115598944, 0
DRS 17 - Taubaté, 68662055.31954502, 2500078.8208603216, 2020-04-01, 221.5060796858798, 73.30150822538957, 111.03221669651768, 0.17422482824926705, 0
DRS 17 - Taubaté, 417078880.5073179, 370939.09165438777, 2020-03-30, 128.03622642473516, 197.29151116244225, 78.10849147781082, 0.5120352674330602, 0
DRS 17 - Taubaté, 11025435.176964462, 996742.6716329601, 2020-03-31, 249.74539260254036, 246.38053811296976, 109.99426631885365, 0.8285202914018981, 0
DRS 17 - Taubaté, 157508304.32091534, 636827.2122418653, 2020-03-28, 215.18358464909088, 199.87112994604124, 6.020511425493994, 0.1782868387709383, 0
DRS 17 - Taubaté, 88841117.43744224, 2124672.439052459, 2020-03-30, 126.50656795088902, 62.10814746655564, 105.18480840054958, 0.22828927804043725, 0
DRS 17 - Taubaté, 72185701.49656332, 1107332.5511111966, 2020-04-03, 92.80707369234901, 65.02772755232388, 184.36286443558626, 0.6414953870120916, 0
DRS 17 - Taubaté, 216988597.8156388, 349453.1741612342, 2020-04-02, 170.58848978108307, 27.053403509752993, 105.21462734162289, 0.26004356318795685, 0
DRS 17 - Taubaté, 12798937.095567632, 1820223.5760415713, 2020-04-04, 219.84116577772915, 57.879917515556286, 84.98398207649352, 0.8626701978633219, 0
DRS 17 - Taubaté, 13708781.259162959, 1384999.5255132169, 2020-03-30, 64.61076868163121, 117.1029173710284, 200.51146630548587, 0.19437966826666414, 0
DRS 17 - Taubaté, 14130504.23000779, 1187308.5622727838, 2020-03-30, 215.97582416036923, 47.0239900185452, 165.33127113761336, 0.18461731166224032, 0
DRS 17 - Taubaté, 169446912.2531471, 1018417.2997342566, 2020-04-03, 182.93463585197927, 87.55357581782606, 197.14939171588733, 0.18456903256859425, 0
DRS 17 - Taubaté, 158118392.37271032, 402753.02646481484, 2020-03-30, 204.5377092280457, 200.6322146824057, 47.20187505647819, 0.17931380787069784, 0
DRS 17 - Taubaté, 5183998.8503887355, 209747.58590278562, 2020-04-02, 241.96592800433288, 71.96171491298986, 3.224821551504914, 0.3851257054532256, 0
DRS 17 - Taubaté, 82813543.21588562, 724852.5568874914, 2020-04-04, 156.36949093662903, 78.46876017169362, 248.24597053263264, 0.21770140691192758, 0
DRS 17 - Taubaté, 12505755.241459746, 1567731.1843301957, 2020-04-02, 173.76987828808433, 115.0847282114233, 84.70959695497032, 0.3890293759859373, 0
DRS 17 - Taubaté, 374169310.5292388, 1506490.6711253778, 2020-04-04, 153.7641519601769, 205.01096698179765, 38.38282679131186, 0.9548520145936278, 0