DRS 08 - Franca, 99212927.76521227, 554976.2483571006, 2020-04-04, 179.79494666340327, 159.02779147641488, 104.48725562630013, 0.5589030533922976, 0
DRS 08 - Franca, 46368466.36420313, 247566.26561126878, 2020-04-01, 92.92175686407128, 84.10972138706718, 161.68784683504896, 0.38373819219299277, 0
DRS 08 - Franca, 734673.2692366551, 537286.432052643, 2020-04-02, 229.28890130275923, 110.51037150880738, 119.33564290540588, 0.20924686368362158, 0
DRS 08 - Franca, 10574450.309296377, 567623.7021486119, 2020-03-29, 244.14477616286464, 233.80700331272416, 90.1627626739687, 0.24323634754155943, 0
DRS 08 - Franca, 116932989.56714228, 297774.36304494727, 2020-03-29, 39.89024625665691, 9.005592627291337, 107.71332230009145, 0.832976047016238, 0
DRS 08 - Franca, 77915329.9059043, 599401.882301012, 2020-03-28, 182.72369108322565, 2.680449542325131, 59.74362609760561, 0.43451389952214037, 0
DRS 08 - Franca, 106196574.39523724, 359178.43473655626, 2020-03-29, 80.68534735181676, 109.81716017756062, 231.97792720412983, 0.5593433821952436, 0
DRS 08 - Franca, 80346128.35277782, 518340.88932856586, 2020-03-28, 249.71149858957108, 110.5254990388797, 106.7863783094481, 0.4636797728305495, 0
DRS 08 - Franca, 145745287.3296884, 405758.72866391926, 2020-04-03, 80.05828793749079, 248.37327620352335, 108.35104494629594, 0.8221922787303979, 0
DRS 08 - Franca, 983933.4910068262, 439254.582549138, 2020-03-30, 144.93097581657767, 173.6775675851736, 23.627647039584645, 0.4591956338663352, 0
DRS 08 - Franca, 16267714.541189713, 408628.56249955716, 2020-03-31, 127.40372992338477, 181.37837639504963, 29.35130203460723, 0.5614978731294281, 0
DRS 08 - Franca, 19127795.896102715, 682843.7650449919, 2020-03-28, 107.94149125018781, 132.56860964302626, 32.26383588928916, 0.5413664455711868, 0
DRS 08 - Franca, 78958182.79916064, 565475.9476776925, 2020-03-30, 111.7765811252586, 41.43237871831298, 44.01628436631072, 0.4671633228325183, 0
DRS 08 - Franca, 110053212.84817676, 400391.0289290325, 2020-04-01, 52.82234679354422, 38.845253323106895, 130.70375919328362, 0.6422488609340273, 0
DRS 08 - Franca, 11880343.625499366, 644579.1842788113, 2020-04-01, 6.312439232044636, 141.8907417590009, 95.26941913500734, 0.6516825483307094, 0
DRS 08 - Franca, 63257991.83991153, 323399.7004073423, 2020-03-30, 141.19828290508357, 199.86023916845855, 92.34265072213526, 0.358335366630271, 0
DRS 08 - Franca, 78025875.19688171, 538416.1585026695, 2020-03-31, 45.343072929656614, 124.87404694437865, 197.3290954535934, 0.416039749678676, 0
DRS 08 - Franca, 24308214.94414412, 399915.5193603644, 2020-03-31, 99.41236415417465, 215.4447164940517, 243.41176625267403, 0.8163932780691958, 0
DRS 08 - Franca, 82223571.34536487, 570482.3209058876, 2020-03-28, 87.35338518823593, 144.6340129393349, 6.304101083861424, 0.7820197207415482, 0
DRS 08 - Franca, 32606567.205350794, 637812.138977702, 2020-04-03, 139.05299389746216, 108.94964026435547, 116.47937745288239, 0.6314042744811774, 0
DRS 08 - Franca, 30423291.249036185, 664805.7287627745, 2020-04-02, 171.66964923712388, 203.7014396274131, 199.3243854785543, 0.21428107615813113, 0
DRS 08 - Franca, 41328606.054512486, 353516.2189716322, 2020-03-29, 89.17499845669802, 149.94788622819183, 86.82737745333243, 0.5242729671061561, 0
DRS 08 - Franca, 98113571.25357883, 473916.74107726535, 2020-03-28, 130.8184729719118, 119.0308331047464, 227.72722998592675, 0.5497878056146142, 0
DRS 08 - Franca, 105828411.37652999, 399455.1909920559, 2020-03-31, 197.8585486477789, 22.382969380481732, 116.20801048881351, 0.5888232662936621, 0
DRS 08 - Franca, 898137.2227042653, 238944.97267005252, 2020-04-03, 96.23043483016541, 239.09913042287084, 54.37479656636679, 0.4693595457821979, 0
DRS 08 - Franca, 129309556.1469291, 633867.1012545833, 2020-03-28, 248.17166102831075, 225.95770060284664, 210.106215089089, 0.6990408856717902, 0
DRS 08 - Franca, 45328587.92483889, 328756.1953168557, 2020-03-29, 182.15596878661526, 91.18947024581159, 217.5644054707964, 0.449591177887967, 0
DRS 08 - Franca, 98402105.04660171, 406050.6460803496, 2020-03-29, 78.62727472602785, 69.38580183514786, 94.38712659925669, 0.5560709322128464, 0
DRS 08 - Franca, 73575960.32241832, 476622.9349569476, 2020-03-31, 211.2043213226416, 127.16651423837213, 211.15042025113317, 0.4026013678763205, 0
DRS 08 - Franca, 86199664.85365817, 603264.7280437462, 2020-04-01, 118.5355529031774, 220.1409611535296, 78.85358488775307, 0.7053295962291704, 0
DRS 08 - Franca, 16923777.977443643, 554976.2483571006, 2020-03-31, 223.9036297885666, 159.02779147641488, 30.83012103074609, 0.6210177304164411, 0
DRS 08 - Franca, 70260873.36091803, 583178.7470070766, 2020-04-01, 233.4654641727955, 161.9208815642478, 197.3052386465023, 0.37535485888064646, 0
DRS 08 - Franca, 146899627.78194198, 421072.6962263707, 2020-04-02, 207.89480616765175, 110.51037150880738, 119.33564290540588, 0.825623256534042, 0
DRS 08 - Franca, 124064395.77515952, 489674.98392014724, 2020-03-29, 21.7459830282025, 244.27650256002713, 80.78612150918796, 0.744848386341594, 0
DRS 08 - Franca, 2798882.2230522176, 297774.36304494727, 2020-03-29, 39.89024625665691, 9.005592627291337, 125.54353997764316, 0.21110729664471511, 0
DRS 08 - Franca, 50665371.15500272, 380447.42595282226, 2020-03-31, 182.72369108322565, 19.271898155997114, 214.73180330876562, 0.26863576847065873, 0
DRS 08 - Franca, 105165632.4420438, 571246.7653656475, 2020-04-01, 92.66228287526789, 73.95298596315266, 231.97792720412983, 0.5593433821952436, 0
DRS 08 - Franca, 48819487.402702264, 605718.0136912381, 2020-04-02, 97.58508688504938, 110.5254990388797, 14.24979180296048, 0.30897160453906924, 0
DRS 08 - Franca, 1000159.4581640704, 555445.8668299478, 2020-04-03, 80.05828793749079, 49.29614732463039, 108.35104494629594, 0.449030791312471, 0
DRS 08 - Franca, 1996942.807202004, 223314.44573639779, 2020-03-30, 144.93097581657767, 47.4998678288487, 221.1229426420846, 0.4591956338663352, 0
DRS 08 - Franca, 29962525.73928574, 626935.1320815051, 2020-03-31, 127.40372992338477, 181.37837639504963, 29.35130203460723, 0.5614978731294281, 0
DRS 08 - Franca, 17561619.924008656, 584621.6624237887, 2020-04-04, 107.94149125018781, 196.7094018930356, 144.1400824413428, 0.48333740071633163, 0
DRS 08 - Franca, 43069984.94109041, 370314.0738313901, 2020-03-30, 155.6620986560769, 25.031304055976005, 13.981786808646381, 0.2669181331582007, 0
DRS 08 - Franca, 47767596.49220941, 380465.20685062534, 2020-03-30, 247.89189216676488, 171.58509810810784, 130.70375919328362, 0.39498767067386487, 0
DRS 08 - Franca, 2896687.2113801935, 328208.3543328014, 2020-04-01, 162.81023881102195, 205.6064463909517, 119.61694034900985, 0.6516825483307094, 0
DRS 08 - Franca, 64367083.174219556, 219726.39767073301, 2020-04-03, 141.19828290508357, 199.86023916845855, 74.31456181499935, 0.358335366630271, 0
DRS 08 - Franca, 43697981.302828066, 538416.1585026695, 2020-03-31, 135.58607153121642, 163.06511023851445, 216.49955659732387, 0.2315998991159751, 0
DRS 08 - Franca, 155080670.4203497, 239965.57735811532, 2020-04-01, 32.914488040419485, 98.8442472956798, 243.41176625267403, 0.8163932780691958, 0
DRS 08 - Franca, 113328443.65621333, 570482.3209058876, 2020-03-28, 87.68477368878305, 144.6340129393349, 215.94301010066062, 0.6620250523922326, 0
DRS 08 - Franca, 80599875.8695036, 301933.8461083313, 2020-04-03, 139.05299389746216, 87.04237660588679, 86.21937562687795, 0.4589703249536547, 0
DRS 08 - Franca, 38374795.56726234, 595476.6459959171, 2020-04-03, 171.66964923712388, 89.66500758846476, 104.46476267083285, 0.21428107615813113, 0
DRS 08 - Franca, 47905589.227866314, 707756.2859523238, 2020-03-31, 89.17499845669802, 66.28935236907365, 48.275614126369305, 0.5242729671061561, 0
DRS 08 - Franca, 5739937.40938122, 295771.2763635249, 2020-03-30, 130.8184729719118, 159.24762769586013, 12.237260753634654, 0.33290685756493865, 0
DRS 08 - Franca, 15357776.872790072, 399455.1909920559, 2020-03-31, 73.91874202322606, 65.61561414613142, 152.77930073667665, 0.6561227970971881, 0
DRS 08 - Franca, 914635.1288842639, 396916.4286379527, 2020-04-04, 94.89194258872078, 160.5008285477735, 91.02068009257432, 0.5473960636129388, 0
DRS 08 - Franca, 2697565.3368279454, 633867.1012545833, 2020-03-28, 248.17166102831075, 133.7128317864909, 244.39850462313996, 0.4682206573793357, 0
DRS 08 - Franca, 20981320.493065704, 328756.1953168557, 2020-03-29, 142.2074943500534, 91.18947024581159, 201.03000910286596, 0.449591177887967, 0
DRS 08 - Franca, 19485099.06708922, 354187.4654824927, 2020-03-29, 78.62727472602785, 230.85739836901513, 150.53200564283836, 0.5560709322128464, 0
DRS 08 - Franca, 73875063.59146954, 346986.4656535947, 2020-04-01, 125.70621969400628, 127.16651423837213, 208.97524571978622, 0.4026013678763205, 0
DRS 08 - Franca, 7181760.524317818, 404003.60908650304, 2020-04-01, 118.5355529031774, 174.20490382930396, 78.85358488775307, 0.7053295962291704, 0
DRS 08 - Franca, 107770904.72260445, 554976.2483571006, 2020-03-31, 94.23589551742795, 159.56537415933576, 77.26831314034871, 0.6210177304164411, 0
DRS 08 - Franca, 120588872.67552426, 636371.5619626215, 2020-04-04, 204.44662595686876, 217.00049219504803, 34.99192959141303, 0.7189999085273224, 0
DRS 08 - Franca, 37215452.953903906, 537286.432052643, 2020-04-02, 54.1976603236382, 44.39220298251025, 99.81076574350337, 0.20924686368362158, 0
DRS 08 - Franca, 1916931.776795372, 567623.7021486119, 2020-03-29, 222.56824640226324, 102.87811961032023, 80.80640185174346, 0.7100899318701228, 0
DRS 08 - Franca, 22330331.89762186, 297774.36304494727, 2020-04-04, 212.3266952175497, 93.7731597667471, 74.16340503619429, 0.5325395808088409, 0
DRS 08 - Franca, 44343282.122442156, 380447.42595282226, 2020-03-30, 126.78229082165862, 132.78535948999053, 101.52824677342839, 0.24176142527294026, 0
DRS 08 - Franca, 24722932.483020697, 328283.1330892177, 2020-03-30, 92.66228287526789, 94.86828744347987, 126.66331344910705, 0.5593433821952436, 0
DRS 08 - Franca, 10801177.603296038, 367233.1106087921, 2020-04-02, 97.58508688504938, 25.692304829689093, 215.4860700247389, 0.30897160453906924, 0
DRS 08 - Franca, 79482297.72890373, 428106.0398899171, 2020-03-29, 80.05828793749079, 193.7607623165458, 108.35104494629594, 0.449030791312471, 0
DRS 08 - Franca, 2410398.7295288146, 439254.582549138, 2020-03-30, 161.31402999811306, 173.6775675851736, 152.32436171634748, 0.4591956338663352, 0
DRS 08 - Franca, 2497464.2218535705, 243114.00316888944, 2020-03-30, 66.47063794182671, 181.37837639504963, 204.08980606033168, 0.5307226531499356, 0
DRS 08 - Franca, 14179467.649049845, 664686.6572246588, 2020-04-04, 186.71536374594822, 75.49988743038875, 144.1400824413428, 0.5907028911977145, 0
DRS 08 - Franca, 44267970.72365667, 443991.4897968299, 2020-03-31, 155.6620986560769, 89.7092797018946, 13.981786808646381, 0.2669181331582007, 0
DRS 08 - Franca, 50300609.50707822, 410307.9600702368, 2020-03-30, 48.008138287615246, 37.309999733694895, 154.74354242567853, 0.27894481890418515, 0
DRS 08 - Franca, 2506721.25055562, 328208.3543328014, 2020-04-01, 162.81023881102195, 38.539194864264495, 60.442012218553764, 0.5172411524619294, 0
DRS 08 - Franca, 1127190.3191342764, 606441.0094441578, 2020-04-03, 202.90398656723946, 78.56547788107238, 177.19115756422443, 0.358335366630271, 0
DRS 08 - Franca, 10632467.624020683, 311223.3721864193, 2020-03-31, 76.12285313513198, 120.53908648719282, 142.85181937008477, 0.3678989439063915, 0
DRS 08 - Franca, 5669134.07117057, 399915.5193603644, 2020-03-29, 224.5831936894684, 215.4447164940517, 219.32612586635446, 0.5361821758334987, 0
DRS 08 - Franca, 67244303.51880704, 582212.2176562755, 2020-04-01, 229.6046026499076, 144.6340129393349, 6.304101083861424, 0.44142175102729375, 0
DRS 08 - Franca, 5289298.1648290185, 533125.7875151498, 2020-03-31, 245.9481406697463, 151.8521792121656, 146.69696988502483, 0.6314042744811774, 0
DRS 08 - Franca, 77679634.79963027, 559227.6856647665, 2020-04-03, 202.6647093434857, 172.26098158088251, 120.14095998930881, 0.459690793703416, 0
DRS 08 - Franca, 93837245.17019418, 439927.90854947653, 2020-04-02, 14.125575941010437, 149.94788622819183, 86.82737745333243, 0.5242729671061561, 0
DRS 08 - Franca, 48003464.61145833, 471840.63043714705, 2020-04-04, 130.8184729719118, 127.97806442438942, 213.07626766262675, 0.2534296277989848, 0
DRS 08 - Franca, 63343378.49473747, 589511.1764816314, 2020-03-31, 73.91874202322606, 124.11805343330632, 33.986778214797404, 0.38342046286091447, 0
DRS 08 - Franca, 82544685.678027, 383984.05111072015, 2020-04-03, 117.64376722743572, 67.41048545824482, 50.84044650762821, 0.4693595457821979, 0
DRS 08 - Franca, 117909148.64210029, 223083.5866909415, 2020-03-29, 75.01598501060134, 36.756505938473325, 244.39850462313996, 0.6242205990151619, 0
DRS 08 - Franca, 127258683.75646272, 328756.1953168557, 2020-03-29, 89.28395404008624, 19.88122412268578, 100.54596819955916, 0.7246044898326094, 0
DRS 08 - Franca, 750845.2139838454, 682858.7237373415, 2020-03-29, 19.268999392559383, 230.85739836901513, 148.31361201953285, 0.723324872631637, 0
DRS 08 - Franca, 98461979.73597464, 705197.4370265428, 2020-03-29, 211.2043213226416, 3.1133137802649147, 211.15042025113317, 0.5365903308086317, 0
DRS 08 - Franca, 90486672.86017297, 639315.5492020175, 2020-04-01, 152.96460731291094, 174.20490382930396, 88.74630813758274, 0.5258876707794305, 0
DRS 08 - Franca, 29717964.37589586, 352929.4802519166, 2020-04-03, 165.9346888248833, 116.64786117259149, 116.8168470611568, 0.6210177304164411, 0
DRS 08 - Franca, 11433153.95098384, 343109.0535116141, 2020-04-02, 162.54079402830217, 84.10972138706718, 56.35822154064914, 0.4056713111416541, 0
DRS 08 - Franca, 16164284.659114767, 322624.96069435735, 2020-04-02, 98.03110550258268, 224.22879635541275, 119.33564290540588, 0.5779256711355001, 0
DRS 08 - Franca, 71411431.55951254, 567623.7021486119, 2020-03-29, 222.56824640226324, 29.59792055401414, 98.25311191780553, 0.40784335631948637, 0
DRS 08 - Franca, 70364638.38342011, 297774.36304494727, 2020-03-29, 39.89024625665691, 41.04571932677109, 125.54353997764316, 0.391250176784798, 0
DRS 08 - Franca, 6981012.12954014, 305801.56402546156, 2020-03-28, 126.78229082165862, 132.78535948999053, 157.26294034248411, 0.2676404514308162, 0
DRS 08 - Franca, 29456200.36288325, 534507.3426418779, 2020-03-31, 156.29989715617015, 94.86828744347987, 79.11103967069705, 0.43673612113231997, 0
DRS 08 - Franca, 42154630.48175454, 367233.1106087921, 2020-03-29, 115.34851940258022, 219.14768507012909, 215.4860700247389, 0.30897160453906924, 0
DRS 08 - Franca, 85336779.18420051, 555445.8668299478, 2020-04-03, 80.05828793749079, 116.84099872646163, 216.67723216217357, 0.4520084506747896, 0
DRS 08 - Franca, 50375698.524884515, 531149.1242237929, 2020-03-31, 139.67863225318152, 24.41034407407794, 72.63364065276056, 0.5934736830557688, 0
DRS 08 - Franca, 15119809.497109715, 243114.00316888944, 2020-03-30, 134.4368182686669, 150.11205344583166, 204.08980606033168, 0.21891924823153958, 0
DRS 08 - Franca, 112305948.53254586, 472095.5262417563, 2020-03-30, 222.08576724900377, 180.04416993772307, 95.63835151267702, 0.6265719439064721, 0
DRS 08 - Franca, 62852487.97850152, 311507.28598128574, 2020-04-04, 21.190937882326892, 25.031304055976005, 126.626080689407, 0.3604560517750527, 0
DRS 08 - Franca, 66479858.413891025, 380465.20685062534, 2020-03-30, 33.53195574620475, 171.58509810810784, 58.140508298060816, 0.39498767067386487, 0
DRS 08 - Franca, 95284343.38776273, 615031.3633062798, 2020-04-02, 162.81023881102195, 195.66024109906465, 221.14959671467503, 0.5172411524619294, 0
DRS 08 - Franca, 37885200.16836079, 606441.0094441578, 2020-03-28, 193.65826001136242, 78.56547788107238, 126.78297160605756, 0.21412862975686126, 0
DRS 08 - Franca, 90332358.99529, 311223.3721864193, 2020-03-31, 76.12285313513198, 40.88916006112803, 142.85181937008477, 0.5249307498435575, 0
DRS 08 - Franca, 100101802.09970216, 472386.06386069075, 2020-04-04, 154.8106206909835, 215.4447164940517, 219.32612586635446, 0.5361821758334987, 0
DRS 08 - Franca, 81371502.44434264, 582212.2176562755, 2020-04-01, 229.6046026499076, 220.47124909954368, 6.304101083861424, 0.5212087157042455, 0
DRS 08 - Franca, 41547477.430939145, 533125.7875151498, 2020-03-30, 179.51250340419526, 146.85897323682914, 97.29034267654474, 0.661169698526612, 0
DRS 08 - Franca, 6310476.688115178, 499998.4549576835, 2020-04-03, 204.18285163416652, 150.01026920221017, 83.29375634430014, 0.24795801061943445, 0
DRS 08 - Franca, 2392649.7052578763, 353516.2189716322, 2020-03-29, 162.60986660922111, 16.88129182185927, 86.82737745333243, 0.36988228370790177, 0
DRS 08 - Franca, 40100191.17038195, 392277.7429740429, 2020-04-01, 130.8184729719118, 49.65894021825554, 12.237260753634654, 0.26665844377771153, 0
DRS 08 - Franca, 17978647.12555096, 284776.0073584272, 2020-03-31, 100.27431738886449, 131.61631929568225, 152.77930073667665, 0.31427219666319317, 0
DRS 08 - Franca, 60358441.81498978, 238944.97267005252, 2020-04-03, 182.04801883070792, 109.52681401227157, 11.739036030602152, 0.373054409978855, 0
DRS 08 - Franca, 2697565.3368279454, 633867.1012545833, 2020-04-02, 248.17166102831075, 133.7128317864909, 244.39850462313996, 0.4682206573793357, 0
DRS 08 - Franca, 18064165.605243083, 637595.6312877464, 2020-03-29, 142.2074943500534, 73.98418647349501, 201.03000910286596, 0.449591177887967, 0
DRS 08 - Franca, 22234340.126422487, 682858.7237373415, 2020-03-30, 120.45163253080189, 90.07256829525342, 154.03488293343932, 0.723324872631637, 0
DRS 08 - Franca, 137219.10835917204, 589997.1105364149, 2020-03-28, 239.32113344058152, 102.5434250476261, 45.75510142776527, 0.4026013678763205, 0
DRS 08 - Franca, 11433479.031178204, 631312.3156999215, 2020-03-29, 118.5355529031774, 35.6028387264926, 78.26043322087652, 0.3557126696723847, 0
DRS 08 - Franca, 77808734.230951, 576964.1093178998, 2020-03-31, 104.22353441788508, 50.7965738357305, 159.46690597807088, 0.6210177304164411, 0
DRS 08 - Franca, 12294036.520920288, 370752.1243289656, 2020-04-01, 162.54079402830217, 84.10972138706718, 81.02887017088773, 0.4056713111416541, 0
DRS 08 - Franca, 3233548.4505226216, 434664.1224448671, 2020-04-03, 201.4038716866628, 37.80917695865044, 176.97169173960216, 0.7831349203478875, 0
DRS 08 - Franca, 56459515.49371545, 567623.7021486119, 2020-03-31, 222.56824640226324, 78.53541796489945, 80.80640185174346, 0.5602093662479812, 0
DRS 08 - Franca, 117421292.40406482, 297774.36304494727, 2020-03-29, 39.89024625665691, 49.13137920170055, 122.2864678510717, 0.6649710391716093, 0
DRS 08 - Franca, 684660.2126406204, 392748.41700653394, 2020-04-03, 163.1289481479178, 62.26292234441801, 97.63679464512012, 0.8471764009431699, 0
DRS 08 - Franca, 35515822.962960266, 499344.76046266867, 2020-03-30, 34.9497124249096, 94.86828744347987, 126.66331344910705, 0.38563548980646817, 0
DRS 08 - Franca, 69443974.1173114, 459672.70604697824, 2020-04-02, 212.12316000011583, 154.1225207171359, 180.49733380976815, 0.37935992370554283, 0
DRS 08 - Franca, 9558930.565911978, 555445.8668299478, 2020-04-03, 131.60825110903858, 202.0144061875837, 108.35104494629594, 0.32500341440309755, 0
DRS 08 - Franca, 75958244.45775133, 439254.582549138, 2020-03-31, 144.93097581657767, 78.07005516585866, 26.162893924940228, 0.4591956338663352, 0
DRS 08 - Franca, 36116055.30692389, 664930.5603895904, 2020-04-01, 247.67176885906187, 188.56888405190364, 49.260201969951545, 0.6069276767211597, 0
DRS 08 - Franca, 21951067.678701833, 664686.6572246588, 2020-04-03, 163.49930849461654, 137.6578773224479, 54.1376305994159, 0.32294304275276436, 0
DRS 08 - Franca, 7570801.272454598, 364287.9016620745, 2020-04-03, 155.6620986560769, 107.45628393444395, 40.547074414977544, 0.39454076664683363, 0
DRS 08 - Franca, 46715246.091387264, 293895.0238031718, 2020-04-02, 63.96866971943646, 184.17045559159618, 77.23031180790169, 0.26469331066117446, 0
DRS 08 - Franca, 65144857.854486756, 568726.7546156354, 2020-04-01, 162.81023881102195, 35.67238399191081, 233.49907493281464, 0.5222756580858616, 0
DRS 08 - Franca, 121806207.29070136, 508838.2659667802, 2020-03-28, 111.19855609240301, 78.56547788107238, 177.19115756422443, 0.6514199662923772, 0
DRS 08 - Franca, 27762923.26197954, 594609.4197398424, 2020-03-31, 32.92807191882921, 112.31287316684352, 16.261937362507002, 0.3678989439063915, 0
DRS 08 - Franca, 656584.9344814152, 501364.0040247842, 2020-03-29, 206.44875036118341, 34.29388982904272, 219.32612586635446, 0.7504609642898141, 0
DRS 08 - Franca, 15875379.52317492, 522317.0574207711, 2020-03-30, 229.6046026499076, 3.8066190204964627, 167.9991747548504, 0.6918428131832164, 0
DRS 08 - Franca, 23228095.709834665, 303452.9583572041, 2020-03-28, 204.74784197204104, 60.77370461927343, 146.69696988502483, 0.7413319606442497, 0
DRS 08 - Franca, 104186360.07220565, 384948.20500236674, 2020-04-03, 163.07717797313657, 112.65089833369663, 83.29375634430014, 0.608530315047501, 0
DRS 08 - Franca, 245480.768887385, 353516.2189716322, 2020-03-29, 186.68662134412557, 134.43439585435038, 210.1775632472385, 0.36988228370790177, 0
DRS 08 - Franca, 63731928.72327432, 295771.2763635249, 2020-03-28, 86.48285614733268, 125.34631362614567, 197.20037829758206, 0.33290685756493865, 0
DRS 08 - Franca, 11551596.7591127, 399455.1909920559, 2020-03-28, 169.19786731522487, 145.08813800396248, 151.88198882493526, 0.5314127369453541, 0
DRS 08 - Franca, 73449880.18740329, 680806.7617275617, 2020-04-01, 96.23043483016541, 82.51617043632339, 234.58931708634563, 0.38741956833547175, 0
DRS 08 - Franca, 52285470.995415494, 480297.64843344636, 2020-03-28, 11.440609599000645, 133.7128317864909, 103.31171799468162, 0.3069976491046084, 0
DRS 08 - Franca, 17777175.43079108, 426468.63227409986, 2020-04-01, 129.22894669645345, 73.98418647349501, 201.03000910286596, 0.6151632022089502, 0
DRS 08 - Franca, 100209306.37445766, 559555.2364188826, 2020-04-02, 19.268999392559383, 90.67460618730979, 99.15210751137771, 0.6275891778934094, 0
DRS 08 - Franca, 34778647.473656364, 589997.1105364149, 2020-03-28, 239.32113344058152, 226.7251330047161, 174.89782754563004, 0.4026013678763205, 0
DRS 08 - Franca, 25000477.335536264, 436706.952165112, 2020-04-02, 116.52633725184681, 174.20490382930396, 78.85358488775307, 0.38296316744027126, 0
DRS 08 - Franca, 141818588.26710385, 554976.2483571006, 2020-03-31, 113.45814981158789, 23.903631672643698, 183.7016310316677, 0.781271689419953, 0
DRS 08 - Franca, 70613542.41667028, 577481.0224885687, 2020-04-02, 162.54079402830217, 113.74220476274161, 56.35822154064914, 0.4056713111416541, 0
DRS 08 - Franca, 12175806.318290923, 217123.09498486415, 2020-04-02, 20.992705643605316, 172.29142836050156, 150.1593179906388, 0.20924686368362158, 0
DRS 08 - Franca, 1792626.240354071, 567623.7021486119, 2020-04-01, 147.32916220507627, 109.98949313130365, 144.03885252254778, 0.2802347839611441, 0
DRS 08 - Franca, 34312128.907075144, 297774.36304494727, 2020-04-03, 39.89024625665691, 155.92332738633505, 125.54353997764316, 0.20573331529255148, 0
DRS 08 - Franca, 8266789.767272372, 705922.9590912008, 2020-04-03, 204.38839010065863, 171.90471739972472, 151.3636795223673, 0.8471764009431699, 0
DRS 08 - Franca, 26992952.044346016, 415561.6147878939, 2020-03-30, 123.8820066046874, 155.3676681181946, 158.51565488928733, 0.8358748824629687, 0
DRS 08 - Franca, 128374.2567043328, 529684.7097923902, 2020-04-02, 189.44307735337253, 164.43921943033644, 138.08586521092533, 0.30897160453906924, 0
DRS 08 - Franca, 52042048.170777254, 555445.8668299478, 2020-04-04, 83.31583277724484, 49.29614732463039, 49.03608710296745, 0.8457446794039949, 0
DRS 08 - Franca, 77775743.81599697, 240970.66746986058, 2020-03-30, 95.04112765992978, 237.07422364532286, 23.627647039584645, 0.46181466966958823, 0
DRS 08 - Franca, 67849226.2735591, 416308.2322559679, 2020-03-28, 66.47063794182671, 181.37837639504963, 163.7702633556569, 0.7389985193128339, 0
DRS 08 - Franca, 93268009.94393693, 698304.0202781688, 2020-04-01, 82.88115185259895, 75.49988743038875, 248.77827017085002, 0.5027851468135132, 0
DRS 08 - Franca, 96777737.97817461, 364287.9016620745, 2020-04-01, 44.935422149815885, 119.29474003293647, 98.80380665352672, 0.5438145324093258, 0
DRS 08 - Franca, 78287796.57201597, 527931.7793599863, 2020-04-04, 118.2485856617306, 184.17045559159618, 142.50830756207185, 0.4390618783068927, 0
DRS 08 - Franca, 71685071.7382035, 485543.05776164867, 2020-03-28, 32.191262305160365, 38.539194864264495, 17.526915981350847, 0.5172411524619294, 0
DRS 08 - Franca, 82055700.12693852, 606441.0094441578, 2020-03-28, 165.38168229579227, 32.68129221143326, 177.19115756422443, 0.4642382865817199, 0
DRS 08 - Franca, 31538071.246365853, 311223.3721864193, 2020-03-31, 76.12285313513198, 26.042948726453076, 142.85181937008477, 0.5885829261922819, 0
DRS 08 - Franca, 53086597.95628184, 501364.0040247842, 2020-03-29, 206.44875036118341, 102.35725329817349, 86.61603477382454, 0.40520091845818984, 0
DRS 08 - Franca, 127938565.3166738, 557274.6232466071, 2020-03-30, 229.6046026499076, 3.8066190204964627, 221.3972711577628, 0.6918428131832164, 0
DRS 08 - Franca, 33333028.562937394, 326965.5521621795, 2020-03-31, 245.9481406697463, 226.0593442930384, 193.3965793735984, 0.6314042744811774, 0
DRS 08 - Franca, 827137.4615667987, 613560.1829929915, 2020-03-29, 142.61316728453272, 74.6514995829282, 199.2454877641456, 0.24795801061943445, 0
DRS 08 - Franca, 4452535.879726085, 353516.2189716322, 2020-03-29, 111.36585975846613, 53.37487310475328, 210.1775632472385, 0.23908777436322026, 0
DRS 08 - Franca, 20220170.46799999, 295771.2763635249, 2020-03-30, 166.98905703022825, 227.3578065368249, 174.8668588024398, 0.49396018285484017, 0
DRS 08 - Franca, 87552318.68264267, 232581.6851429463, 2020-03-30, 45.55258229376177, 174.40889601575245, 37.29552431605146, 0.5314127369453541, 0
DRS 08 - Franca, 69557290.26675603, 427248.0973639929, 2020-04-04, 34.77605555417512, 239.09913042287084, 100.67825860187504, 0.6564561897627937, 0
DRS 08 - Franca, 38732159.90094864, 379271.2174135248, 2020-04-03, 129.11569092259072, 86.79150203766115, 244.39850462313996, 0.33797729875932164, 0
DRS 08 - Franca, 603005.1249760878, 456595.11027929693, 2020-04-03, 129.22894669645345, 73.98418647349501, 201.03000910286596, 0.8375468685436005, 0
DRS 08 - Franca, 53977851.41946616, 520350.2328368253, 2020-03-30, 19.268999392559383, 230.85739836901513, 148.31361201953285, 0.30132278218125197, 0
DRS 08 - Franca, 101959290.08279201, 674541.9158368569, 2020-03-28, 144.11139051297266, 177.73156847937923, 203.85641102676823, 0.5589901299390388, 0
DRS 08 - Franca, 17545213.009199295, 436606.26661749114, 2020-03-30, 118.5355529031774, 174.20490382930396, 21.7175041571008, 0.3417891545880978, 0
DRS 08 - Franca, 112059667.46264598, 554976.2483571006, 2020-03-31, 214.13838563136034, 83.08526928489863, 152.85632514850573, 0.6210177304164411, 0
DRS 08 - Franca, 68651505.75812365, 696359.9815971251, 2020-03-28, 153.80227755700037, 42.09804458550872, 211.52499513854434, 0.3663297182610788, 0
DRS 08 - Franca, 47277053.281957634, 537286.432052643, 2020-04-04, 229.28890130275923, 110.51037150880738, 119.33564290540588, 0.45920125349093116, 0
DRS 08 - Franca, 1323422.9876062416, 541157.3692909507, 2020-03-29, 195.2204719895649, 172.72820321635675, 240.94138849569697, 0.37996172739896894, 0
DRS 08 - Franca, 40277892.78532938, 297774.36304494727, 2020-03-31, 136.57405675779944, 152.93891721166477, 9.902146740779894, 0.24742514216611194, 0
DRS 08 - Franca, 15291981.817657951, 676845.5657157013, 2020-04-01, 126.23968395574856, 112.51308062895706, 66.61893288133196, 0.5778505296767169, 0
DRS 08 - Franca, 139851266.80305192, 538831.1705898673, 2020-03-30, 92.66228287526789, 94.86828744347987, 41.9163925520076, 0.8448199665588398, 0
DRS 08 - Franca, 17931705.84947467, 577288.619852277, 2020-04-01, 189.44307735337253, 65.84625211922254, 138.08586521092533, 0.45920125349093116, 0
DRS 08 - Franca, 33487296.44239741, 233724.3357931353, 2020-03-31, 84.11795357934426, 213.8543265084824, 204.40560475811625, 0.4873127067199625, 0
DRS 08 - Franca, 13351259.441331236, 314321.6279191194, 2020-03-30, 111.59699509205048, 80.46751009162745, 23.627647039584645, 0.4591956338663352, 0
DRS 08 - Franca, 109098222.36362982, 243114.00316888944, 2020-03-28, 49.75593124494519, 129.64662690091856, 114.8007995985831, 0.6098749327875598, 0
DRS 08 - Franca, 22452571.517003756, 523079.67023275077, 2020-03-31, 237.8196048802556, 45.224438496084915, 144.1400824413428, 0.43071500898562826, 0
DRS 08 - Franca, 28526622.34356769, 504910.12589667545, 2020-04-03, 78.94288409144896, 58.39554585514305, 59.340174777587606, 0.39454076664683363, 0
DRS 08 - Franca, 32763925.038048796, 278742.80100585986, 2020-04-02, 144.19754058968678, 94.58599449755313, 19.053009546468143, 0.26611367792279655, 0
DRS 08 - Franca, 47533008.785124026, 367859.1545747913, 2020-04-01, 125.41789088441496, 105.49288097739037, 60.442012218553764, 0.33917121406495393, 0
DRS 08 - Franca, 49853268.72232757, 441703.2326124619, 2020-04-02, 194.1123577501135, 131.85244570095935, 172.57299596821994, 0.27386363047871987, 0
DRS 08 - Franca, 129488.92278385407, 403345.5448417585, 2020-04-01, 141.1498312534548, 120.53908648719282, 73.2623639601982, 0.3678989439063915, 0
DRS 08 - Franca, 84964641.110282, 501364.0040247842, 2020-04-03, 172.9488451321727, 104.74170228956112, 138.0325558549986, 0.7504609642898141, 0
DRS 08 - Franca, 46257988.18171403, 223608.19342034383, 2020-03-30, 229.6046026499076, 59.239945164236914, 120.95426698456633, 0.6131289344573805, 0
DRS 08 - Franca, 107500862.70593442, 533125.7875151498, 2020-04-04, 112.27874242544685, 178.54710996960733, 78.55616507705332, 0.6314042744811774, 0
DRS 08 - Franca, 5869161.429309418, 613560.1829929915, 2020-03-29, 185.80955239290807, 74.6514995829282, 96.2368275981198, 0.45829539197315716, 0
DRS 08 - Franca, 69267219.58770108, 409119.13242298225, 2020-03-29, 163.94175251252597, 134.43439585435038, 29.74743618059264, 0.41078451925742043, 0
DRS 08 - Franca, 20514013.945239596, 567326.5022374205, 2020-03-29, 87.96456567068324, 159.24762769586013, 12.237260753634654, 0.33290685756493865, 0
DRS 08 - Franca, 35346378.574566245, 437153.1869233175, 2020-03-28, 195.72733241273824, 145.08813800396248, 56.024758289489775, 0.2845994219091148, 0
DRS 08 - Franca, 84269431.78026707, 273318.30152861105, 2020-04-03, 96.23043483016541, 239.09913042287084, 63.935465835731506, 0.4693595457821979, 0
DRS 08 - Franca, 45921014.312839895, 520729.47340877366, 2020-03-31, 23.49685532367077, 211.03260274036916, 32.94948139696838, 0.4682206573793357, 0
DRS 08 - Franca, 152549754.17938223, 456595.11027929693, 2020-04-03, 129.22894669645345, 73.98418647349501, 179.78934346417736, 0.8375468685436005, 0
DRS 08 - Franca, 3381263.4005772066, 682858.7237373415, 2020-03-29, 159.8049044178594, 162.43991508356348, 16.42170303914084, 0.723324872631637, 0
DRS 08 - Franca, 44936364.217494614, 435404.8270601565, 2020-03-28, 239.32113344058152, 102.5434250476261, 45.75510142776527, 0.27201957503158086, 0
DRS 08 - Franca, 127846565.71223268, 646628.3707941088, 2020-03-28, 118.5355529031774, 230.54585215976354, 120.25238536402678, 0.7053295962291704, 0
DRS 08 - Franca, 90919996.33930364, 382730.69637873664, 2020-04-02, 179.57722733306767, 239.55740816595903, 30.83012103074609, 0.5355631569261299, 0
DRS 08 - Franca, 10755228.958123637, 340516.42967716523, 2020-03-30, 162.54079402830217, 96.6253662317211, 181.27215782751765, 0.2288777275051976, 0
DRS 08 - Franca, 17676754.062282026, 687951.0550696334, 2020-03-31, 101.6357839694279, 110.51037150880738, 119.33564290540588, 0.20924686368362158, 0
DRS 08 - Franca, 73630246.05079025, 231738.75179199898, 2020-04-02, 195.2204719895649, 46.12423558097687, 240.94138849569697, 0.37996172739896894, 0
DRS 08 - Franca, 72240046.61718847, 470968.59598857036, 2020-03-28, 111.93987973329698, 9.005592627291337, 92.51605534591785, 0.6469111858430481, 0
DRS 08 - Franca, 89378734.53031307, 305415.9788361256, 2020-03-29, 200.5528678446215, 81.94089095442757, 201.97041585168552, 0.465486019291174, 0
DRS 08 - Franca, 9843775.402528161, 328283.1330892177, 2020-04-02, 158.30967680175513, 89.9924147976503, 93.22697341022052, 0.27276278551262956, 0
DRS 08 - Franca, 159364025.90087613, 706849.5679835605, 2020-03-28, 156.68729062963396, 113.0207148474397, 248.4545890094009, 0.8401969892297996, 0
DRS 08 - Franca, 228213.66954096968, 659606.8430521941, 2020-03-31, 93.60763553933232, 43.75450127395864, 71.6913670316324, 0.30045929433528235, 0
DRS 08 - Franca, 51701523.52322341, 439254.582549138, 2020-03-30, 144.93097581657767, 114.53000023671395, 172.96493996832376, 0.3054706898297757, 0
DRS 08 - Franca, 129453673.61067419, 606657.5373926221, 2020-04-03, 179.78524799385903, 66.70210742623442, 71.49387072361799, 0.7970934768051221, 0
DRS 08 - Franca, 34259035.20540377, 664686.6572246588, 2020-04-03, 139.3666114927957, 44.00957571397118, 18.018090961460047, 0.2072692785715932, 0
DRS 08 - Franca, 8320025.192626454, 364287.9016620745, 2020-04-02, 221.32952467039163, 108.90956152292111, 40.547074414977544, 0.39454076664683363, 0
DRS 08 - Franca, 39575510.77652772, 403393.4156247395, 2020-04-02, 138.26872654453354, 94.58599449755313, 94.25016634501651, 0.21139231811239148, 0
DRS 08 - Franca, 18522762.096127782, 328208.3543328014, 2020-04-03, 162.81023881102195, 163.55039630153678, 60.442012218553764, 0.8086553219385659, 0
DRS 08 - Franca, 26689329.887343056, 692770.7135221164, 2020-04-04, 202.90398656723946, 78.56547788107238, 177.19115756422443, 0.6327100990961798, 0
DRS 08 - Franca, 15685650.389583101, 692950.9870183857, 2020-03-30, 238.30357349412427, 120.53908648719282, 166.61371312096878, 0.7256545130050931, 0
DRS 08 - Franca, 41313980.75463015, 517175.5155362907, 2020-04-01, 7.523015088710755, 98.92079515769584, 219.32612586635446, 0.48081130147055345, 0
DRS 08 - Franca, 126035212.09503967, 599546.389911504, 2020-03-29, 229.6046026499076, 3.8066190204964627, 220.77494870790005, 0.6918428131832164, 0
DRS 08 - Franca, 7506633.719565389, 335958.9800979927, 2020-04-02, 201.13689891086258, 99.13096026246217, 146.69696988502483, 0.29953750721855593, 0
DRS 08 - Franca, 44152819.39600158, 439000.539347571, 2020-04-04, 142.61316728453272, 74.6514995829282, 69.5370814109067, 0.24795801061943445, 0
DRS 08 - Franca, 43897138.85424454, 353516.2189716322, 2020-03-29, 186.68662134412557, 90.37371160508302, 210.1775632472385, 0.4120053804353634, 0
DRS 08 - Franca, 71675956.92780998, 509443.3558515183, 2020-03-30, 186.18636869095212, 159.24762769586013, 193.45777286565064, 0.37570519784827106, 0
DRS 08 - Franca, 28338680.9769214, 285927.20955867675, 2020-03-29, 23.684483535588093, 108.69770600091066, 151.88198882493526, 0.46038661893748906, 0
DRS 08 - Franca, 88705736.97736385, 400627.62270559755, 2020-04-01, 162.95645888309048, 239.09913042287084, 174.98809005596672, 0.4693595457821979, 0
DRS 08 - Franca, 2775622.176636107, 633867.1012545833, 2020-03-28, 248.17166102831075, 133.7128317864909, 175.31476286467534, 0.4682206573793357, 0
DRS 08 - Franca, 819277.0101509967, 405485.0954904513, 2020-03-31, 129.22894669645345, 174.2288281464458, 3.0395238639139843, 0.32151111048114533, 0
DRS 08 - Franca, 223102.75777214, 418995.98457770515, 2020-04-02, 19.268999392559383, 107.68663206970466, 150.23973209164916, 0.36853207294874446, 0
DRS 08 - Franca, 58415883.18456647, 547315.0624457151, 2020-03-31, 172.4055884944793, 90.05416629062127, 45.75510142776527, 0.4026013678763205, 0
DRS 08 - Franca, 22780677.229110047, 404003.60908650304, 2020-04-04, 91.71637394249232, 145.94744667095645, 61.549820492577375, 0.423648338828544, 0
DRS 08 - Franca, 111768152.38102333, 554976.2483571006, 2020-03-28, 46.31484355911489, 159.02779147641488, 174.66445275209185, 0.600562270696916, 0
DRS 08 - Franca, 55127944.283061326, 340516.42967716523, 2020-04-02, 211.8233358317732, 94.04203336290938, 209.4311804683485, 0.5323233995686636, 0
DRS 08 - Franca, 39800361.833783604, 537286.432052643, 2020-04-01, 164.40629496330635, 110.51037150880738, 222.74211626430693, 0.20924686368362158, 0
DRS 08 - Franca, 86229452.1678684, 541157.3692909507, 2020-04-03, 234.3919800092219, 207.34292719566258, 217.51853252918943, 0.6330917270503805, 0
DRS 08 - Franca, 135393029.7679612, 468903.5550806399, 2020-03-29, 161.30424794237575, 5.160655964747907, 103.12499752970433, 0.7725868312125215, 0
DRS 08 - Franca, 37920460.24531534, 392748.41700653394, 2020-04-03, 125.38504625043129, 62.26292234441801, 167.2813555122407, 0.20374260066272806, 0
DRS 08 - Franca, 2408319.718401845, 679408.4076106169, 2020-04-02, 243.04023757238014, 141.65037195116452, 152.49646763527946, 0.7397195918929809, 0
DRS 08 - Franca, 143184837.66684377, 336976.8800081906, 2020-04-03, 16.465331356461636, 166.56547716982394, 138.08586521092533, 0.8020689250480457, 0
DRS 08 - Franca, 19174923.875502508, 396796.9676716232, 2020-03-31, 76.08785230193502, 107.01670549157538, 71.6913670316324, 0.5036449057802875, 0
DRS 08 - Franca, 76965830.11535206, 603729.0054379872, 2020-03-30, 144.93097581657767, 142.51311542736957, 23.627647039584645, 0.4591956338663352, 0
DRS 08 - Franca, 98550563.29968368, 692085.8653956803, 2020-03-28, 66.47063794182671, 157.05294403765348, 204.08980606033168, 0.5307226531499356, 0
DRS 08 - Franca, 14057616.761313323, 567369.8236265643, 2020-04-04, 225.06851723129242, 75.49988743038875, 36.344873038415344, 0.5692675183915077, 0
DRS 08 - Franca, 90916881.22268723, 364287.9016620745, 2020-03-30, 126.63203559579037, 15.9751674966076, 202.6984169326239, 0.4720135545755576, 0
DRS 08 - Franca, 14528582.527803076, 278742.80100585986, 2020-04-02, 144.19754058968678, 164.68967397101287, 19.053009546468143, 0.6843267683475961, 0
DRS 08 - Franca, 81288058.64595498, 617174.392696227, 2020-04-01, 230.5195534645052, 144.3721627392301, 35.045880813372705, 0.5643185653558178, 0
DRS 08 - Franca, 66189935.83685858, 606441.0094441578, 2020-03-29, 196.76770367449816, 78.56547788107238, 177.19115756422443, 0.358335366630271, 0
DRS 08 - Franca, 38229714.15316305, 273530.3956418975, 2020-04-01, 73.16595432748308, 126.15953014713254, 53.3766944028724, 0.2123778410432787, 0
DRS 08 - Franca, 55443173.11210956, 457662.15525539115, 2020-03-29, 181.76057745651863, 34.29388982904272, 8.531783017583221, 0.3534617452305642, 0
DRS 08 - Franca, 128282847.9594838, 237080.81584781682, 2020-03-30, 150.55235544523745, 9.421558077434694, 167.9991747548504, 0.6918428131832164, 0
DRS 08 - Franca, 35571912.92945444, 326554.6934969806, 2020-04-02, 94.2710900446486, 97.93117727025027, 133.3313609830232, 0.6314042744811774, 0
DRS 08 - Franca, 34551460.47366955, 613560.1829929915, 2020-03-29, 52.22633454663796, 147.84763922799476, 199.2454877641456, 0.5329304053790413, 0
DRS 08 - Franca, 44232914.014300965, 246262.92479662952, 2020-04-01, 137.71396365721495, 52.71689546092938, 209.38330078585136, 0.36988228370790177, 0
DRS 08 - Franca, 60885274.55513807, 286076.92483046325, 2020-03-30, 129.36387998005355, 13.675529259669625, 126.32164370217403, 0.33290685756493865, 0
DRS 08 - Franca, 96690752.19756424, 399455.1909920559, 2020-04-04, 170.2513952979801, 145.08813800396248, 151.88198882493526, 0.520718975266073, 0
DRS 08 - Franca, 57943791.952443935, 238944.97267005252, 2020-04-02, 118.26578001024887, 239.09913042287084, 54.37479656636679, 0.3295104241625935, 0
DRS 08 - Franca, 130598932.94676441, 527109.6444929843, 2020-03-29, 187.51192772255953, 24.714460989453652, 244.39850462313996, 0.8477474482874068, 0
DRS 08 - Franca, 44769340.455149606, 456595.11027929693, 2020-04-03, 129.22894669645345, 49.36928655420065, 201.03000910286596, 0.23981490143089787, 0
DRS 08 - Franca, 65494645.22118627, 418995.98457770515, 2020-04-02, 241.15522855255787, 173.45816975474608, 100.77908161121144, 0.6564215916485722, 0
DRS 08 - Franca, 22344984.46239663, 615074.5908027613, 2020-03-28, 94.47559831588806, 203.73301047826348, 117.7525399636423, 0.4026013678763205, 0
DRS 08 - Franca, 33078735.259762622, 404003.60908650304, 2020-03-31, 101.92458955186197, 174.20490382930396, 133.20143266146246, 0.6085030433121918, 0
DRS 08 - Franca, 137080442.7792957, 339885.01994228363, 2020-03-30, 184.2390941741034, 45.133251638350195, 175.90740605483586, 0.7273338664682498, 0
DRS 08 - Franca, 15501838.219899632, 245035.95598818097, 2020-03-29, 162.54079402830217, 37.22180765829816, 28.286160941054238, 0.413856512672745, 0
DRS 08 - Franca, 47186207.9169862, 366300.5281653245, 2020-04-02, 229.28890130275923, 110.51037150880738, 119.33564290540588, 0.8380545723164221, 0
DRS 08 - Franca, 12201643.2110654, 541157.3692909507, 2020-04-01, 195.2204719895649, 118.42165962497306, 32.63557465992189, 0.37996172739896894, 0
DRS 08 - Franca, 672727.3845943504, 297774.36304494727, 2020-04-02, 39.89024625665691, 229.746621933641, 138.3710871650351, 0.21110729664471511, 0
DRS 08 - Franca, 99920220.8015042, 484847.1006033298, 2020-04-02, 166.12843750628474, 72.23658707029203, 91.22474894824818, 0.8038756018847255, 0
DRS 08 - Franca, 40884145.477155894, 679408.4076106169, 2020-04-02, 77.04419167484122, 141.65037195116452, 89.84510417414705, 0.3725761073829751, 0
DRS 08 - Franca, 43147868.94340658, 577915.1337378828, 2020-03-30, 13.223856321328247, 76.32926578119546, 120.12414020551016, 0.24094633958069067, 0
DRS 08 - Franca, 58136136.78144505, 659606.8430521941, 2020-03-29, 93.60763553933232, 64.19559748780668, 206.594601566564, 0.41911883884869994, 0
DRS 08 - Franca, 20946983.485010456, 423593.34553891723, 2020-03-30, 144.93097581657767, 71.10415856930068, 23.627647039584645, 0.6759035285287623, 0
DRS 08 - Franca, 8012483.970161842, 552170.4314056151, 2020-04-03, 186.67890607078786, 181.37837639504963, 1.3871869301291078, 0.5038567377057304, 0
DRS 08 - Franca, 99444152.05100606, 567369.8236265643, 2020-04-04, 225.06851723129242, 43.91588108186316, 44.0098361433848, 0.6167113512803026, 0
DRS 08 - Franca, 2049164.8511676502, 364287.9016620745, 2020-03-31, 215.51071379538465, 107.45628393444395, 40.547074414977544, 0.39454076664683363, 0
DRS 08 - Franca, 25792275.171305593, 278742.80100585986, 2020-04-02, 144.19754058968678, 138.7664994264282, 52.06318398501889, 0.6843267683475961, 0
DRS 08 - Franca, 89907841.39222671, 666006.5567528539, 2020-04-02, 117.10939891994556, 121.06061744050913, 60.442012218553764, 0.5172411524619294, 0
DRS 08 - Franca, 60293715.657355346, 490780.7843621126, 2020-04-03, 203.80756631603774, 57.97145024411769, 23.488020515549323, 0.36083790049095366, 0
DRS 08 - Franca, 96459698.53385596, 652609.8042883531, 2020-03-30, 141.1498312534548, 14.03867102612603, 83.52311913757262, 0.6470741454393787, 0
DRS 08 - Franca, 23575562.723286502, 596102.4511040756, 2020-04-02, 16.830816193225406, 101.00055598195848, 25.81321096351944, 0.6718352340324681, 0
DRS 08 - Franca, 52489140.897762515, 626241.0101923874, 2020-04-01, 98.89708201057736, 3.8066190204964627, 167.9991747548504, 0.293930916988279, 0
DRS 08 - Franca, 10555491.430584017, 257342.39097634482, 2020-04-01, 245.9481406697463, 189.38062232492067, 120.14520531501044, 0.3894686601650748, 0
DRS 08 - Franca, 5896175.650868207, 615528.6024004648, 2020-03-29, 110.38801774819117, 33.532282759724204, 199.2454877641456, 0.2314941234171926, 0
DRS 08 - Franca, 33709810.74774814, 521940.17811704706, 2020-04-01, 162.9358270671305, 29.897378175873985, 79.26931971004736, 0.20380060508996647, 0
DRS 08 - Franca, 25600881.81042913, 295771.2763635249, 2020-03-30, 130.8184729719118, 9.751622126415837, 249.22843920984812, 0.359267429725608, 0
DRS 08 - Franca, 53583103.79752661, 314280.6577925954, 2020-04-01, 154.75727300341202, 0.8163887607296749, 69.76538605202506, 0.2999375065146154, 0
DRS 08 - Franca, 77987459.69504933, 570099.4302775704, 2020-03-30, 249.6923537776193, 239.09913042287084, 206.64238450490956, 0.4141755553326516, 0
DRS 08 - Franca, 113966210.62247528, 546758.7621043071, 2020-03-30, 163.8326760071085, 70.88676655018268, 102.0261391046863, 0.6311640722508768, 0
DRS 08 - Franca, 72357368.78670762, 456595.11027929693, 2020-03-31, 129.22894669645345, 99.7858650868504, 200.05466383682545, 0.3840988946950141, 0
DRS 08 - Franca, 32682550.62946813, 613842.3477423318, 2020-04-02, 220.32901752702466, 223.58297393347792, 155.5166367717374, 0.311405353265246, 0
DRS 08 - Franca, 20604186.31125421, 513266.3268967406, 2020-04-04, 201.16927857625544, 145.72372337268325, 0.04786269063930537, 0.5159462130300358, 0
DRS 08 - Franca, 46459432.45994369, 474738.08945573133, 2020-03-30, 118.5355529031774, 174.20490382930396, 29.002417744754066, 0.7053295962291704, 0
DRS 08 - Franca, 604249.0273388794, 620559.1297650083, 2020-03-31, 223.9036297885666, 159.02779147641488, 30.83012103074609, 0.5600621411204227, 0
DRS 08 - Franca, 5295063.702698816, 371961.6961861654, 2020-04-02, 162.54079402830217, 226.9561542813126, 181.27215782751765, 0.2288777275051976, 0
DRS 08 - Franca, 38279121.420219906, 418281.5650264048, 2020-03-29, 229.28890130275923, 110.51037150880738, 119.33564290540588, 0.20924686368362158, 0
DRS 08 - Franca, 3094094.6264255727, 609890.8141804511, 2020-04-01, 230.8487950696093, 172.72820321635675, 240.94138849569697, 0.6950112101860917, 0
DRS 08 - Franca, 14116137.787068086, 386069.4835424258, 2020-03-30, 39.89024625665691, 85.54136263326396, 5.669023407676304, 0.3074949049508171, 0
DRS 08 - Franca, 34320507.95262116, 392748.41700653394, 2020-03-31, 163.1289481479178, 170.80166035130827, 126.18786696447471, 0.5579150345260484, 0
DRS 08 - Franca, 14014977.139484681, 294214.1137761252, 2020-04-02, 137.21205844116164, 141.65037195116452, 152.49646763527946, 0.5627511805865621, 0
DRS 08 - Franca, 88106587.98194043, 644633.5527723795, 2020-04-04, 189.44307735337253, 65.19735960716773, 120.13637367111936, 0.512034935330477, 0
DRS 08 - Franca, 85381448.87389387, 697146.5208739953, 2020-04-02, 93.60763553933232, 43.75450127395864, 66.97755203583141, 0.49842352675893997, 0
DRS 08 - Franca, 1181688.0831267843, 470240.85419977095, 2020-03-28, 244.8125017753982, 173.6775675851736, 135.50814551092637, 0.4591956338663352, 0
DRS 08 - Franca, 57078697.45552382, 520290.51409567014, 2020-04-01, 9.00012709870679, 181.37837639504963, 204.08980606033168, 0.3009453455074773, 0
DRS 08 - Franca, 48942010.4656718, 380404.6904566565, 2020-03-31, 225.06851723129242, 75.49988743038875, 192.70490058853932, 0.2581200015162197, 0
DRS 08 - Franca, 71339800.28236598, 633167.8359604777, 2020-03-31, 215.51071379538465, 107.45628393444395, 66.52440571117454, 0.39454076664683363, 0
DRS 08 - Franca, 1195936.3805265087, 278742.80100585986, 2020-04-02, 45.933054231848025, 234.790549957825, 147.8959615202095, 0.3654207446785086, 0
DRS 08 - Franca, 50704104.679727405, 328208.3543328014, 2020-03-31, 162.81023881102195, 159.4398039897921, 60.442012218553764, 0.7515837773317064, 0
DRS 08 - Franca, 6418496.783131754, 360254.2096062489, 2020-04-04, 202.90398656723946, 230.01619998383998, 96.10301285921419, 0.3256695703689215, 0
DRS 08 - Franca, 26583170.41217886, 250149.72951258093, 2020-04-01, 18.78413749781882, 120.53908648719282, 213.38621587662817, 0.8323153966368226, 0
DRS 08 - Franca, 12858452.768972311, 501364.0040247842, 2020-03-29, 49.32745552608812, 34.29388982904272, 219.32612586635446, 0.25970543964415427, 0
DRS 08 - Franca, 26134823.229054544, 522317.0574207711, 2020-04-03, 143.72695844409716, 183.74075284021703, 20.7600326202272, 0.6514342527306214, 0
DRS 08 - Franca, 12228779.973254811, 276433.4685720059, 2020-04-01, 245.9481406697463, 151.8521792121656, 146.69696988502483, 0.6314042744811774, 0
DRS 08 - Franca, 29710050.428466085, 613560.1829929915, 2020-04-03, 246.0380881594545, 47.20721954107359, 63.469394934018474, 0.23778591634642432, 0
DRS 08 - Franca, 1509266.1149049506, 342741.03161995125, 2020-03-29, 1.170361649024676, 134.43439585435038, 226.41355583620248, 0.36988228370790177, 0
DRS 08 - Franca, 8846239.860952562, 295771.2763635249, 2020-04-01, 240.90794797114174, 65.85087466366272, 89.1427288476919, 0.42297062255759, 0
DRS 08 - Franca, 108059.05596445058, 480482.802286058, 2020-03-29, 105.28867101173, 4.574997404009353, 20.461334142355405, 0.5314127369453541, 0
DRS 08 - Franca, 127339728.45483345, 597445.8031735762, 2020-04-02, 180.0425720821958, 181.41038653390768, 211.20661683622674, 0.6863495514058275, 0
DRS 08 - Franca, 76070438.21506077, 633867.1012545833, 2020-04-03, 209.69558922661375, 133.7128317864909, 244.39850462313996, 0.387017900157291, 0
DRS 08 - Franca, 142022859.05167425, 612967.6796194678, 2020-04-02, 129.22894669645345, 73.98418647349501, 87.78316528133617, 0.8375468685436005, 0
DRS 08 - Franca, 32326596.625788886, 600334.0585371675, 2020-03-31, 220.37142843125633, 28.03647430157266, 150.23973209164916, 0.4353473236927549, 0
DRS 08 - Franca, 13429642.805569459, 549563.3550396556, 2020-04-01, 239.32113344058152, 102.5434250476261, 92.83506934272816, 0.5171500572232655, 0
DRS 08 - Franca, 123156092.43617606, 526169.1807796652, 2020-03-28, 118.5355529031774, 174.20490382930396, 98.45450187220293, 0.7053295962291704, 0
DRS 08 - Franca, 8939699.540553022, 573792.597877278, 2020-04-04, 223.9036297885666, 207.31497051437648, 29.194164221523017, 0.5896261538664187, 0
DRS 08 - Franca, 33759253.65084891, 371961.6961861654, 2020-04-02, 238.49828379405125, 226.9561542813126, 32.331499728396025, 0.2288777275051976, 0
DRS 08 - Franca, 80600815.5260042, 537286.432052643, 2020-04-02, 55.136154542264364, 110.51037150880738, 132.77036544798796, 0.4707009728067411, 0
DRS 08 - Franca, 262716.9450146877, 668260.3775010605, 2020-03-29, 211.57448178920822, 172.72820321635675, 217.32827206413086, 0.37996172739896894, 0
DRS 08 - Franca, 24508794.748129323, 358367.68041046977, 2020-03-29, 39.89024625665691, 204.89228008676324, 206.3961965810379, 0.6521777223915897, 0
DRS 08 - Franca, 27902764.717649262, 615052.6115143013, 2020-04-02, 51.66598755747935, 145.2864321817834, 97.63679464512012, 0.49665216553887065, 0
DRS 08 - Franca, 19986834.640524406, 466242.359351157, 2020-04-03, 86.95345179254895, 169.00970648472824, 102.64438896258065, 0.4772568621491955, 0
DRS 08 - Franca, 54442148.302309185, 445321.0747042619, 2020-04-02, 227.37338200081197, 40.16773576579622, 116.02075952882338, 0.30897160453906924, 0
DRS 08 - Franca, 50500206.00585326, 618593.5028814584, 2020-04-03, 178.55328645361408, 239.94615498744704, 95.58224656561504, 0.30045929433528235, 0
DRS 08 - Franca, 64427785.20407046, 439254.582549138, 2020-03-29, 91.84939226698646, 90.3107475824397, 2.5513629723817877, 0.4821282979752552, 0
DRS 08 - Franca, 139672.20974022656, 243114.00316888944, 2020-03-30, 59.04096769712794, 181.37837639504963, 85.98718993609361, 0.36789530303786144, 0
DRS 08 - Franca, 152088430.2842931, 250815.65452001442, 2020-04-02, 182.9318160182192, 75.49988743038875, 169.3536465868205, 0.8076452721555416, 0
DRS 08 - Franca, 1433379.5897738494, 606258.3781735771, 2020-03-31, 201.44916778419454, 3.4231163691923197, 230.859253380539, 0.40350660856752174, 0
DRS 08 - Franca, 52991262.18164942, 278742.80100585986, 2020-04-02, 45.933054231848025, 117.90705501632412, 195.25725234393218, 0.3654207446785086, 0
DRS 08 - Franca, 52944048.28567635, 288474.4500009981, 2020-03-30, 209.33868219519357, 38.539194864264495, 120.14141679723625, 0.2899219817218606, 0
DRS 08 - Franca, 104447731.56717375, 223999.65247541261, 2020-04-01, 96.54562887367382, 132.56684125749567, 102.96013050166009, 0.5777457071842245, 0
DRS 08 - Franca, 67378052.34701633, 623259.4903045396, 2020-04-01, 141.1498312534548, 120.53908648719282, 95.418543931759, 0.3678989439063915, 0
DRS 08 - Franca, 12203102.15256676, 501364.0040247842, 2020-03-30, 206.44875036118341, 168.5937849735875, 219.32612586635446, 0.7504609642898141, 0
DRS 08 - Franca, 49744000.88797196, 417296.63900757354, 2020-03-30, 57.61277020366556, 3.8066190204964627, 167.9991747548504, 0.6918428131832164, 0
DRS 08 - Franca, 114550919.97487423, 426640.263986095, 2020-03-31, 99.63908757881093, 22.517928451062623, 121.51028184266573, 0.6314042744811774, 0
DRS 08 - Franca, 38358967.62467694, 613560.1829929915, 2020-03-29, 220.0769685333561, 74.6514995829282, 47.85946785509572, 0.22287068708004315, 0
DRS 08 - Franca, 70770459.95477085, 353516.2189716322, 2020-03-29, 186.68662134412557, 169.06648784815832, 210.1775632472385, 0.36988228370790177, 0
DRS 08 - Franca, 31932576.638985325, 487035.4731705872, 2020-03-30, 130.8184729719118, 136.51542959969018, 48.1797343653631, 0.7737341405311142, 0
DRS 08 - Franca, 17344828.183470514, 313479.3031962837, 2020-03-31, 105.28867101173, 233.6647850311669, 20.461334142355405, 0.5314127369453541, 0
DRS 08 - Franca, 83534071.59518039, 217042.1292965478, 2020-04-03, 243.19129826206918, 239.09913042287084, 67.88499995914049, 0.4693595457821979, 0
DRS 08 - Franca, 91555599.7153828, 562385.0732430667, 2020-04-01, 248.17166102831075, 133.7128317864909, 61.720609778543015, 0.5227811130698701, 0
DRS 08 - Franca, 118768337.22905035, 703330.2645534293, 2020-04-01, 34.12134266092187, 73.98418647349501, 175.19007501879904, 0.8375468685436005, 0
DRS 08 - Franca, 58498667.28681635, 570407.0430566422, 2020-04-02, 197.67409917994075, 107.02502389120482, 150.23973209164916, 0.3123566241682403, 0
DRS 08 - Franca, 17577949.038216155, 299588.23191288114, 2020-03-28, 239.32113344058152, 146.66892989816992, 45.75510142776527, 0.4026013678763205, 0
DRS 08 - Franca, 15622042.90981644, 350710.94428533316, 2020-04-01, 180.65480529495994, 242.6462460593273, 78.85358488775307, 0.7053295962291704, 0
DRS 08 - Franca, 3589848.0501795337, 529744.2466330132, 2020-03-31, 8.799745980984344, 248.58419061559118, 30.83012103074609, 0.19178057250801558, 0
DRS 08 - Franca, 42608095.062127106, 371961.6961861654, 2020-03-28, 111.64365061692666, 169.4151872971961, 57.69909650487682, 0.24073769678105103, 0
DRS 08 - Franca, 15569390.941858843, 654677.7182710862, 2020-03-31, 56.542158620750655, 39.92567088250843, 214.5656919569616, 0.23185334813051817, 0
DRS 08 - Franca, 62348395.409956016, 680734.9550142753, 2020-03-29, 59.41628478206476, 172.72820321635675, 130.0268528248341, 0.37996172739896894, 0
DRS 08 - Franca, 26948152.180039402, 314620.5559535138, 2020-03-28, 127.36569801633918, 229.746621933641, 138.3710871650351, 0.6869471180355071, 0
DRS 08 - Franca, 101277400.55871248, 392748.41700653394, 2020-03-28, 163.1289481479178, 62.26292234441801, 231.99451403073624, 0.6375932806647473, 0
DRS 08 - Franca, 18893339.232856534, 428128.4151610539, 2020-03-31, 85.87139526460939, 75.70317178373742, 122.98741006127867, 0.7368887344879871, 0
DRS 08 - Franca, 1203265.193700091, 591931.144677795, 2020-04-03, 189.44307735337253, 164.43921943033644, 138.08586521092533, 0.35921917869169695, 0
DRS 08 - Franca, 24004188.05575352, 229561.45238403996, 2020-03-31, 129.42570092968717, 43.75450127395864, 71.6913670316324, 0.5501359127141343, 0
DRS 08 - Franca, 90620534.538432, 492914.5487383929, 2020-04-01, 180.0396128861219, 13.077526977458662, 23.627647039584645, 0.5390917933219399, 0
DRS 08 - Franca, 39099821.75930207, 620368.5174213843, 2020-03-30, 187.3079680631528, 102.23129690874663, 124.19975916218965, 0.36789530303786144, 0
DRS 08 - Franca, 14167658.378676534, 291299.35979505663, 2020-04-04, 115.64771057728602, 75.49988743038875, 36.344873038415344, 0.2638835482395649, 0
DRS 08 - Franca, 45914046.3186836, 230106.05305614247, 2020-03-31, 201.44916778419454, 245.8741891414709, 230.859253380539, 0.23679072432192574, 0
DRS 08 - Franca, 58517222.41863895, 444721.7026972251, 2020-04-02, 45.933054231848025, 193.53165684291366, 129.0772354085549, 0.41076988782526835, 0
DRS 08 - Franca, 63228223.175040476, 386286.3257046562, 2020-04-01, 162.81023881102195, 38.539194864264495, 124.2897973266183, 0.35057641818704055, 0
DRS 08 - Franca, 40958959.341007374, 606441.0094441578, 2020-04-01, 202.90398656723946, 78.56547788107238, 249.74202714211208, 0.21457782401445338, 0
DRS 08 - Franca, 129273431.47590177, 403345.5448417585, 2020-03-28, 173.59261813995943, 25.511683721545683, 39.753863037621514, 0.7463374208519915, 0
DRS 08 - Franca, 4956121.393081994, 518978.78886390163, 2020-03-29, 187.36800066328698, 191.11903876504215, 138.25642442917461, 0.7504609642898141, 0
DRS 08 - Franca, 196671.4851559272, 522317.0574207711, 2020-04-02, 232.16673333189624, 3.8066190204964627, 167.9991747548504, 0.6701346888975136, 0
DRS 08 - Franca, 32967752.56570639, 644067.1731297516, 2020-03-31, 194.1936417394347, 156.48277078940285, 86.071818710973, 0.6314042744811774, 0
DRS 08 - Franca, 9610423.601765482, 220980.2944490302, 2020-03-29, 142.61316728453272, 221.8644721498334, 199.2454877641456, 0.4680291840547706, 0
DRS 08 - Franca, 44951972.3635964, 348404.9510415868, 2020-03-30, 105.41492135147487, 27.18201708357823, 210.1775632472385, 0.23602428541705656, 0
DRS 08 - Franca, 66881988.00028436, 537210.7844111307, 2020-04-02, 93.57381351777062, 159.24762769586013, 12.237260753634654, 0.41614250058815927, 0
DRS 08 - Franca, 70066471.98536262, 427403.99016460555, 2020-04-03, 163.66639393140179, 166.94686416970438, 44.23515049138013, 0.6992760389353896, 0
DRS 08 - Franca, 6560424.639260541, 238944.97267005252, 2020-03-29, 96.23043483016541, 239.09913042287084, 247.93328863564625, 0.4693595457821979, 0
DRS 08 - Franca, 38273046.3337738, 633867.1012545833, 2020-04-01, 148.28165788298162, 133.7128317864909, 227.72088998535315, 0.6964226519810242, 0
DRS 08 - Franca, 430970.6083778177, 472655.3652449292, 2020-03-30, 126.43776099845991, 73.98418647349501, 48.63252528063505, 0.6128411676218868, 0
DRS 08 - Franca, 15519937.500414642, 418995.98457770515, 2020-04-02, 239.35357270500543, 174.81338358433385, 100.22176379843457, 0.8166771419299468, 0
DRS 08 - Franca, 10885357.32177819, 589997.1105364149, 2020-03-28, 247.66950926667056, 102.5434250476261, 45.75510142776527, 0.4026013678763205, 0
DRS 08 - Franca, 245220.7832524322, 516494.5355907906, 2020-04-04, 236.8812050934357, 98.62767373777456, 200.80720781793843, 0.34996440176825805, 0
DRS 08 - Franca, 11911569.391253086, 620559.1297650083, 2020-04-02, 116.30920656090466, 159.02779147641488, 30.83012103074609, 0.4428680056117757, 0
DRS 08 - Franca, 80743566.60082304, 527032.17835249, 2020-04-01, 162.54079402830217, 226.9561542813126, 93.77455201862075, 0.44690161195291744, 0
DRS 08 - Franca, 55972965.92360853, 598878.8122055423, 2020-04-02, 130.3143430689002, 110.51037150880738, 47.12155180537331, 0.3326332170082276, 0