DRS 07 - Campinas, 310732136.412435, 17874.917155926018, 2020-03-30, 40.138911298969404, 5.537841656132684e-05, 0.0, 0.4898278329402708, 0.037181758027933796
DRS 07 - Campinas, 407783025.93983227, 22808.43120582996, 2020-04-01, 36.193371556783454, 4.522394482728274e-05, 0.0, 0.5602680366893664, 0.04699091277427092
DRS 07 - Campinas, 60652408.4484449, 23097.627119855162, 2020-03-31, 34.397610872511834, 1.5145027243159705e-05, 0.0, 0.3737953647117809, 0.03089016911088898
DRS 07 - Campinas, 683143552.8197249, 25252.86047494695, 2020-04-01, 46.96205598292779, 6.48312625741759e-05, 0.0, 0.5694821414244138, 0.0594360675262534
DRS 07 - Campinas, 116085928.19089663, 25279.711467103487, 2020-03-31, 20.8372381445661, 6.452668261946632e-05, 0.0, 0.7510064310422253, 0.0462433888005651
DRS 07 - Campinas, 103256069.752, 17589.39707962757, 2020-04-02, 31.86713698854456, 3.589583338369473e-05, 0.0, 0.3459487234910508, 0.03610571983848545
DRS 07 - Campinas, 275286639.465016, 20678.451366170368, 2020-04-02, 51.98174658529379, 4.0549465571844173e-05, 0.0, 0.7739284853845484, 0.05771461783553333
DRS 07 - Campinas, 8402627.643832728, 25414.541168400327, 2020-04-01, 60.85352949810138, 6.824849938383005e-05, 0.0, 0.41671954968908853, 0.03308415331689426
DRS 07 - Campinas, 263388064.12614098, 27551.05240876708, 2020-04-02, 46.90918344489728, 9.391224289020662e-05, 0.0, 0.3844562139704594, 0.04790479133418467
DRS 07 - Campinas, 130295735.6964156, 27953.006673372896, 2020-04-02, 40.64432111788846, 7.844185341671612e-05, 0.0, 0.36606815308250884, 0.04653172376346078
DRS 07 - Campinas, 362927632.75401783, 23062.01967694011, 2020-04-02, 34.87387418174336, 0.00011150003274312074, 0.0, 0.7443399193036043, 0.04805560561917864
DRS 07 - Campinas, 174702972.4215722, 17504.12608705558, 2020-03-31, 74.93951158462609, 5.584380720461568e-06, 0.0, 0.6766569158347069, 0.06087654201804735
DRS 07 - Campinas, 373375151.4484012, 20480.97274126848, 2020-04-02, 59.73024205977501, 4.211674138407836e-05, 0.0, 0.6097104020690396, 0.041540617709907156
DRS 07 - Campinas, 83561715.88204455, 22640.750411383808, 2020-04-01, 44.31697962514566, 0.00010851647477724156, 0.0, 0.590859430790706, 0.06907148766270728
DRS 07 - Campinas, 86373137.09073797, 19516.63197036258, 2020-04-01, 28.87689503019746, 8.602984606340991e-07, 0.0, 0.30297727450150796, 0.05376804582068971
DRS 07 - Campinas, 309608688.4951395, 21180.194702208875, 2020-04-02, 75.43944742829461, 8.397620084705302e-05, 0.0, 0.5985925336741192, 0.023691446381920493
DRS 07 - Campinas, 127463323.85278246, 26331.53080795685, 2020-03-30, 40.068846751512595, 6.193069070482555e-05, 0.0, 0.68394944583905, 0.02746755791591373
DRS 07 - Campinas, 175025890.67439222, 22837.664893081117, 2020-03-31, 69.71962756444492, 4.612907501764441e-06, 0.0, 0.6697315447241549, 0.065807091866976
DRS 07 - Campinas, 182817283.38684303, 17529.54047596433, 2020-03-31, 49.89363742745877, 9.5229383263568e-05, 0.0, 0.6865176722337729, 0.07009489626853065
DRS 07 - Campinas, 801660577.6590371, 26207.10876444503, 2020-03-30, 35.98563083987816, 0.00010432964186603273, 0.0, 0.41473034302062717, 0.04857813342553019
DRS 07 - Campinas, 84294738.34139085, 16711.72725728518, 2020-04-02, 46.79692707737246, 9.817488466648251e-05, 0.0, 0.6482532552144573, 0.023108720937923297
DRS 07 - Campinas, 669268639.2835273, 28327.600154406176, 2020-04-01, 38.34638201571576, 7.380083198548511e-05, 0.0, 0.7422465262928686, 0.07501916893206932
DRS 07 - Campinas, 292838687.7064622, 28781.970516925372, 2020-03-30, 26.300120788833325, 6.791868755568115e-05, 0.0, 0.32412685324267254, 0.024956092994380678
DRS 07 - Campinas, 65066086.29000878, 19527.90951132077, 2020-04-02, 59.64092620704965, 0.0001163200839324162, 0.0, 0.5328978874612553, 0.07673835086163114
DRS 07 - Campinas, 92852820.29890783, 22301.439432340074, 2020-03-31, 30.095776463125876, 4.4731584655836356e-06, 0.0, 0.5192383558577365, 0.07345263335559218
DRS 07 - Campinas, 505052777.3085749, 28657.465448795465, 2020-04-02, 38.3130082553941, 5.687242828744242e-05, 0.0, 0.767745595826471, 0.03818090621942151
DRS 07 - Campinas, 181421480.14439487, 25310.812984755605, 2020-03-30, 63.9459887885755, 9.365548135074511e-05, 0.0, 0.5983349374133776, 0.06635992477937466
DRS 07 - Campinas, 295025776.3426319, 18626.102588864906, 2020-03-30, 78.94109641031868, 3.6483623678825384e-05, 0.0, 0.7397976742675769, 0.020060820330575116
DRS 07 - Campinas, 191786298.31646237, 16997.834346566484, 2020-03-30, 46.03370338278884, 7.068109744315491e-05, 0.0, 0.41808019572024185, 0.028364718914189596
DRS 07 - Campinas, 508714385.70742893, 24387.89877535602, 2020-04-01, 66.37816944148116, 3.120724773907609e-05, 0.0, 0.557420450760463, 0.03796040940804228
DRS 07 - Campinas, 128797557.88577645, 22419.714958316836, 2020-04-01, 27.41984261215771, 0.00010513004533771141, 0.0, 0.3909575854773295, 0.052396156075424416
DRS 07 - Campinas, 684050688.6036124, 27241.683398275636, 2020-04-02, 40.30451672605439, 2.1072592318706575e-05, 0.0, 0.3675962153811513, 0.05145895411143969
DRS 07 - Campinas, 85914897.68642735, 23861.265059152396, 2020-03-31, 27.073494324542224, 6.077875838955007e-05, 0.0, 0.7517028578411185, 0.04137135319296767
DRS 07 - Campinas, 38208357.87122244, 22857.18320932415, 2020-03-31, 63.5490299227074, 1.6503030558376085e-05, 0.0, 0.5877881206857458, 0.022036070281184462
DRS 07 - Campinas, 633185120.0991919, 26496.70281823582, 2020-03-30, 52.544185480849535, 3.243283207410388e-05, 0.0, 0.4055841104747175, 0.04720248571033753
DRS 07 - Campinas, 176408727.07483268, 17874.917155926018, 2020-03-30, 49.28382810524479, 4.687520525664689e-05, 0.0, 0.4898278329402708, 0.03808422439449919
DRS 07 - Campinas, 581036132.3776473, 23225.28737654005, 2020-04-01, 36.193371556783454, 7.89206324506771e-05, 0.0, 0.5602680366893664, 0.04699091277427092
DRS 07 - Campinas, 380145963.14190495, 23097.627119855162, 2020-04-02, 34.397610872511834, 1.5145027243159705e-05, 0.0, 0.3737953647117809, 0.03804117792511834
DRS 07 - Campinas, 862193981.1748154, 27103.6862320503, 2020-03-31, 46.96205598292779, 6.48312625741759e-05, 0.0, 0.3938430028163661, 0.06716231244885813
DRS 07 - Campinas, 129404638.12466475, 25279.711467103487, 2020-03-31, 57.666310438775724, 6.452668261946632e-05, 0.0, 0.6593888179450886, 0.0462433888005651
DRS 07 - Campinas, 58112723.2535255, 25489.641223231578, 2020-03-31, 61.22375549613321, 2.197895231953697e-05, 0.0, 0.3459487234910508, 0.03610571983848545
DRS 07 - Campinas, 278061160.3948633, 20678.451366170368, 2020-04-02, 34.14328789735552, 2.0191521181515927e-05, 0.0, 0.4154299262935855, 0.06766108382864018
DRS 07 - Campinas, 314727764.3467498, 29593.549018294972, 2020-03-31, 60.85352949810138, 6.824849938383005e-05, 0.0, 0.4274944340671463, 0.07567573025897414
DRS 07 - Campinas, 405494297.09966105, 20248.784668796172, 2020-04-02, 23.03745395563089, 5.374381280650677e-05, 0.0, 0.3844562139704594, 0.0768818635722074
DRS 07 - Campinas, 113684041.67027508, 29281.56779230646, 2020-03-30, 34.61238298440844, 7.844185341671612e-05, 0.0, 0.7949037761973106, 0.04653172376346078
DRS 07 - Campinas, 225911961.8286165, 29324.442094019803, 2020-04-01, 34.87387418174336, 0.00011150003274312074, 0.0, 0.39307620860264253, 0.04805560561917864
DRS 07 - Campinas, 444105409.1147721, 26756.132639472038, 2020-03-31, 51.79006330358868, 4.294338191688358e-05, 0.0, 0.78886717911906, 0.06087654201804735
DRS 07 - Campinas, 360483650.67178965, 21095.545334810013, 2020-04-01, 59.73024205977501, 5.719169948402306e-05, 0.0, 0.6936329533648127, 0.041540617709907156
DRS 07 - Campinas, 76781170.64016862, 22640.750411383808, 2020-04-01, 37.659598162704164, 4.245592985131369e-05, 0.0, 0.4560310957188586, 0.028830651107400504
DRS 07 - Campinas, 119689260.87894505, 19516.63197036258, 2020-04-01, 24.06234154267312, 2.8312391961665164e-05, 0.0, 0.30297727450150796, 0.04151876004195357
DRS 07 - Campinas, 333431133.1599292, 19127.144018683324, 2020-03-30, 70.66943407377332, 8.397620084705302e-05, 0.0, 0.5985925336741192, 0.027661400982080267
DRS 07 - Campinas, 23979021.87402588, 23180.052973321435, 2020-03-30, 32.20342067312646, 6.340596088298266e-05, 0.0, 0.6163218693706831, 0.027042252239164517
DRS 07 - Campinas, 662030697.4963496, 23682.215221826984, 2020-03-31, 22.406275759620026, 4.612907501764441e-06, 0.0, 0.3001477991919939, 0.04356194101609134
DRS 07 - Campinas, 83703876.46091077, 22457.047816774735, 2020-03-31, 20.882670779605515, 9.5229383263568e-05, 0.0, 0.5722222687911731, 0.03881855255505011
DRS 07 - Campinas, 149984462.36598969, 26207.10876444503, 2020-03-31, 36.097412325983086, 4.0491180041755115e-07, 0.0, 0.6576355751847389, 0.04414912059055234
DRS 07 - Campinas, 8968032.913088664, 16711.72725728518, 2020-04-02, 46.79692707737246, 9.817488466648251e-05, 0.0, 0.6482532552144573, 0.023859328958108467
DRS 07 - Campinas, 352394303.35040736, 22302.246077859985, 2020-04-02, 64.47010355451422, 6.752270470682285e-05, 0.0, 0.7639807450575672, 0.06315557067197952
DRS 07 - Campinas, 414020252.6039282, 22187.633232693497, 2020-03-31, 51.32287510858324, 9.321051738296812e-05, 0.0, 0.32412685324267254, 0.05647523723174132
DRS 07 - Campinas, 591379968.1902264, 28578.634945968704, 2020-04-02, 31.13804695300985, 0.00011011397616344446, 0.0, 0.7315549478202048, 0.05567104581006217
DRS 07 - Campinas, 264665167.87727994, 21490.541728883807, 2020-03-31, 30.095776463125876, 0.00011720669731230633, 0.0, 0.6011555003125618, 0.07020143807065024
DRS 07 - Campinas, 752925081.5764164, 26547.520349114777, 2020-03-30, 59.26150959571511, 5.505904698015364e-05, 0.0, 0.767745595826471, 0.06210811780375844
DRS 07 - Campinas, 591176854.7522643, 25310.812984755605, 2020-04-01, 20.687338650799745, 9.365548135074511e-05, 0.0, 0.35832548657529606, 0.043726145150285556
DRS 07 - Campinas, 961273950.6657081, 28824.31054458281, 2020-03-30, 46.58581572186873, 3.6483623678825384e-05, 0.0, 0.5566611635180148, 0.05313798606217035
DRS 07 - Campinas, 96319354.14267462, 21591.085208263507, 2020-04-01, 46.03370338278884, 0.00011110715007150766, 0.0, 0.5663491033364105, 0.05885137596545041
DRS 07 - Campinas, 545567553.1837859, 24387.89877535602, 2020-04-01, 58.25168969197468, 3.120724773907609e-05, 0.0, 0.3071015025615989, 0.03796040940804228
DRS 07 - Campinas, 497999954.2601438, 22419.714958316836, 2020-04-01, 27.41984261215771, 8.283156701842994e-05, 0.0, 0.7342976151931386, 0.040329766753668506
DRS 07 - Campinas, 831513957.4160883, 29777.000737690832, 2020-04-01, 40.30451672605439, 6.451254706546447e-05, 0.0, 0.3675962153811513, 0.05145895411143969
DRS 07 - Campinas, 202798045.5594623, 23861.265059152396, 2020-03-31, 43.613549039726436, 6.077875838955007e-05, 0.0, 0.7517028578411185, 0.04137135319296767
DRS 07 - Campinas, 61718152.60929981, 20160.678381171605, 2020-04-01, 79.38874058634765, 3.82683413082565e-05, 0.0, 0.3602433823984608, 0.06289912603025044
DRS 07 - Campinas, 11462120.113821924, 20278.705970649047, 2020-03-30, 33.259405365805506, 7.385266471805936e-05, 0.0, 0.6801108088729684, 0.044842115073738045
DRS 07 - Campinas, 644862886.2849047, 23913.031429248378, 2020-03-30, 27.626465565121173, 5.537841656132684e-05, 0.0, 0.4536487207622439, 0.028068274163852023
DRS 07 - Campinas, 437361816.7561873, 23225.28737654005, 2020-04-02, 36.193371556783454, 8.061984569037372e-05, 0.0, 0.45401603192296175, 0.04699091277427092
DRS 07 - Campinas, 116097246.69446781, 20988.126369702786, 2020-04-02, 45.06343475081159, 2.234892266021149e-05, 0.0, 0.3737953647117809, 0.040682782340212637
DRS 07 - Campinas, 769289525.7155472, 27019.40155061571, 2020-04-02, 24.183055271477176, 6.48312625741759e-05, 0.0, 0.6739454144589674, 0.05364015990157944
DRS 07 - Campinas, 66204090.92927437, 21791.495330572732, 2020-03-30, 57.666310438775724, 6.452668261946632e-05, 0.0, 0.4039132912445778, 0.021023347679155494
DRS 07 - Campinas, 167078231.07030204, 17589.39707962757, 2020-04-01, 28.273013291247917, 3.589583338369473e-05, 0.0, 0.7265253936850125, 0.028222854646404994
DRS 07 - Campinas, 229645082.05689716, 26302.62864136616, 2020-04-02, 39.3411642172452, 1.9955789334583563e-06, 0.0, 0.4154299262935855, 0.04273938771026342
DRS 07 - Campinas, 531835985.21366996, 26872.436935328864, 2020-03-31, 60.57445409740644, 6.824849938383005e-05, 0.0, 0.5928588828840127, 0.07477270322017356
DRS 07 - Campinas, 109306235.13873348, 20248.784668796172, 2020-04-02, 40.19077669342696, 9.086490378547707e-05, 0.0, 0.3844562139704594, 0.0412030217087222
DRS 07 - Campinas, 167997109.5373493, 24914.174385927276, 2020-04-02, 45.843866867234496, 2.0327667064016096e-06, 0.0, 0.3650190282211311, 0.059742815720082346
DRS 07 - Campinas, 455005443.9038819, 24560.146482555436, 2020-03-31, 72.31021397696333, 2.1116751910035082e-05, 0.0, 0.7499521799602931, 0.04805560561917864
DRS 07 - Campinas, 615602745.3267157, 27725.77593588388, 2020-03-31, 51.79006330358868, 4.294338191688358e-05, 0.0, 0.78886717911906, 0.06087654201804735
DRS 07 - Campinas, 391240328.04283404, 20480.97274126848, 2020-04-01, 35.6201650671803, 3.1920602708668915e-05, 0.0, 0.6893648644528412, 0.041540617709907156
DRS 07 - Campinas, 358655767.3960186, 19461.923454931366, 2020-04-01, 50.297255310665875, 0.00010897008971188984, 0.0, 0.5956153721102702, 0.0739326695607619
DRS 07 - Campinas, 128756745.68441132, 17693.179837045525, 2020-04-01, 24.06234154267312, 2.8312391961665164e-05, 0.0, 0.6191183836144719, 0.034051137285462
DRS 07 - Campinas, 426420211.8636117, 22571.690175891217, 2020-03-30, 70.66943407377332, 8.397620084705302e-05, 0.0, 0.4352713061017591, 0.03448665516060134
DRS 07 - Campinas, 177071325.24837595, 24365.88706252133, 2020-03-30, 51.007880069334334, 6.074170264167826e-05, 0.0, 0.5107616367183203, 0.0733633949935889
DRS 07 - Campinas, 249009964.37605286, 23682.215221826984, 2020-04-02, 39.328585322042684, 4.612907501764441e-06, 0.0, 0.7913923155199794, 0.04356194101609134
DRS 07 - Campinas, 277860600.4961077, 17529.54047596433, 2020-04-02, 49.89363742745877, 4.396961447196544e-05, 0.0, 0.4083782887374343, 0.06679682778574052
DRS 07 - Campinas, 499178046.61320454, 22092.460311545605, 2020-03-30, 77.70708054323141, 2.087046420140105e-05, 0.0, 0.5977621853754784, 0.04857813342553019
DRS 07 - Campinas, 80076261.81052336, 20599.023271337413, 2020-04-02, 48.99370399999883, 8.793932835695606e-05, 0.0, 0.4285388254034151, 0.023108720937923297
DRS 07 - Campinas, 133007330.07527967, 21666.740295840096, 2020-04-01, 52.494275149306894, 4.376585799326776e-05, 0.0, 0.6996848771677353, 0.024226016710248682
DRS 07 - Campinas, 361731838.6874373, 22187.633232693497, 2020-03-31, 51.32287510858324, 5.671956060225067e-05, 0.0, 0.6527792000973913, 0.05308731803249933
DRS 07 - Campinas, 129103216.38400489, 28578.634945968704, 2020-04-02, 42.209817221277845, 4.288105721477712e-05, 0.0, 0.7315549478202048, 0.05567104581006217
DRS 07 - Campinas, 392976444.6581874, 21545.263371191748, 2020-04-02, 58.94215641245824, 0.00011720669731230633, 0.0, 0.3168366943262613, 0.05942955800644166
DRS 07 - Campinas, 76399384.3390311, 17468.110499262377, 2020-04-01, 40.817707474833796, 4.300095979258667e-05, 0.0, 0.41469631248908984, 0.021114418508286322
DRS 07 - Campinas, 82902519.35872042, 25310.812984755605, 2020-04-01, 56.36088778097321, 0.00011200018629448724, 0.0, 0.49361561989040054, 0.043726145150285556
DRS 07 - Campinas, 493195978.3859242, 29280.100393302462, 2020-03-31, 22.069108488384263, 3.6483623678825384e-05, 0.0, 0.36269983146820367, 0.05540321917362295
DRS 07 - Campinas, 57112620.39585517, 16997.834346566484, 2020-03-30, 46.03370338278884, 7.068109744315491e-05, 0.0, 0.41808019572024185, 0.03641969868372147
DRS 07 - Campinas, 622016462.2237155, 24387.89877535602, 2020-04-01, 47.850283482228605, 8.13906078826e-05, 0.0, 0.687964117173812, 0.05943985650606687
DRS 07 - Campinas, 378069444.41400206, 22419.714958316836, 2020-04-01, 73.89248317750506, 9.781967743612779e-05, 0.0, 0.41000041750714644, 0.040329766753668506
DRS 07 - Campinas, 410577641.8576999, 23845.765721476982, 2020-04-01, 45.836940563768536, 6.451254706546447e-05, 0.0, 0.6269274211393987, 0.05117548003559462
DRS 07 - Campinas, 89695835.26132727, 20358.450675601547, 2020-04-01, 43.613549039726436, 7.0476078114025005e-06, 0.0, 0.7517028578411185, 0.026155488228850367
DRS 07 - Campinas, 404461393.714268, 22857.18320932415, 2020-04-01, 63.5490299227074, 9.459951286358434e-06, 0.0, 0.5978156146156339, 0.03215740528012249
DRS 07 - Campinas, 577816846.3614728, 22727.055167556864, 2020-04-01, 35.810409997546415, 7.102409430256774e-05, 0.0, 0.4055841104747175, 0.03782785208377332
DRS 07 - Campinas, 126331058.39340241, 19874.562220578493, 2020-03-30, 59.571454628582366, 6.441886746962772e-05, 0.0, 0.7134225922952862, 0.028068274163852023
DRS 07 - Campinas, 438026268.11693084, 21317.881633537272, 2020-04-01, 28.03948646271987, 3.983316023079432e-05, 0.0, 0.5602680366893664, 0.04699091277427092
DRS 07 - Campinas, 228217332.99919206, 27294.916708767887, 2020-04-02, 26.281440294491883, 0.00011345776851996028, 0.0, 0.5803402606395176, 0.03804117792511834
DRS 07 - Campinas, 55697570.83737993, 23165.98539153618, 2020-03-30, 37.1936692327036, 6.48312625741759e-05, 0.0, 0.5704027954369433, 0.061114091281446806
DRS 07 - Campinas, 33519369.86921294, 25279.711467103487, 2020-03-31, 57.666310438775724, 4.881620507648987e-05, 0.0, 0.6593888179450886, 0.058262896390006216
DRS 07 - Campinas, 240924967.374708, 17589.39707962757, 2020-04-02, 39.56013712293028, 1.2843752294718278e-05, 0.0, 0.7265253936850125, 0.04196073428679137
DRS 07 - Campinas, 96957839.52554567, 24304.819137300754, 2020-03-30, 60.127104159397376, 2.0191521181515927e-05, 0.0, 0.5739621473073666, 0.06766108382864018
DRS 07 - Campinas, 409012396.2356447, 23204.271416680844, 2020-03-31, 60.57445409740644, 6.824849938383005e-05, 0.0, 0.6529601692417346, 0.05497741917390889
DRS 07 - Campinas, 68983714.76001094, 18844.51768725961, 2020-04-02, 25.64307104309312, 5.374381280650677e-05, 0.0, 0.3844562139704594, 0.035658713722518234
DRS 07 - Campinas, 236288208.93333367, 27349.646857561078, 2020-04-02, 39.05392817361741, 5.1778177189637005e-05, 0.0, 0.4451844221932953, 0.059742815720082346
DRS 07 - Campinas, 524609037.8899189, 25905.58072546876, 2020-03-30, 50.288503845426014, 5.0870606386890535e-05, 0.0, 0.7499521799602931, 0.07130425210311069
DRS 07 - Campinas, 248164906.84294483, 25195.26976557049, 2020-04-02, 34.76310463534522, 1.0315304890674426e-05, 0.0, 0.4387966204238295, 0.04217412426207269
DRS 07 - Campinas, 24092154.305833578, 16678.072078744473, 2020-03-31, 35.6201650671803, 3.1920602708668915e-05, 0.0, 0.4381201805225477, 0.041540617709907156
DRS 07 - Campinas, 337211610.8545773, 20074.480562992016, 2020-04-02, 27.242714689630446, 3.974503395830947e-05, 0.0, 0.34574054632936335, 0.07494677429500077
DRS 07 - Campinas, 182138997.26993263, 26750.170611391815, 2020-04-01, 24.06234154267312, 0.00011154654758743521, 0.0, 0.4790381202055406, 0.039331860018589286
DRS 07 - Campinas, 218364155.4935186, 18900.324459683798, 2020-04-01, 26.41258079343287, 8.397620084705302e-05, 0.0, 0.6799249849584332, 0.03448665516060134
DRS 07 - Campinas, 22789288.840836942, 21380.44036861905, 2020-04-01, 39.63445624067792, 6.074170264167826e-05, 0.0, 0.7894567324394719, 0.06878424943504255
DRS 07 - Campinas, 97098582.89630835, 25873.196776317454, 2020-03-30, 42.19992480029974, 4.612907501764441e-06, 0.0, 0.5743273381235316, 0.03706228646699389
DRS 07 - Campinas, 447831262.9138763, 29913.415371435898, 2020-03-31, 57.3006158725662, 4.396961447196544e-05, 0.0, 0.640265758453479, 0.03988495524967821
DRS 07 - Campinas, 677542022.4720792, 26963.51078630966, 2020-03-30, 35.98563083987816, 0.00010432964186603273, 0.0, 0.6805785662877664, 0.0592527738612825
DRS 07 - Campinas, 152015896.30768728, 27727.39455278487, 2020-03-30, 46.79692707737246, 9.082798443786136e-05, 0.0, 0.6482532552144573, 0.05983710002987469
DRS 07 - Campinas, 263296563.90115136, 28327.600154406176, 2020-04-01, 38.34638201571576, 1.186633310118234e-05, 0.0, 0.5290182674487751, 0.028508559801839313
DRS 07 - Campinas, 137810129.5347896, 22187.633232693497, 2020-04-02, 21.643888927177734, 9.275465012506876e-05, 0.0, 0.7511119134433555, 0.04809484183034943
DRS 07 - Campinas, 523875432.6804126, 21999.208807016577, 2020-03-30, 31.13804695300985, 7.186988460792723e-05, 0.0, 0.45086788877540207, 0.06425252334802332
DRS 07 - Campinas, 269188039.48357207, 23551.445642044517, 2020-04-02, 56.21461125747147, 3.0507135348833613e-05, 0.0, 0.5275038450840208, 0.05942955800644166
DRS 07 - Campinas, 708936411.4152817, 28238.078347649443, 2020-03-30, 71.93146473529374, 4.0005855521747684e-05, 0.0, 0.487498254807582, 0.07468433965255997
DRS 07 - Campinas, 264056069.2372459, 28960.934818206093, 2020-03-31, 20.687338650799745, 9.365548135074511e-05, 0.0, 0.7360757322770517, 0.043726145150285556
DRS 07 - Campinas, 94054410.21335661, 28824.31054458281, 2020-03-30, 37.606375697109655, 9.622651421342741e-06, 0.0, 0.571576766845086, 0.046043014968317614
DRS 07 - Campinas, 406780.7751875371, 16997.834346566484, 2020-04-02, 22.510221933153332, 7.068109744315491e-05, 0.0, 0.531669273731237, 0.028364718914189596
DRS 07 - Campinas, 113676900.52127062, 27618.06100095837, 2020-03-31, 42.77856075026806, 8.13906078826e-05, 0.0, 0.6777548272644649, 0.03257016058752046
DRS 07 - Campinas, 372338729.90224123, 21911.313844886616, 2020-04-01, 61.783055973790624, 0.00010432741473713295, 0.0, 0.5492771059991236, 0.05573088042094827
DRS 07 - Campinas, 269876324.9487438, 29777.000737690832, 2020-04-01, 65.78738131341984, 2.5199002053908337e-05, 0.0, 0.47145234265817326, 0.07270850386203406
DRS 07 - Campinas, 126357598.791078, 23263.53953958376, 2020-03-31, 43.613549039726436, 9.236756266900643e-05, 0.0, 0.4727129876773954, 0.04137135319296767
DRS 07 - Campinas, 157670830.3145224, 25013.96627706423, 2020-04-02, 37.070196542734806, 1.4342975299949377e-05, 0.0, 0.5978156146156339, 0.03215740528012249
DRS 07 - Campinas, 707528892.044842, 25215.73579621187, 2020-04-02, 52.544185480849535, 3.243283207410388e-05, 0.0, 0.4055841104747175, 0.06920796792787783
DRS 07 - Campinas, 140375405.364725, 16765.974183665036, 2020-03-30, 50.83708589376481, 4.245815299903398e-05, 0.0, 0.4536487207622439, 0.07414695885469369
DRS 07 - Campinas, 159301149.24352324, 23225.28737654005, 2020-04-01, 46.81335517868695, 6.288350408680939e-05, 0.0, 0.5232881952843587, 0.03581340100829847
DRS 07 - Campinas, 401147223.0107434, 28992.681606756345, 2020-04-01, 57.32822399094201, 3.579883174479138e-06, 0.0, 0.44698624622903693, 0.03804117792511834
DRS 07 - Campinas, 672823070.5778754, 29251.646717846364, 2020-03-31, 38.031893568981474, 2.4231833501236538e-05, 0.0, 0.7740210913998191, 0.06716231244885813
DRS 07 - Campinas, 431894543.1473269, 24197.97129833163, 2020-04-02, 20.72744959691932, 8.911541886573289e-05, 0.0, 0.6843438887783324, 0.04632810373932232
DRS 07 - Campinas, 158447597.01742634, 17589.39707962757, 2020-04-01, 48.13222177269917, 1.2843752294718278e-05, 0.0, 0.7289012121699712, 0.07847467648079488
DRS 07 - Campinas, 80688725.28501081, 18938.940602388004, 2020-04-01, 44.601423265606044, 0.00011150909386606022, 0.0, 0.4154299262935855, 0.06960821024679215
DRS 07 - Campinas, 83698129.06312266, 20511.311632735626, 2020-03-31, 45.288158901413034, 3.9924636953697305e-05, 0.0, 0.5928588828840127, 0.0573297726238345
DRS 07 - Campinas, 116173399.96385379, 21614.24434251951, 2020-04-01, 48.458900475766285, 4.332138078267537e-05, 0.0, 0.32150919247968573, 0.07631580497602163
DRS 07 - Campinas, 263425208.1578877, 27349.646857561078, 2020-04-01, 39.05392817361741, 6.662606260552852e-05, 0.0, 0.6778303755882851, 0.0522086006616759
DRS 07 - Campinas, 135835321.55056456, 19902.738005316314, 2020-03-30, 50.288503845426014, 4.846467479466005e-05, 0.0, 0.7464965292681273, 0.0703247466339746
DRS 07 - Campinas, 469649510.18540525, 22166.238811302057, 2020-03-31, 48.40824147857596, 4.294338191688358e-05, 0.0, 0.7713886222870596, 0.06087654201804735
DRS 07 - Campinas, 172507566.0943162, 25078.369296195386, 2020-03-30, 35.6201650671803, 8.374309504098002e-05, 0.0, 0.3202321806278562, 0.07883581556801623
DRS 07 - Campinas, 247410738.77459177, 21807.52296647257, 2020-03-30, 50.297255310665875, 1.7340293465915526e-05, 0.0, 0.7101924471867869, 0.06521190426779225
DRS 07 - Campinas, 626238833.9405156, 26750.170611391815, 2020-03-31, 64.73646619095592, 1.269281476725448e-06, 0.0, 0.4790381202055406, 0.039331860018589286
DRS 07 - Campinas, 48798755.49645133, 17993.99940700218, 2020-03-30, 53.94901130612199, 5.044951773894464e-05, 0.0, 0.4657670165084995, 0.05707516037699367
DRS 07 - Campinas, 146364250.53629825, 27000.04976813039, 2020-04-01, 39.88034272908624, 8.701441825331786e-05, 0.0, 0.7289111994828317, 0.0733633949935889
DRS 07 - Campinas, 186477342.94592822, 23051.187685701938, 2020-03-31, 59.66274820661231, 8.94500886557222e-05, 0.0, 0.3001477991919939, 0.04356194101609134
DRS 07 - Campinas, 392918207.1776763, 20683.46086770448, 2020-04-02, 57.3006158725662, 4.396961447196544e-05, 0.0, 0.640265758453479, 0.06109456893049367
DRS 07 - Campinas, 674856637.5532391, 25133.383797618284, 2020-03-31, 59.46600642360645, 7.61380126547165e-05, 0.0, 0.6465810807091457, 0.051144215961173176
DRS 07 - Campinas, 70890526.32062824, 27727.39455278487, 2020-04-01, 27.30857939450694, 9.082798443786136e-05, 0.0, 0.4325710131772272, 0.03602005774923614
DRS 07 - Campinas, 232564842.17749065, 27148.100710259365, 2020-04-01, 61.085092740375075, 4.877778711181413e-05, 0.0, 0.5197222890871145, 0.04980256828917453
DRS 07 - Campinas, 431001300.1394262, 22187.633232693497, 2020-04-02, 51.32287510858324, 5.4911063262708504e-05, 0.0, 0.32412685324267254, 0.05647523723174132
DRS 07 - Campinas, 81392472.81370294, 23769.001544629544, 2020-03-30, 31.13804695300985, 4.05614638511431e-06, 0.0, 0.7315549478202048, 0.05574974976231599
DRS 07 - Campinas, 276716137.975558, 29680.648299531218, 2020-03-31, 62.80119316370361, 4.7792786346053314e-05, 0.0, 0.3168366943262613, 0.05942955800644166
DRS 07 - Campinas, 287998069.09440875, 21065.778171302136, 2020-04-01, 37.48646001036609, 5.505904698015364e-05, 0.0, 0.767745595826471, 0.042449275125925084
DRS 07 - Campinas, 37358086.92938754, 19343.85994490663, 2020-03-31, 71.08319000537898, 9.612712883441687e-05, 0.0, 0.35832548657529606, 0.05671886257479801
DRS 07 - Campinas, 279373893.08859277, 28824.31054458281, 2020-03-30, 56.924071303903126, 3.6483623678825384e-05, 0.0, 0.5566611635180148, 0.0705845889541887
DRS 07 - Campinas, 87749749.40876187, 21029.038887546325, 2020-03-30, 52.537833388315896, 7.068109744315491e-05, 0.0, 0.4947056744403248, 0.04057829768899458
DRS 07 - Campinas, 199720952.47845322, 24387.89877535602, 2020-04-01, 67.47633443792569, 0.00010091669827469168, 0.0, 0.3288110091957757, 0.057028736642277755
DRS 07 - Campinas, 610383941.5994233, 27414.06848139759, 2020-03-30, 27.41984261215771, 8.283156701842994e-05, 0.0, 0.7342976151931386, 0.05185968515510009
DRS 07 - Campinas, 369246222.55292654, 29777.000737690832, 2020-04-01, 59.21303272316669, 6.920554490243144e-05, 0.0, 0.7435967109189282, 0.038891223823875
DRS 07 - Campinas, 421958565.34690297, 23861.265059152396, 2020-03-31, 54.62113543834616, 6.077875838955007e-05, 0.0, 0.7436070014520944, 0.04137135319296767
DRS 07 - Campinas, 141670252.944945, 25244.841394928175, 2020-04-01, 29.632872005526128, 8.766931033855541e-05, 0.0, 0.7552322502332501, 0.05645049548427383
DRS 07 - Campinas, 188589498.0519731, 24410.32337526163, 2020-03-31, 23.316634237089453, 3.243283207410388e-05, 0.0, 0.4055841104747175, 0.06920796792787783
DRS 07 - Campinas, 82084431.08125897, 20451.59058856524, 2020-04-01, 56.72067224442207, 5.537841656132684e-05, 0.0, 0.4536487207622439, 0.033619066904197845
DRS 07 - Campinas, 291817436.50576, 25853.573214806474, 2020-04-01, 35.892067534814885, 7.89206324506771e-05, 0.0, 0.5602680366893664, 0.03970995417141429
DRS 07 - Campinas, 95151506.53017747, 29048.218179208485, 2020-03-31, 49.07588513180242, 3.579883174479138e-06, 0.0, 0.5935330549910394, 0.05880066252124641
DRS 07 - Campinas, 155490095.79213738, 24821.31703555202, 2020-03-30, 53.39616257705828, 3.205406234857645e-05, 0.0, 0.3938430028163661, 0.06716231244885813
DRS 07 - Campinas, 190690650.82377404, 26553.397363642303, 2020-04-02, 20.72744959691932, 3.978020145597718e-05, 0.0, 0.43824214535262795, 0.04632810373932232
DRS 07 - Campinas, 100296854.67607366, 17589.39707962757, 2020-04-02, 59.006483972656355, 3.395632886849375e-05, 0.0, 0.5134282322036003, 0.05727283677763076
DRS 07 - Campinas, 72036953.78002852, 21784.810688022702, 2020-04-02, 57.10476507552247, 2.0191521181515927e-05, 0.0, 0.4154299262935855, 0.052832923453538974
DRS 07 - Campinas, 253298529.19708437, 17203.620678353618, 2020-04-02, 39.0023052284443, 2.63500468919604e-05, 0.0, 0.5928588828840127, 0.07477270322017356
DRS 07 - Campinas, 276523383.9102004, 20248.784668796172, 2020-04-02, 23.03745395563089, 0.00010196022588507035, 0.0, 0.3844562139704594, 0.0768818635722074
DRS 07 - Campinas, 618163650.6749662, 27349.646857561078, 2020-04-01, 39.05392817361741, 6.662606260552852e-05, 0.0, 0.6778303755882851, 0.032742516309173
DRS 07 - Campinas, 716698538.284941, 27013.912948095123, 2020-03-30, 50.288503845426014, 8.233099343807969e-05, 0.0, 0.603353091227459, 0.05597475407332346
DRS 07 - Campinas, 602167272.7509427, 27725.77593588388, 2020-04-02, 51.79006330358868, 4.9039406044133635e-05, 0.0, 0.78886717911906, 0.02178434757409467
DRS 07 - Campinas, 307793630.22697, 20480.97274126848, 2020-03-31, 50.98336630861701, 7.381689352413111e-05, 0.0, 0.5594977082643356, 0.06160999007414639
DRS 07 - Campinas, 232856759.28793126, 29684.924458758378, 2020-04-01, 43.19119728947859, 5.0162400505910824e-05, 0.0, 0.5789481395360363, 0.0739326695607619
DRS 07 - Campinas, 601986361.7352911, 26094.489097030608, 2020-03-30, 64.73646619095592, 9.311950266472862e-05, 0.0, 0.40637660000576536, 0.06354193357509492
DRS 07 - Campinas, 290539056.90719473, 22571.690175891217, 2020-03-30, 70.66943407377332, 2.0621933643688163e-05, 0.0, 0.3713834187328275, 0.026607972314492953
DRS 07 - Campinas, 369237131.60541785, 22959.33067684997, 2020-04-02, 51.007880069334334, 6.074170264167826e-05, 0.0, 0.7876535090128522, 0.04665608546798196
DRS 07 - Campinas, 120102991.62157972, 18770.481005926482, 2020-03-31, 40.242253575142, 1.4066581129128262e-05, 0.0, 0.6688074897258286, 0.02234939939252544
DRS 07 - Campinas, 68160789.39156416, 20328.079520943662, 2020-03-31, 57.3006158725662, 8.739142910572244e-05, 0.0, 0.5867845399646567, 0.03988495524967821
DRS 07 - Campinas, 604604764.0100343, 26057.498192297237, 2020-03-30, 39.297957834242325, 0.00010432964186603273, 0.0, 0.41473034302062717, 0.04857813342553019
DRS 07 - Campinas, 413059993.90102786, 26100.32905291628, 2020-03-30, 64.78481279362506, 9.082798443786136e-05, 0.0, 0.5180688603536272, 0.02006160148098984
DRS 07 - Campinas, 704193097.0524924, 28327.600154406176, 2020-04-01, 38.34638201571576, 8.157090134963042e-05, 0.0, 0.5409536459384728, 0.040085841510927395
DRS 07 - Campinas, 56555390.5214467, 21611.611839655277, 2020-03-30, 78.79343810108512, 5.4911063262708504e-05, 0.0, 0.32412685324267254, 0.03239916727871662
DRS 07 - Campinas, 690838945.4936876, 28578.634945968704, 2020-04-02, 64.43753255337336, 3.17335173611728e-05, 0.0, 0.6711712718370142, 0.03382077732909474
DRS 07 - Campinas, 338327681.2933354, 21545.263371191748, 2020-04-01, 50.16476777746517, 8.688461881580489e-05, 0.0, 0.5032443074820202, 0.04929769639328502
DRS 07 - Campinas, 168907424.2359697, 25125.98346497948, 2020-04-02, 59.26150959571511, 0.00011102749102982912, 0.0, 0.38973145330215875, 0.06210811780375844
DRS 07 - Campinas, 132494784.78550312, 26673.30809299848, 2020-04-01, 74.9824169748023, 9.365548135074511e-05, 0.0, 0.781124324458031, 0.043726145150285556
DRS 07 - Campinas, 150507280.68281287, 16042.42609842632, 2020-03-30, 51.56065329001402, 3.0296361444509358e-06, 0.0, 0.42774125433190313, 0.05313798606217035
DRS 07 - Campinas, 230559395.03261536, 19952.9538115245, 2020-03-30, 67.25768239043984, 7.068109744315491e-05, 0.0, 0.7822370931591361, 0.028996542303953772
DRS 07 - Campinas, 237812298.5315122, 26408.87823147192, 2020-04-01, 47.850283482228605, 8.13906078826e-05, 0.0, 0.3785851034428149, 0.05943985650606687
DRS 07 - Campinas, 260829251.74868008, 27414.06848139759, 2020-03-31, 60.2452343501661, 8.283156701842994e-05, 0.0, 0.7342976151931386, 0.05247945090586463
DRS 07 - Campinas, 76956277.99976169, 29777.000737690832, 2020-04-01, 62.22977199206148, 2.4493275359059445e-05, 0.0, 0.47259809087340754, 0.05145895411143969
DRS 07 - Campinas, 81435605.02978808, 18801.70615738309, 2020-03-31, 54.62113543834616, 6.077875838955007e-05, 0.0, 0.44432323416478303, 0.02523875441891626
DRS 07 - Campinas, 425263549.911572, 22857.18320932415, 2020-04-01, 49.35455800521787, 9.459951286358434e-06, 0.0, 0.518575911927686, 0.03215740528012249
DRS 07 - Campinas, 706134542.8561107, 27875.05446631014, 2020-04-01, 52.544185480849535, 3.571268314685158e-05, 0.0, 0.4055841104747175, 0.04948360376030499
DRS 07 - Campinas, 150157415.96199143, 17162.565054458137, 2020-03-30, 64.00996779437156, 1.499114535066781e-05, 0.0, 0.6116358006969351, 0.044677439591785544
DRS 07 - Campinas, 334045203.05219203, 23225.28737654005, 2020-03-31, 52.87026398907016, 2.889160781439629e-05, 0.0, 0.5602680366893664, 0.04230566112222042
DRS 07 - Campinas, 103542030.1465601, 17180.95006756536, 2020-03-30, 27.725185516617227, 2.4495095503868226e-05, 0.0, 0.6087787267826137, 0.045569811118954306
DRS 07 - Campinas, 785689765.4959948, 27103.6862320503, 2020-03-31, 46.96205598292779, 2.3596545732313427e-05, 0.0, 0.7518735157689951, 0.05498214096326344
DRS 07 - Campinas, 186954822.31562212, 24197.97129833163, 2020-04-02, 20.72744959691932, 0.00010642543788302892, 0.0, 0.6005999927076304, 0.04632810373932232
DRS 07 - Campinas, 172309265.64713758, 17589.39707962757, 2020-04-02, 37.15967732170539, 1.2195651255849192e-05, 0.0, 0.7265253936850125, 0.04196073428679137
DRS 07 - Campinas, 342880637.84959483, 20678.451366170368, 2020-04-02, 34.71533103616787, 9.061396778382447e-05, 0.0, 0.4367113468462079, 0.04438291036813623
DRS 07 - Campinas, 208676091.41161877, 26872.436935328864, 2020-03-31, 55.48220091129493, 5.945950097638045e-05, 0.0, 0.32480623879185117, 0.07477270322017356
DRS 07 - Campinas, 161887330.89349067, 24898.554077782166, 2020-03-31, 46.98345144649463, 1.2849305149818823e-05, 0.0, 0.3844562139704594, 0.0768818635722074
DRS 07 - Campinas, 77612941.34535782, 29787.25185943242, 2020-04-01, 43.15169742687932, 1.1713999158705228e-05, 0.0, 0.42195157476301437, 0.032742516309173
DRS 07 - Campinas, 217653799.1278722, 27013.912948095123, 2020-04-01, 29.603832398058863, 7.068342426655642e-05, 0.0, 0.603353091227459, 0.05597475407332346
DRS 07 - Campinas, 668197192.1288962, 27725.77593588388, 2020-03-30, 52.47985100223901, 6.235524134868765e-05, 0.0, 0.5264743729543023, 0.06087654201804735
DRS 07 - Campinas, 628643179.0913273, 27271.123167102654, 2020-04-01, 41.72691725838263, 2.3609676697068643e-05, 0.0, 0.6047307186385278, 0.051083775912074345
DRS 07 - Campinas, 258548036.6505217, 19461.923454931366, 2020-04-01, 30.938297725445572, 0.00010897008971188984, 0.0, 0.5956153721102702, 0.040690050744172264
DRS 07 - Campinas, 235595024.19962063, 28323.200067141224, 2020-03-31, 65.5547230261243, 5.954414052393588e-05, 0.0, 0.38469786791470195, 0.061636840774829546
DRS 07 - Campinas, 298828120.76450443, 19610.161660192833, 2020-03-31, 70.66943407377332, 5.661205465058244e-06, 0.0, 0.4352713061017591, 0.06398209722984274
DRS 07 - Campinas, 487867860.88429856, 22959.33067684997, 2020-04-02, 70.84959671673272, 4.317714404723941e-05, 0.0, 0.6908828343747844, 0.04665608546798196
DRS 07 - Campinas, 283938909.0742475, 29845.578386427864, 2020-04-01, 22.406275759620026, 7.318378158390214e-05, 0.0, 0.3001477991919939, 0.06977326385149347
DRS 07 - Campinas, 69617626.53570864, 23119.734194702018, 2020-03-30, 57.3006158725662, 8.019134533784996e-05, 0.0, 0.39263686236368883, 0.025562056582190303
DRS 07 - Campinas, 72873738.90062694, 19605.521954475596, 2020-04-01, 33.762007555035794, 9.28723865056622e-05, 0.0, 0.3615110418611939, 0.04857813342553019
DRS 07 - Campinas, 12272240.201850206, 18097.54437457598, 2020-03-30, 64.78481279362506, 5.554096816027685e-05, 0.0, 0.7884263902410443, 0.02006160148098984
DRS 07 - Campinas, 544742956.370958, 27583.452993348197, 2020-04-01, 71.59913729105837, 0.00011739770646013422, 0.0, 0.5409536459384728, 0.06254833121073161
DRS 07 - Campinas, 413507908.86312807, 22187.633232693497, 2020-04-02, 29.411345965960706, 5.4911063262708504e-05, 0.0, 0.41633669907981946, 0.051860897328275465
DRS 07 - Campinas, 149203906.53131354, 20049.7707338887, 2020-04-01, 64.43753255337336, 8.052901254474386e-05, 0.0, 0.6965973748345033, 0.06501149993129939
DRS 07 - Campinas, 64001371.857110545, 25222.22845548421, 2020-04-02, 62.98206953832393, 8.64627176357774e-05, 0.0, 0.3470154726978274, 0.03210736196644547
DRS 07 - Campinas, 256587077.76792774, 29449.86480407496, 2020-04-01, 59.26150959571511, 6.361075308279829e-05, 0.0, 0.39761205649196796, 0.04118927681997439
DRS 07 - Campinas, 548237290.6402135, 25310.812984755605, 2020-04-01, 26.11359694754976, 7.018459482450384e-05, 0.0, 0.49591737005944014, 0.07725390580860177
DRS 07 - Campinas, 57993714.75392878, 19501.01075823855, 2020-03-30, 48.009325486042684, 2.9013182509078046e-05, 0.0, 0.5566611635180148, 0.022763724902804
DRS 07 - Campinas, 218745303.51320466, 27818.391911424274, 2020-03-30, 67.25768239043984, 7.068109744315491e-05, 0.0, 0.7822370931591361, 0.028996542303953772
DRS 07 - Campinas, 571147065.851822, 24387.89877535602, 2020-03-31, 37.46804374819111, 8.13906078826e-05, 0.0, 0.5203043917454898, 0.05943985650606687
DRS 07 - Campinas, 506666970.3571909, 27414.06848139759, 2020-03-30, 27.41984261215771, 7.541200277095967e-05, 0.0, 0.7327096049378612, 0.05185968515510009
DRS 07 - Campinas, 790194172.6259774, 26131.693877887992, 2020-03-31, 40.30451672605439, 6.451254706546447e-05, 0.0, 0.41910376231583746, 0.03469924502042744
DRS 07 - Campinas, 411998862.5323622, 23861.265059152396, 2020-04-02, 50.97548225079128, 3.275168536046955e-05, 0.0, 0.7812406645054641, 0.024087048699601286
DRS 07 - Campinas, 941474319.0972352, 28760.004078445498, 2020-04-01, 64.13727747491073, 4.8885924285751835e-05, 0.0, 0.5833366729946153, 0.048722287622866296
DRS 07 - Campinas, 543138135.4266853, 25215.73579621187, 2020-04-01, 61.17921294576294, 3.9854739282668355e-05, 0.0, 0.4638859606221819, 0.0556785935518609
DRS 07 - Campinas, 599375516.4637724, 23679.80860745726, 2020-04-01, 44.788756067071574, 0.00011522767693281491, 0.0, 0.5706026404266955, 0.07742864394802604
DRS 07 - Campinas, 104679219.54516107, 23225.28737654005, 2020-03-31, 28.655579047414257, 6.184523374762831e-05, 0.0, 0.7480376609924149, 0.04699091277427092
DRS 07 - Campinas, 116998747.49627262, 21005.342970460028, 2020-04-01, 37.971071115992956, 2.194076894215645e-05, 0.0, 0.44698624622903693, 0.048984044467174796
DRS 07 - Campinas, 541977354.4047668, 25676.57655206835, 2020-03-31, 24.122382946727093, 7.214962570004348e-05, 0.0, 0.6117424252962369, 0.04128502221583542
DRS 07 - Campinas, 17714702.413988993, 17010.634279403068, 2020-04-02, 62.368243920722236, 8.911541886573289e-05, 0.0, 0.5441409835033996, 0.0796385601191974
DRS 07 - Campinas, 7343064.0072823465, 17589.39707962757, 2020-04-02, 30.495655336230655, 3.2320747410858846e-05, 0.0, 0.7265253936850125, 0.04196073428679137
DRS 07 - Campinas, 158060322.7138527, 20678.451366170368, 2020-03-30, 22.067911816570998, 0.00011360819199039785, 0.0, 0.4367113468462079, 0.04014537628807118
DRS 07 - Campinas, 101345549.53833003, 16535.99472398755, 2020-04-01, 31.960178794425097, 6.824849938383005e-05, 0.0, 0.5928588828840127, 0.06269619396997805
DRS 07 - Campinas, 435444251.212672, 24028.22611188668, 2020-03-31, 62.53152731324424, 7.288398215974145e-05, 0.0, 0.5186146498375285, 0.0447911432527236
DRS 07 - Campinas, 35192988.30236752, 19197.774358954674, 2020-04-01, 39.05392817361741, 9.41813509143447e-05, 0.0, 0.47929788685484453, 0.039310513591944235
DRS 07 - Campinas, 99210412.05092594, 27013.912948095123, 2020-03-30, 53.660849455853445, 9.835592124083016e-05, 0.0, 0.603353091227459, 0.05597475407332346
DRS 07 - Campinas, 487452964.49003786, 21611.251219792743, 2020-04-02, 61.25513266384722, 5.5090346090811354e-05, 0.0, 0.5264743729543023, 0.042900451854076524
DRS 07 - Campinas, 355060149.61280006, 27271.123167102654, 2020-04-01, 46.91040091988944, 6.447930513963206e-05, 0.0, 0.4859384964118868, 0.0344503348874367
DRS 07 - Campinas, 707640478.9650397, 28600.530274554258, 2020-03-30, 66.78117184359454, 7.718199835698049e-05, 0.0, 0.5956153721102702, 0.06371790452928468
DRS 07 - Campinas, 197169821.73822597, 18581.9166755586, 2020-03-31, 41.43353910066097, 2.6625328967170738e-06, 0.0, 0.7215184301201614, 0.039331860018589286
DRS 07 - Campinas, 107198787.19144274, 22571.690175891217, 2020-04-02, 70.66943407377332, 6.404200516262253e-05, 0.0, 0.4352713061017591, 0.03910592511331797
DRS 07 - Campinas, 106204879.46943647, 24858.612307549993, 2020-03-31, 70.84959671673272, 2.7674384761276638e-05, 0.0, 0.6908828343747844, 0.04665608546798196
DRS 07 - Campinas, 378100011.44074047, 22770.641853560854, 2020-03-31, 64.165101243832, 4.612907501764441e-06, 0.0, 0.7027912922655983, 0.04356194101609134
DRS 07 - Campinas, 242132026.6559497, 29913.415371435898, 2020-03-31, 57.3006158725662, 4.396961447196544e-05, 0.0, 0.5816040698312415, 0.03988495524967821
DRS 07 - Campinas, 833640063.8540692, 26751.63043502599, 2020-03-31, 38.429610867184834, 0.00010432964186603273, 0.0, 0.41473034302062717, 0.061483340799072764
DRS 07 - Campinas, 325978976.9213993, 25380.619914071234, 2020-03-30, 44.91509098647238, 9.082798443786136e-05, 0.0, 0.6817904139117343, 0.05836421098169185
DRS 07 - Campinas, 536419142.5803938, 25270.029889193822, 2020-04-02, 30.384960365897385, 7.490282363748712e-05, 0.0, 0.5409536459384728, 0.04055269760397415
DRS 07 - Campinas, 333834281.775046, 22101.061380824445, 2020-03-30, 63.39648961326834, 5.262097105722454e-05, 0.0, 0.7337315205437511, 0.029113185242529954
DRS 07 - Campinas, 934892813.7506795, 28512.71795468257, 2020-04-01, 42.83290797028287, 3.17335173611728e-05, 0.0, 0.529970675327225, 0.04307195549776133
DRS 07 - Campinas, 526787163.63918936, 21545.263371191748, 2020-03-30, 58.94215641245824, 0.00011720669731230633, 0.0, 0.3168366943262613, 0.05942955800644166
DRS 07 - Campinas, 583131285.0730885, 26547.520349114777, 2020-03-31, 28.264177346122153, 7.021292042295365e-05, 0.0, 0.7683297165178338, 0.053926757489999005
DRS 07 - Campinas, 176061228.3752565, 25310.812984755605, 2020-04-01, 55.44149250377382, 0.00011703911048548707, 0.0, 0.35832548657529606, 0.0511724261059148
DRS 07 - Campinas, 79307173.65317732, 23379.604171512226, 2020-04-01, 46.58581572186873, 9.261915009286292e-05, 0.0, 0.5600923083742648, 0.05313798606217035
DRS 07 - Campinas, 452269840.8562019, 24433.68587599797, 2020-03-30, 25.019081868709428, 7.068109744315491e-05, 0.0, 0.7335523124015779, 0.06444890161857443
DRS 07 - Campinas, 273711388.3336898, 21334.853792029884, 2020-03-30, 70.96694424027038, 0.0001169434859666783, 0.0, 0.5433770921222706, 0.061593341453741804
DRS 07 - Campinas, 123828309.83351408, 27414.06848139759, 2020-04-01, 47.01854832093066, 7.88634593728087e-05, 0.0, 0.7342976151931386, 0.05185968515510009
DRS 07 - Campinas, 143044506.88750637, 25129.11073050479, 2020-04-02, 40.30451672605439, 6.451254706546447e-05, 0.0, 0.7235092205128564, 0.05661122312709943
DRS 07 - Campinas, 939947177.8462623, 28119.78829681989, 2020-04-02, 54.62113543834616, 7.633788894510313e-05, 0.0, 0.37102114757657134, 0.05860252078975853
DRS 07 - Campinas, 300970013.05754375, 25356.784900884784, 2020-03-30, 58.52364858419853, 0.00011910058362280832, 0.0, 0.5488383708854797, 0.06837234082364389
DRS 07 - Campinas, 641128886.7254987, 26710.34114801492, 2020-03-31, 39.83512062932171, 8.171078768859504e-05, 0.0, 0.4055841104747175, 0.07112753260243311
DRS 07 - Campinas, 71551709.15405987, 22342.15615520256, 2020-03-30, 55.95198247567262, 6.842231267931063e-05, 0.0, 0.3832906972635634, 0.03477368811250581
DRS 07 - Campinas, 376116615.4464018, 22465.98103928574, 2020-04-02, 73.70090382803792, 3.6626161008335656e-05, 0.0, 0.6482687218399492, 0.06452708935794052
DRS 07 - Campinas, 277523970.6207447, 29785.768393078557, 2020-04-01, 70.07651452116056, 1.700582250473248e-07, 0.0, 0.5245654088343906, 0.03919208559641055
DRS 07 - Campinas, 627221191.5216215, 27233.835505059043, 2020-03-31, 35.13013739607354, 6.48312625741759e-05, 0.0, 0.6053397544424084, 0.06716231244885813
DRS 07 - Campinas, 138870041.73353127, 24197.97129833163, 2020-04-01, 25.541474410716127, 4.0383117371835114e-05, 0.0, 0.6843438887783324, 0.04632810373932232
DRS 07 - Campinas, 763504933.7240714, 29988.72357483625, 2020-04-02, 39.56013712293028, 3.123448383395536e-05, 0.0, 0.7265253936850125, 0.04439789150348847
DRS 07 - Campinas, 228399222.23144525, 28505.559128770765, 2020-04-01, 34.71533103616787, 1.8759533475159685e-05, 0.0, 0.4367113468462079, 0.03241666695859098
DRS 07 - Campinas, 183439750.01565942, 26872.436935328864, 2020-03-31, 60.57445409740644, 6.824849938383005e-05, 0.0, 0.5156438817955883, 0.029299513558134267
DRS 07 - Campinas, 211794314.2448118, 19228.41190584968, 2020-03-31, 73.75619812768458, 4.166328210993818e-05, 0.0, 0.5186146498375285, 0.0502538622989064
DRS 07 - Campinas, 97013691.63109523, 24055.43798027297, 2020-03-31, 25.265526845841734, 3.0110653344439993e-05, 0.0, 0.6778303755882851, 0.06491228328304458
DRS 07 - Campinas, 441482450.66233873, 23642.81026909045, 2020-03-30, 50.288503845426014, 5.8517208719114985e-05, 0.0, 0.603353091227459, 0.04397536621553707
DRS 07 - Campinas, 535977413.75355136, 28151.02451440379, 2020-03-30, 33.249471936120926, 6.235524134868765e-05, 0.0, 0.7255262894864465, 0.06087654201804735
DRS 07 - Campinas, 828164994.2907616, 26674.828480381773, 2020-04-01, 23.228292789172826, 7.50299427913279e-05, 0.0, 0.3572442744086512, 0.04313697945885471
DRS 07 - Campinas, 201248508.11281428, 20641.78698623846, 2020-04-02, 34.60524689089115, 1.827616514891453e-05, 0.0, 0.7652126671358077, 0.06371790452928468
DRS 07 - Campinas, 689113575.6158131, 28231.027612138954, 2020-03-31, 45.60046168770458, 5.87406224822415e-05, 0.0, 0.5819625390426872, 0.06645252533599592
DRS 07 - Campinas, 295572404.5814861, 28724.161461018884, 2020-03-30, 51.302195216815576, 2.3764909066498e-05, 0.0, 0.31686362729179773, 0.04622496310235923
DRS 07 - Campinas, 53303342.34106651, 17691.249842273104, 2020-03-30, 70.84959671673272, 2.850935920627379e-05, 0.0, 0.6908828343747844, 0.04267524847219083
DRS 07 - Campinas, 410980716.2771099, 23682.215221826984, 2020-04-02, 65.70323297988082, 4.612907501764441e-06, 0.0, 0.3001477991919939, 0.05147049646813445
DRS 07 - Campinas, 227637987.42158124, 29913.415371435898, 2020-03-31, 57.3006158725662, 4.396961447196544e-05, 0.0, 0.640265758453479, 0.023272088488668886
DRS 07 - Campinas, 486639154.19637656, 23312.276637413695, 2020-03-30, 57.38899206757885, 9.606065351425383e-05, 0.0, 0.32019570802222247, 0.061483340799072764
DRS 07 - Campinas, 782850394.4998782, 26100.32905291628, 2020-04-01, 67.49992987658445, 3.070749142986911e-05, 0.0, 0.3964493521970462, 0.05574668995663162
DRS 07 - Campinas, 493469254.78949773, 27003.492533578006, 2020-03-30, 38.34638201571576, 8.157090134963042e-05, 0.0, 0.5409536459384728, 0.02187548639126792
DRS 07 - Campinas, 382612469.22396904, 22187.633232693497, 2020-03-31, 71.25372554301413, 0.00010340475667757013, 0.0, 0.5491182664079174, 0.05647523723174132
DRS 07 - Campinas, 203442011.5817827, 28512.71795468257, 2020-04-01, 20.904607575769152, 9.971768473529693e-05, 0.0, 0.5475083161934589, 0.043791036678841516
DRS 07 - Campinas, 680861187.8527113, 24333.921493807095, 2020-03-30, 63.650303684432195, 9.267528494378857e-05, 0.0, 0.37901553149401285, 0.06527538163385853
DRS 07 - Campinas, 463853619.9059459, 26547.520349114777, 2020-03-31, 59.26150959571511, 1.1403720543520987e-05, 0.0, 0.6831216001246926, 0.048180429841442274
DRS 07 - Campinas, 682101253.1131399, 27441.214685221392, 2020-04-01, 20.687338650799745, 8.34871963443068e-05, 0.0, 0.3968534988193727, 0.03860871012654481
DRS 07 - Campinas, 628693010.1045587, 28824.31054458281, 2020-03-30, 32.16795117877531, 0.00010029164453992697, 0.0, 0.3817681542440866, 0.0758511723879996
DRS 07 - Campinas, 95655846.99877007, 17058.658053030198, 2020-03-31, 25.019081868709428, 5.490897864062797e-05, 0.0, 0.524005239304558, 0.024732489813367953
DRS 07 - Campinas, 110158731.97112691, 29805.554054057364, 2020-04-01, 33.23240785959278, 6.277243727652285e-05, 0.0, 0.687964117173812, 0.027545336410008676
DRS 07 - Campinas, 232769638.9652183, 29527.397175749633, 2020-03-30, 70.80408278169023, 6.445380677914948e-05, 0.0, 0.5521942801259707, 0.04196144094552616
DRS 07 - Campinas, 65347965.0125201, 19740.103783640545, 2020-03-31, 40.30451672605439, 6.451254706546447e-05, 0.0, 0.3675962153811513, 0.03283052133559055
DRS 07 - Campinas, 161526114.86222965, 25018.86357606122, 2020-03-30, 40.10430430855466, 1.5641839166583452e-05, 0.0, 0.37102114757657134, 0.04048616154523371
DRS 07 - Campinas, 102051242.38219374, 23722.9915919247, 2020-03-30, 55.024901899758156, 7.942019291964179e-05, 0.0, 0.5833366729946153, 0.07312102839523017
DRS 07 - Campinas, 461300264.1783406, 20950.418740924142, 2020-04-01, 62.25933051807046, 9.152340591196124e-05, 0.0, 0.4784365095199767, 0.04182130288831999
DRS 07 - Campinas, 82805907.46573448, 22500.680280931716, 2020-04-01, 43.09112400574139, 5.405883201991411e-05, 0.0, 0.4536487207622439, 0.02444303156164135
DRS 07 - Campinas, 109874645.02662855, 23944.531377726187, 2020-03-31, 36.193371556783454, 7.0766079255279e-05, 0.0, 0.5602680366893664, 0.03962285176098673
DRS 07 - Campinas, 672252508.2051187, 28992.681606756345, 2020-03-30, 21.250382897738376, 6.719303292919761e-05, 0.0, 0.3268212171454336, 0.06679750327951518
DRS 07 - Campinas, 361322448.71913457, 26843.429437684445, 2020-03-31, 21.63188797458064, 0.00011310767989191267, 0.0, 0.5043575022039868, 0.06231453632661707
DRS 07 - Campinas, 120010112.75040294, 24197.97129833163, 2020-03-31, 45.577028632308426, 8.911541886573289e-05, 0.0, 0.6843438887783324, 0.04632810373932232
DRS 07 - Campinas, 45739468.15067279, 22055.830316429958, 2020-04-01, 49.3461221312922, 7.865552238596519e-05, 0.0, 0.7265253936850125, 0.029766619091461707
DRS 07 - Campinas, 96936498.84152187, 20678.451366170368, 2020-03-30, 57.42476691496009, 8.054982696032366e-05, 0.0, 0.45395045055711675, 0.055270782878687585
DRS 07 - Campinas, 237532330.7483731, 26930.197035304776, 2020-03-30, 60.57445409740644, 6.824849938383005e-05, 0.0, 0.6784391433089082, 0.07477270322017356
DRS 07 - Campinas, 90735710.42266558, 21166.93910987078, 2020-03-31, 49.79027537364728, 3.1435358907853124e-05, 0.0, 0.5186146498375285, 0.025277534221264532
DRS 07 - Campinas, 220972974.615603, 27349.646857561078, 2020-04-01, 39.05392817361741, 6.662606260552852e-05, 0.0, 0.6409401946384735, 0.048969674148057626
DRS 07 - Campinas, 589102733.0201858, 27013.912948095123, 2020-04-02, 60.70333616246659, 2.2545666474819718e-05, 0.0, 0.724622035963961, 0.034991024498674084
DRS 07 - Campinas, 241780869.24984905, 27473.05932678239, 2020-03-30, 21.4583627781438, 6.235524134868765e-05, 0.0, 0.5264743729543023, 0.043854051945350005
DRS 07 - Campinas, 690784914.7972095, 27700.636780091758, 2020-04-02, 76.14071955037713, 8.498078235375756e-05, 0.0, 0.43346228128320474, 0.04313697945885471
DRS 07 - Campinas, 510238279.3798413, 27079.245676961982, 2020-03-30, 62.26454019224438, 7.718199835698049e-05, 0.0, 0.6996858512127841, 0.06371790452928468
DRS 07 - Campinas, 877579742.1205876, 27714.796625036644, 2020-03-31, 58.311797300506164, 5.87406224822415e-05, 0.0, 0.5251350750003483, 0.0670142205303118
DRS 07 - Campinas, 246105125.42634216, 29362.535439858708, 2020-04-01, 41.67867678672374, 5.993882419500816e-05, 0.0, 0.4352713061017591, 0.05390786366334459
DRS 07 - Campinas, 835798551.1326805, 27121.953534034583, 2020-04-02, 56.33773685108012, 6.839459608605386e-05, 0.0, 0.5236690263546195, 0.05616961261924938
DRS 07 - Campinas, 51007640.01480625, 25441.342201406347, 2020-03-31, 22.406275759620026, 9.543403354016477e-05, 0.0, 0.3001477991919939, 0.021244988564004395
DRS 07 - Campinas, 731191473.9367349, 29913.415371435898, 2020-03-30, 28.355554970460002, 4.396961447196544e-05, 0.0, 0.4067373266753169, 0.03988495524967821
DRS 07 - Campinas, 641763999.3050101, 26751.63043502599, 2020-03-31, 23.39089945750523, 4.6951810736237115e-05, 0.0, 0.41473034302062717, 0.03979452049269934
DRS 07 - Campinas, 220587581.19948673, 26100.32905291628, 2020-04-01, 31.614028996308953, 7.256032335886599e-05, 0.0, 0.44561963226436757, 0.04767011444346217
DRS 07 - Campinas, 255662688.63444126, 26851.458900422454, 2020-03-31, 51.81470009011288, 5.008246446198722e-05, 0.0, 0.4827472497218237, 0.040085841510927395
DRS 07 - Campinas, 181227896.79851204, 25056.544815003017, 2020-03-31, 30.253512354403128, 5.4911063262708504e-05, 0.0, 0.5310737474279307, 0.06094630703510527
DRS 07 - Campinas, 3704169.7341522127, 24470.061771616955, 2020-04-01, 71.59655791901086, 3.17335173611728e-05, 0.0, 0.529970675327225, 0.06315183731801233
DRS 07 - Campinas, 271769587.1483958, 24333.921493807095, 2020-03-30, 65.22029011629033, 4.9866518958629115e-05, 0.0, 0.7442371584204672, 0.06482094752895053
DRS 07 - Campinas, 592664931.8956729, 26547.520349114777, 2020-03-30, 38.474924956646134, 5.505904698015364e-05, 0.0, 0.5939872815801572, 0.07915982821732154
DRS 07 - Campinas, 235426462.82906187, 27441.214685221392, 2020-04-01, 57.172364303384946, 8.34871963443068e-05, 0.0, 0.5695849792208909, 0.05026673449486838
DRS 07 - Campinas, 446715521.45568156, 27530.00279934756, 2020-03-31, 23.38773714687686, 3.6476740115945006e-05, 0.0, 0.3706185839323844, 0.02422533860053631
DRS 07 - Campinas, 136099795.21596554, 24433.68587599797, 2020-03-31, 25.019081868709428, 4.333836944004224e-05, 0.0, 0.581190261054694, 0.06444890161857443
DRS 07 - Campinas, 534380455.10822445, 24387.89877535602, 2020-03-31, 47.850283482228605, 7.445272408121443e-05, 0.0, 0.33146436146294966, 0.05101739414315658
DRS 07 - Campinas, 183806953.47605214, 26032.474349998472, 2020-03-30, 30.42614988203224, 6.826047166344192e-05, 0.0, 0.5873086960038048, 0.05185968515510009
DRS 07 - Campinas, 152163002.89160794, 23264.62274350871, 2020-03-31, 58.228120168910266, 8.122127238171007e-05, 0.0, 0.3675962153811513, 0.023008287411263706
DRS 07 - Campinas, 535409848.6075748, 25805.276772177764, 2020-03-31, 54.62113543834616, 0.0001104648019821088, 0.0, 0.6676854492898895, 0.058120507391549836
DRS 07 - Campinas, 938977016.7127341, 28760.004078445498, 2020-04-01, 59.321786592077245, 6.705555205292776e-05, 0.0, 0.5953967009643237, 0.05277023812991402
DRS 07 - Campinas, 550340297.4834142, 26785.07411064261, 2020-03-30, 25.37615239822139, 0.00010170162113148526, 0.0, 0.5398699094188113, 0.04627347540510468
DRS 07 - Campinas, 211915327.2803557, 27888.58608871782, 2020-03-30, 27.626465565121173, 5.884068154575342e-05, 0.0, 0.4536487207622439, 0.07183964309134337
DRS 07 - Campinas, 985611000.3887213, 29174.035584024256, 2020-04-01, 39.284699831909144, 1.6158808354115134e-05, 0.0, 0.5481431176107429, 0.04699091277427092
DRS 07 - Campinas, 440488321.0833248, 21433.18023608193, 2020-03-31, 21.250382897738376, 6.719303292919761e-05, 0.0, 0.7006636906303965, 0.060538100842176215
DRS 07 - Campinas, 806274826.413224, 27103.6862320503, 2020-04-01, 46.96205598292779, 6.48312625741759e-05, 0.0, 0.6559903408884863, 0.06539776668954456
DRS 07 - Campinas, 778885695.8896863, 29415.644980876517, 2020-04-02, 53.1626639061301, 5.339248934559681e-05, 0.0, 0.4930825512059085, 0.04632810373932232
DRS 07 - Campinas, 300085989.3382385, 29988.72357483625, 2020-04-02, 55.811511690873225, 9.807614831038321e-05, 0.0, 0.6208213729948111, 0.027574167109067772
DRS 07 - Campinas, 591258275.4747826, 25652.472840016853, 2020-04-02, 71.52318123916275, 4.183349686855026e-05, 0.0, 0.37040721857857223, 0.04438291036813623
DRS 07 - Campinas, 575615801.4480882, 26872.436935328864, 2020-03-31, 48.0337777107957, 6.824849938383005e-05, 0.0, 0.75488196543108, 0.050450533735602335
DRS 07 - Campinas, 89982858.05486205, 21700.377620404855, 2020-03-31, 64.83660787385307, 9.625071316206567e-06, 0.0, 0.5186146498375285, 0.04571250082865348
DRS 07 - Campinas, 234120032.33818167, 28342.871343113744, 2020-04-01, 32.501098401816975, 1.783577470965335e-05, 0.0, 0.7455040930867656, 0.03604440094434335
DRS 07 - Campinas, 773611223.0404974, 27013.912948095123, 2020-04-02, 58.87225082423351, 2.1327368272814202e-05, 0.0, 0.44966476328552174, 0.06879982629855608
DRS 07 - Campinas, 412611173.0783459, 28288.887673797453, 2020-04-02, 48.912358714210576, 6.235524134868765e-05, 0.0, 0.5264743729543023, 0.03742759187487186
DRS 07 - Campinas, 83166455.86066741, 24179.469258441713, 2020-04-02, 52.38536358721648, 4.1560229600218526e-05, 0.0, 0.758651714317415, 0.04779939038789156
DRS 07 - Campinas, 473908582.0291852, 24341.659991624387, 2020-03-30, 60.96188281479972, 8.209619319361011e-05, 0.0, 0.5956153721102702, 0.06669227418824777
DRS 07 - Campinas, 561687951.7200508, 22446.30363000686, 2020-03-30, 43.01036208261226, 5.87406224822415e-05, 0.0, 0.4037701617326443, 0.0670142205303118
DRS 07 - Campinas, 532612442.2970197, 22571.690175891217, 2020-04-01, 70.66943407377332, 8.397620084705302e-05, 0.0, 0.5742806178327677, 0.03346293998905536
DRS 07 - Campinas, 182198104.24024773, 27121.953534034583, 2020-03-31, 74.37644723610961, 4.9958058699693975e-05, 0.0, 0.5236690263546195, 0.05616961261924938
DRS 07 - Campinas, 475675305.46278507, 22989.53671969038, 2020-04-02, 76.79676143431769, 7.26026355612275e-05, 0.0, 0.3001477991919939, 0.06189212971604764
DRS 07 - Campinas, 73299260.04094464, 22620.966296767394, 2020-04-01, 28.355554970460002, 4.396961447196544e-05, 0.0, 0.4206057467025862, 0.02277058887675368
DRS 07 - Campinas, 217049449.29649723, 18870.414028328763, 2020-03-31, 20.721273810412082, 5.216011825903475e-05, 0.0, 0.6791101466057197, 0.042946792235204964
DRS 07 - Campinas, 64657259.54289994, 28996.402596717115, 2020-04-01, 43.85642460390071, 8.516997956530914e-05, 0.0, 0.3964493521970462, 0.05574668995663162
DRS 07 - Campinas, 624557842.2238445, 27125.174487028064, 2020-03-30, 25.88119857585943, 7.352450319258246e-05, 0.0, 0.5409536459384728, 0.061787676092361535
DRS 07 - Campinas, 57158214.55545601, 23868.38815477766, 2020-04-02, 27.97247014359742, 5.9775622305098026e-05, 0.0, 0.4197823610256369, 0.0426062801516154
DRS 07 - Campinas, 460193800.625827, 20861.102592934654, 2020-03-30, 55.51327246121598, 9.649417897822994e-05, 0.0, 0.4617290405767206, 0.03339971834208494
DRS 07 - Campinas, 509983549.7016223, 24333.921493807095, 2020-03-31, 52.68431792664455, 6.275913129362964e-05, 0.0, 0.32299197149927933, 0.042931811099852724
DRS 07 - Campinas, 391366365.08162844, 24196.85015555421, 2020-03-31, 74.05515328139879, 9.373994176888178e-05, 0.0, 0.767745595826471, 0.07937848923871424
DRS 07 - Campinas, 630380263.2324929, 27441.214685221392, 2020-04-01, 59.4632692605114, 8.34871963443068e-05, 0.0, 0.6442937323139659, 0.03860871012654481
DRS 07 - Campinas, 758626218.6722606, 29306.63597759918, 2020-03-31, 59.11507328433812, 2.619718231733006e-05, 0.0, 0.5566611635180148, 0.06651124208563092
DRS 07 - Campinas, 1006629073.2510215, 28870.257513872122, 2020-03-30, 73.48787627210592, 8.450129147193302e-05, 0.0, 0.3156610044084991, 0.03483887082069408
DRS 07 - Campinas, 197213322.35992616, 24387.89877535602, 2020-04-01, 34.148169465228975, 3.993682531351377e-05, 0.0, 0.5607172925140671, 0.0435721729013572
DRS 07 - Campinas, 775561135.8923671, 25779.617914153194, 2020-04-02, 47.5192333246429, 3.862330343187188e-05, 0.0, 0.37651575621564737, 0.07987531975072444
DRS 07 - Campinas, 146795087.17382717, 22376.090451651864, 2020-04-01, 77.42852657229096, 6.451254706546447e-05, 0.0, 0.3675962153811513, 0.04048080342162863
DRS 07 - Campinas, 712861784.3868862, 25321.37036121956, 2020-03-31, 60.5193810716395, 7.069327258345144e-05, 0.0, 0.5081318317757447, 0.06083347891224977
DRS 07 - Campinas, 702682859.0923032, 28760.004078445498, 2020-04-02, 61.54878611560593, 4.8885924285751835e-05, 0.0, 0.5833366729946153, 0.048722287622866296
DRS 07 - Campinas, 72216471.92397949, 21742.52673871299, 2020-04-01, 57.902218274717626, 3.816896317200615e-05, 0.0, 0.4092531129855105, 0.06075302233487255
DRS 07 - Campinas, 415995549.32207805, 24788.696643139774, 2020-03-30, 73.99822210099737, 5.5564994380428014e-05, 0.0, 0.4536487207622439, 0.05216667501428207
DRS 07 - Campinas, 733328395.8181689, 29174.035584024256, 2020-03-30, 36.15250300332627, 1.6158808354115134e-05, 0.0, 0.6372843843786198, 0.035074586411420645
DRS 07 - Campinas, 906827957.2737274, 27985.894509751794, 2020-04-02, 68.68483797227483, 1.374234279822668e-05, 0.0, 0.35199601713071743, 0.035123543292779426
DRS 07 - Campinas, 74067454.76154, 27103.6862320503, 2020-03-31, 46.72803776850665, 3.9446677498991575e-05, 0.0, 0.4471887819108989, 0.020252282728223072
DRS 07 - Campinas, 945271008.6794202, 29415.644980876517, 2020-04-02, 41.39678891034127, 6.503209359953289e-05, 0.0, 0.7974077927288228, 0.07564451318077516
DRS 07 - Campinas, 204686753.4042323, 29988.72357483625, 2020-04-02, 39.56013712293028, 3.123448383395536e-05, 0.0, 0.7265253936850125, 0.05973785061132937
DRS 07 - Campinas, 651149978.4297626, 28196.277822501503, 2020-03-30, 52.05134346774051, 8.958374519114165e-05, 0.0, 0.7517736500582771, 0.03841645226114189
DRS 07 - Campinas, 771559335.9002937, 26872.436935328864, 2020-04-02, 42.38353402626974, 6.897502180600138e-05, 0.0, 0.75488196543108, 0.048999480121637004
DRS 07 - Campinas, 623951159.7666962, 25683.611628177303, 2020-04-01, 41.58743703299603, 8.600175971954494e-05, 0.0, 0.42137232024328963, 0.06264057378700119
DRS 07 - Campinas, 258048313.28996888, 27349.646857561078, 2020-04-01, 40.09739200691675, 6.662606260552852e-05, 0.0, 0.40547742424789335, 0.041622495560446345
DRS 07 - Campinas, 906693928.2824217, 28317.617411812935, 2020-03-31, 58.87225082423351, 2.1327368272814202e-05, 0.0, 0.5935101536341634, 0.06879982629855608
DRS 07 - Campinas, 215700447.56021553, 27725.77593588388, 2020-03-30, 39.40969280067459, 4.474303741486262e-05, 0.0, 0.4115099594351794, 0.0680309811423836
DRS 07 - Campinas, 87457564.97665672, 26674.828480381773, 2020-03-30, 23.228292789172826, 7.50299427913279e-05, 0.0, 0.4712026146353104, 0.05106345193144187
DRS 07 - Campinas, 146393367.99177244, 25544.218030834898, 2020-03-30, 36.76410509311681, 5.977288322468659e-05, 0.0, 0.5408955000776173, 0.06371790452928468
DRS 07 - Campinas, 661303143.8922868, 27714.796625036644, 2020-03-31, 73.77424008113313, 5.87406224822415e-05, 0.0, 0.34320791143524315, 0.041432348950260774
DRS 07 - Campinas, 74458875.43354023, 22571.690175891217, 2020-04-01, 70.66943407377332, 9.37553484507433e-05, 0.0, 0.40718260284782865, 0.025671851518395166
DRS 07 - Campinas, 728853794.6430341, 27022.425118758452, 2020-03-31, 63.185708000694994, 4.927096231920905e-05, 0.0, 0.5236690263546195, 0.04700314523387595
DRS 07 - Campinas, 656812090.4725723, 23682.215221826984, 2020-04-01, 76.31106284995751, 4.612907501764441e-06, 0.0, 0.3001477991919939, 0.04356194101609134
DRS 07 - Campinas, 790640056.9811617, 26640.306034034795, 2020-04-01, 28.355554970460002, 4.396961447196544e-05, 0.0, 0.5997021201420629, 0.0772049043999321
DRS 07 - Campinas, 572598484.9043664, 23027.622028717564, 2020-03-31, 64.13957408941748, 7.584190559431242e-05, 0.0, 0.5107649435147605, 0.061483340799072764
DRS 07 - Campinas, 749188781.6163914, 26133.882929554733, 2020-04-01, 42.0970075189237, 2.3374277437712798e-05, 0.0, 0.6106040509422609, 0.05574668995663162
DRS 07 - Campinas, 296741071.6348497, 26963.795784802285, 2020-03-31, 34.91011496420529, 5.512809832238949e-05, 0.0, 0.3636537096691101, 0.06396590386736195
DRS 07 - Campinas, 90064938.43798175, 26756.96587861881, 2020-03-30, 77.46752497361057, 5.4911063262708504e-05, 0.0, 0.5476656322776158, 0.07112937473385061
DRS 07 - Campinas, 139492208.21195215, 24192.635646997744, 2020-04-02, 57.8811194587246, 6.421862323848293e-05, 0.0, 0.42468197171032945, 0.04488643096780694
DRS 07 - Campinas, 93652274.01973242, 28703.669518139155, 2020-04-01, 43.023075870087354, 2.7624887826892853e-05, 0.0, 0.5822420585545047, 0.06527538163385853
DRS 07 - Campinas, 300995049.44323933, 21370.39219193309, 2020-03-31, 43.61702313117341, 6.325285798023624e-05, 0.0, 0.767745595826471, 0.06210811780375844
DRS 07 - Campinas, 582301229.5731325, 27137.049196866843, 2020-03-30, 43.86146465329408, 9.650573932227985e-05, 0.0, 0.791220922124985, 0.03860871012654481
DRS 07 - Campinas, 823709973.2510601, 27048.254166052495, 2020-03-31, 46.58581572186873, 3.6483623678825384e-05, 0.0, 0.5566611635180148, 0.06771092637397699
DRS 07 - Campinas, 510389167.32978415, 28870.257513872122, 2020-03-31, 73.48787627210592, 8.450129147193302e-05, 0.0, 0.37189207738848856, 0.03483887082069408
DRS 07 - Campinas, 109245018.89609136, 19588.880806472614, 2020-04-01, 60.495199459837416, 7.831168349236981e-05, 0.0, 0.471554698524568, 0.04656570113099795
DRS 07 - Campinas, 462801083.1310133, 25829.789135450184, 2020-03-31, 47.5192333246429, 4.283363227907412e-05, 0.0, 0.37651575621564737, 0.059970967963337465
DRS 07 - Campinas, 675807426.725055, 29777.000737690832, 2020-04-02, 53.37023026393061, 6.451254706546447e-05, 0.0, 0.7835369082052583, 0.05032830890460321
DRS 07 - Campinas, 889823583.728729, 28119.78829681989, 2020-04-02, 20.910617369720807, 7.633788894510313e-05, 0.0, 0.6066626112687297, 0.03507887886979062
DRS 07 - Campinas, 726538618.0792878, 28105.30836978941, 2020-04-01, 64.13727747491073, 8.215497287964971e-05, 0.0, 0.3755841533692326, 0.07958031416658555
DRS 07 - Campinas, 22379724.091963008, 23319.304212904386, 2020-04-02, 69.96685737163656, 2.509560711807075e-05, 0.0, 0.3570107326907485, 0.04970098181439517
DRS 07 - Campinas, 168033243.7157581, 24546.66902421829, 2020-03-30, 76.50691986153805, 5.537841656132684e-05, 0.0, 0.5212375651430641, 0.03942516382160141
DRS 07 - Campinas, 6340822.125139087, 26370.809648369686, 2020-04-01, 41.94806986048013, 4.9828593407780086e-05, 0.0, 0.6839177351052272, 0.03380311814597995
DRS 07 - Campinas, 57840664.35241112, 28511.66099016995, 2020-04-01, 58.19002833093221, 2.3945653088638896e-05, 0.0, 0.35863541527065534, 0.035123543292779426
DRS 07 - Campinas, 761724107.5185741, 28774.869013352898, 2020-03-31, 31.54943609917042, 9.503129603687296e-05, 0.0, 0.3938430028163661, 0.03043937725946566
DRS 07 - Campinas, 75248238.49292433, 18950.994894269432, 2020-03-30, 41.39678891034127, 6.719824405016475e-05, 0.0, 0.740177792212457, 0.046650115433503704
DRS 07 - Campinas, 103382461.43905699, 23974.192586979127, 2020-03-30, 53.65564502834518, 8.205006395588969e-05, 0.0, 0.5757600709840531, 0.07112447522604078
DRS 07 - Campinas, 551311117.6523904, 22321.814951919292, 2020-03-30, 60.694834015077575, 8.399481185628087e-05, 0.0, 0.4171265195168742, 0.07288058244947945
DRS 07 - Campinas, 262371277.5861401, 26872.436935328864, 2020-04-01, 65.87396275752572, 4.3163787661395356e-05, 0.0, 0.7906988708497078, 0.07015271485663278
DRS 07 - Campinas, 812520748.1812162, 29756.38605234464, 2020-04-01, 24.74313573426643, 8.600175971954494e-05, 0.0, 0.42137232024328963, 0.05564613570427894
DRS 07 - Campinas, 721001321.7393674, 28597.826415642143, 2020-03-31, 39.05392817361741, 2.3397373268488482e-05, 0.0, 0.5360829450426137, 0.032742516309173
DRS 07 - Campinas, 865853290.4648633, 29189.126582933655, 2020-04-02, 23.073915628028036, 3.639035467439335e-05, 0.0, 0.5935101536341634, 0.027011098869251352
DRS 07 - Campinas, 279644203.85784066, 29135.727878615624, 2020-04-01, 52.47985100223901, 5.860643259920893e-05, 0.0, 0.5626342846287884, 0.06087654201804735
DRS 07 - Campinas, 670818311.1660014, 28613.19089722792, 2020-04-01, 49.42998664490392, 7.925370596256047e-05, 0.0, 0.7731800311723591, 0.04684496716018678
DRS 07 - Campinas, 52098329.34276888, 27242.897691101978, 2020-03-30, 47.804802093521985, 9.008974124380455e-05, 0.0, 0.7983660068072014, 0.06371790452928468
DRS 07 - Campinas, 206118925.6071378, 27714.796625036644, 2020-03-31, 65.77397578426576, 9.618178861976277e-06, 0.0, 0.4420109423580749, 0.043646273651433656
DRS 07 - Campinas, 453497786.5787046, 28485.625838485605, 2020-03-31, 70.66943407377332, 9.484656772790553e-05, 0.0, 0.5742806178327677, 0.03346293998905536
DRS 07 - Campinas, 50802733.86060825, 28106.16560080773, 2020-03-30, 36.41065638444509, 3.677862819219977e-05, 0.0, 0.3125030443404544, 0.03453959158425543
DRS 07 - Campinas, 419609283.87142885, 23653.13052149659, 2020-04-01, 51.83596848478203, 5.372461689627284e-06, 0.0, 0.3001477991919939, 0.05031277678562139
DRS 07 - Campinas, 594031409.2992177, 26640.306034034795, 2020-03-30, 68.54192602059734, 2.4200462601526813e-05, 0.0, 0.5997021201420629, 0.0772049043999321
DRS 07 - Campinas, 446729023.6335643, 26751.63043502599, 2020-04-02, 38.429610867184834, 0.00010432964186603273, 0.0, 0.41473034302062717, 0.061483340799072764
DRS 07 - Campinas, 477495279.71478343, 25957.49188198374, 2020-04-02, 49.5348615925265, 5.3986722610316664e-05, 0.0, 0.3964493521970462, 0.05574668995663162
DRS 07 - Campinas, 200347757.14090693, 28226.299617354627, 2020-04-02, 25.055972332894946, 7.855563579404157e-05, 0.0, 0.5626200915158837, 0.05392439724967306
DRS 07 - Campinas, 252011078.3602703, 28787.59678085545, 2020-03-31, 47.6887762014631, 9.717020020482848e-05, 0.0, 0.32412685324267254, 0.06314529759042566
DRS 07 - Campinas, 104973928.04142907, 26774.290780206305, 2020-04-01, 63.31486505528334, 9.033082895443542e-05, 0.0, 0.6187651125389935, 0.049780426688768226
DRS 07 - Campinas, 783378807.9676336, 26706.558839642552, 2020-03-30, 63.650303684432195, 6.0578642463477514e-05, 0.0, 0.6326059653443533, 0.033714952584205704
DRS 07 - Campinas, 105933435.90713292, 26547.520349114777, 2020-04-01, 59.26150959571511, 2.1035266114057637e-05, 0.0, 0.569455022770756, 0.05440772819001709
DRS 07 - Campinas, 219084271.5893829, 22828.50119601527, 2020-04-01, 52.50597898310655, 8.587335649635903e-05, 0.0, 0.3968534988193727, 0.045503903610379384
DRS 07 - Campinas, 525559685.4589155, 25137.486231593164, 2020-03-30, 46.58581572186873, 1.6192370581765263e-05, 0.0, 0.5566611635180148, 0.05313798606217035
DRS 07 - Campinas, 443937649.0135919, 22803.602132962045, 2020-04-01, 73.48787627210592, 9.842417518072516e-05, 0.0, 0.40695989989714954, 0.03483887082069408
DRS 07 - Campinas, 509271256.0403712, 26190.021097917015, 2020-04-01, 72.24994285962863, 3.0663541925747164e-05, 0.0, 0.549211062157493, 0.03660082565341907
DRS 07 - Campinas, 612303433.5609832, 23205.427329323964, 2020-04-01, 47.5192333246429, 5.0212013007903565e-05, 0.0, 0.37651575621564737, 0.06573095250335959
DRS 07 - Campinas, 162712327.93476906, 21873.384251817104, 2020-04-01, 56.823205215026455, 8.587188617747868e-06, 0.0, 0.46165030977214816, 0.05611243585606106
DRS 07 - Campinas, 110537195.0923172, 26068.732128385986, 2020-04-01, 26.480218812876245, 8.930413403279005e-05, 0.0, 0.34058926555026275, 0.039545262553796104
DRS 07 - Campinas, 705631092.4388902, 25397.919586834476, 2020-03-30, 64.13727747491073, 4.8885924285751835e-05, 0.0, 0.5833366729946153, 0.048722287622866296
DRS 07 - Campinas, 578837174.9433557, 25215.73579621187, 2020-04-02, 52.544185480849535, 3.243283207410388e-05, 0.0, 0.3241304948609863, 0.038383716010373534
DRS 07 - Campinas, 296435404.0526458, 29113.38085693407, 2020-03-30, 27.626465565121173, 5.681014861474208e-05, 0.0, 0.3514599110363256, 0.04435049538547848
DRS 07 - Campinas, 625112911.4245918, 24024.907565756097, 2020-03-30, 73.70345474496006, 1.6158808354115134e-05, 0.0, 0.5481431176107429, 0.04699091277427092
DRS 07 - Campinas, 425781598.2418822, 22731.56478362099, 2020-03-30, 59.90909702494315, 1.2070756872796694e-05, 0.0, 0.47525749518205773, 0.06518983263942141
DRS 07 - Campinas, 640439648.398318, 27067.500603478722, 2020-04-01, 53.48913809432368, 6.48312625741759e-05, 0.0, 0.5052021711551217, 0.020094933047133716
DRS 07 - Campinas, 687278196.1921068, 28597.230155110236, 2020-04-02, 20.41235565113433, 4.7963027586221686e-05, 0.0, 0.6925768209618428, 0.055583192252001784
DRS 07 - Campinas, 763426532.194807, 29988.72357483625, 2020-04-02, 79.07337811080598, 3.123448383395536e-05, 0.0, 0.7265253936850125, 0.04439789150348847
DRS 07 - Campinas, 181086385.80255097, 25820.547559134924, 2020-04-02, 52.05134346774051, 6.514826530272874e-05, 0.0, 0.581442102813768, 0.04469994021954916
DRS 07 - Campinas, 88304347.60481682, 29161.027236472048, 2020-04-02, 21.286833664449304, 6.897502180600138e-05, 0.0, 0.538788711850834, 0.04956809682490574
DRS 07 - Campinas, 737818317.7402596, 29756.38605234464, 2020-04-02, 24.74313573426643, 2.8838619615990525e-05, 0.0, 0.42137232024328963, 0.046502962518724655
DRS 07 - Campinas, 579361895.2086917, 26437.47990748121, 2020-04-02, 27.611275336487466, 4.44937844008884e-05, 0.0, 0.6178060257249098, 0.0704673798974661
DRS 07 - Campinas, 126331175.35210532, 28110.973055707094, 2020-03-30, 25.54064115225058, 4.279362800953042e-05, 0.0, 0.7158403672874762, 0.06879982629855608
DRS 07 - Campinas, 748727556.6350636, 29522.135230106505, 2020-03-31, 57.04112032985874, 5.869447870392479e-05, 0.0, 0.5264743729543023, 0.06087654201804735
DRS 07 - Campinas, 109715351.28244114, 23357.57795998229, 2020-04-02, 23.228292789172826, 7.50299427913279e-05, 0.0, 0.6840398319505636, 0.04313697945885471
DRS 07 - Campinas, 114923575.56280781, 27978.668431897462, 2020-03-30, 66.78117184359454, 8.77692265613008e-05, 0.0, 0.7091587690093222, 0.04310207140706849
DRS 07 - Campinas, 330217019.1450517, 28287.55539287766, 2020-04-01, 52.104667074611015, 3.6831553687308134e-05, 0.0, 0.5183313100664191, 0.057353261016510185
DRS 07 - Campinas, 37630707.47376934, 20902.09550321456, 2020-04-01, 62.58222061206707, 9.71709054682452e-05, 0.0, 0.6802951277975197, 0.057845651096475895
DRS 07 - Campinas, 601845984.7813839, 27121.953534034583, 2020-03-31, 56.33773685108012, 6.839459608605386e-05, 0.0, 0.6982102029214416, 0.07783238601449771
DRS 07 - Campinas, 17926324.352952987, 23682.215221826984, 2020-03-31, 22.406275759620026, 0.00011049676370697286, 0.0, 0.42198477166727755, 0.024815074695929744
DRS 07 - Campinas, 698634291.9809501, 28449.382566452994, 2020-04-01, 28.355554970460002, 4.396961447196544e-05, 0.0, 0.5997021201420629, 0.06677776062083136
DRS 07 - Campinas, 642551294.3675135, 26751.63043502599, 2020-03-31, 42.40755308734591, 1.4007623461656532e-05, 0.0, 0.41473034302062717, 0.061483340799072764
DRS 07 - Campinas, 726986036.2793056, 28723.623532441638, 2020-04-02, 57.14890163585263, 3.070749142986911e-05, 0.0, 0.5241638745443071, 0.06285912540259034
DRS 07 - Campinas, 698549142.4217556, 25165.949253137573, 2020-04-01, 38.34638201571576, 9.661691068592748e-05, 0.0, 0.5471680941140005, 0.040085841510927395
DRS 07 - Campinas, 271905800.1254369, 25366.354389714368, 2020-04-02, 51.32287510858324, 0.00011441402189686375, 0.0, 0.32412685324267254, 0.05647523723174132
DRS 07 - Campinas, 213678375.9343639, 29056.93375901916, 2020-04-01, 49.262161602940225, 3.17335173611728e-05, 0.0, 0.5789522823643682, 0.06018721980875344
DRS 07 - Campinas, 604067288.9473306, 26706.558839642552, 2020-03-30, 75.386714492609, 5.40687168274299e-05, 0.0, 0.39156846337886264, 0.033714952584205704
DRS 07 - Campinas, 55295303.73008521, 28616.74511527932, 2020-03-30, 59.26150959571511, 0.00011690266591023718, 0.0, 0.5229547528158519, 0.06210811780375844
DRS 07 - Campinas, 121033049.64242432, 22080.505038619674, 2020-04-02, 74.97963941662584, 6.0262743188838046e-05, 0.0, 0.3968534988193727, 0.05732735936944243
DRS 07 - Campinas, 1014103305.9157283, 29588.78676487685, 2020-04-02, 46.58581572186873, 5.614999271873226e-06, 0.0, 0.5382706722137197, 0.0681522982669315
DRS 07 - Campinas, 50791414.50692106, 28870.257513872122, 2020-03-30, 73.48787627210592, 2.4480239733825103e-05, 0.0, 0.3156610044084991, 0.07435435186118468
DRS 07 - Campinas, 918350275.431948, 28403.53591075856, 2020-03-30, 63.64224129026325, 8.910162125343349e-05, 0.0, 0.5597192858121527, 0.05943985650606687
DRS 07 - Campinas, 122666815.09540138, 25779.617914153194, 2020-04-02, 24.35497922088654, 1.1740441498987994e-05, 0.0, 0.7274038954005866, 0.056532166885233215
DRS 07 - Campinas, 243025592.64015225, 26483.37642680818, 2020-03-31, 49.045825474876764, 5.719052254062652e-05, 0.0, 0.3675962153811513, 0.05145895411143969
DRS 07 - Campinas, 71682245.41752177, 21211.38563881214, 2020-04-02, 54.62113543834616, 7.633788894510313e-05, 0.0, 0.5005569610005203, 0.04458493525460776
DRS 07 - Campinas, 124557391.44471622, 24309.307180730066, 2020-04-01, 47.842566638871496, 6.66421337575842e-05, 0.0, 0.5212424190617959, 0.048722287622866296
DRS 07 - Campinas, 529050786.9451957, 25215.73579621187, 2020-04-02, 40.26801868982221, 0.00010117704514432473, 0.0, 0.5598947915783905, 0.06920796792787783
DRS 07 - Campinas, 256974497.5501238, 25635.735758463798, 2020-04-01, 30.155615074401332, 4.30763112871211e-05, 0.0, 0.5141735538436647, 0.033104562651011346
DRS 07 - Campinas, 703658524.3796786, 25299.940673375328, 2020-04-01, 39.284699831909144, 1.855174040574565e-05, 0.0, 0.5481431176107429, 0.07091586312687476
DRS 07 - Campinas, 240941999.20125318, 27998.739707909175, 2020-03-31, 46.55818147680016, 4.21297307484463e-05, 0.0, 0.6125426688601576, 0.035198131047668016
DRS 07 - Campinas, 666348134.6035264, 27103.6862320503, 2020-04-01, 46.96205598292779, 6.48312625741759e-05, 0.0, 0.3938430028163661, 0.03172783306878748
DRS 07 - Campinas, 68395315.33831082, 29415.644980876517, 2020-04-02, 48.53689857359349, 3.7971842963463904e-05, 0.0, 0.37347327276209785, 0.07607162434214278
DRS 07 - Campinas, 674621139.6498998, 28659.602768020748, 2020-03-31, 54.112082921270435, 3.123448383395536e-05, 0.0, 0.4616989073709931, 0.07477713858967455
DRS 07 - Campinas, 178152267.21734625, 23356.822842670248, 2020-03-30, 22.275956175944646, 8.700613821644529e-06, 0.0, 0.3151829931576667, 0.03551569691004121
DRS 07 - Campinas, 283302479.0799176, 27398.332832973283, 2020-04-02, 67.82596951694735, 6.897502180600138e-05, 0.0, 0.75488196543108, 0.027679260664318833
DRS 07 - Campinas, 733568799.8648199, 28424.234828975757, 2020-04-02, 24.74313573426643, 2.3555227215058768e-06, 0.0, 0.42137232024328963, 0.07693654785231312
DRS 07 - Campinas, 268706318.03273326, 28597.826415642143, 2020-04-01, 39.05392817361741, 2.3397373268488482e-05, 0.0, 0.5360829450426137, 0.032742516309173
DRS 07 - Campinas, 812464410.755958, 26752.8319776726, 2020-03-31, 58.87225082423351, 4.5254856920010215e-05, 0.0, 0.5329186423573131, 0.06879982629855608
DRS 07 - Campinas, 75211207.72148085, 27940.755338476272, 2020-04-01, 29.13303080223212, 8.251287533747572e-05, 0.0, 0.3916949888683092, 0.03100696148055793
DRS 07 - Campinas, 658127363.1316923, 27378.34843163776, 2020-04-02, 21.937827582279926, 4.940114912838236e-05, 0.0, 0.5013093282942681, 0.04748686976866125
DRS 07 - Campinas, 239641947.61988425, 28600.530274554258, 2020-03-30, 53.022048319644064, 4.5042467632450334e-05, 0.0, 0.6971627562952993, 0.06371790452928468
DRS 07 - Campinas, 339064270.0165685, 27714.796625036644, 2020-04-02, 57.191625282964445, 5.87406224822415e-05, 0.0, 0.37218929633269393, 0.0670142205303118
DRS 07 - Campinas, 165307285.29727337, 29736.226350672863, 2020-03-31, 62.219219641587834, 5.683237356973248e-05, 0.0, 0.6976767933806929, 0.03346293998905536
DRS 07 - Campinas, 170089547.1213016, 26835.02857051473, 2020-03-30, 39.01410299481998, 1.3152857797702743e-05, 0.0, 0.5772733608999849, 0.07185379150695008
DRS 07 - Campinas, 80965245.2775479, 23682.215221826984, 2020-03-31, 70.0999651706424, 2.7742183890253542e-05, 0.0, 0.6558570588559482, 0.07192318186686622
DRS 07 - Campinas, 536099922.34651816, 25180.822475535053, 2020-04-01, 74.17715225137593, 4.737924464410917e-05, 0.0, 0.5064332613950722, 0.0772049043999321
DRS 07 - Campinas, 631029858.20545, 26542.249131901714, 2020-03-31, 34.2780325597291, 7.340125764643005e-05, 0.0, 0.41473034302062717, 0.05541377228252649
DRS 07 - Campinas, 621657331.2633098, 24458.228880624374, 2020-04-01, 70.44034640369165, 0.00011098549453125915, 0.0, 0.4332145558766661, 0.05574668995663162
DRS 07 - Campinas, 706776660.2039642, 28327.600154406176, 2020-04-01, 38.34638201571576, 6.236086866113058e-05, 0.0, 0.45323799692900485, 0.040085841510927395
DRS 07 - Campinas, 85221864.38499144, 22187.633232693497, 2020-03-30, 51.32287510858324, 5.990192052582583e-05, 0.0, 0.6578724677111791, 0.05647523723174132
DRS 07 - Campinas, 203335826.2769273, 28512.71795468257, 2020-04-02, 55.5474820926001, 8.664381608463268e-05, 0.0, 0.6391733024981203, 0.03446183096154386
DRS 07 - Campinas, 214944123.55517188, 27496.442584852222, 2020-03-31, 63.650303684432195, 3.8118576553569872e-06, 0.0, 0.6326059653443533, 0.04648517828018728
DRS 07 - Campinas, 686573210.266034, 28589.283962918395, 2020-03-31, 59.26150959571511, 5.505904698015364e-05, 0.0, 0.4445973400379014, 0.06203052264237101
DRS 07 - Campinas, 653694610.567241, 27441.214685221392, 2020-03-31, 29.859493080435932, 8.34871963443068e-05, 0.0, 0.5330229179078191, 0.07965315510731985
DRS 07 - Campinas, 773508803.8020124, 29588.78676487685, 2020-04-02, 51.19255552490786, 5.8998769582588594e-05, 0.0, 0.31731632598917014, 0.04842899312569118
DRS 07 - Campinas, 641835249.4987493, 28870.257513872122, 2020-04-02, 27.422984797945386, 8.450129147193302e-05, 0.0, 0.5528585175506987, 0.03483887082069408
DRS 07 - Campinas, 87216780.34199443, 24096.46930366828, 2020-03-30, 47.79754724950497, 6.349482377708198e-06, 0.0, 0.7183608989021935, 0.07464220489789483
DRS 07 - Campinas, 790570733.5211309, 29739.926533854225, 2020-04-02, 65.94954213207511, 3.862330343187188e-05, 0.0, 0.5109453726582187, 0.07987531975072444
DRS 07 - Campinas, 517806399.22699034, 24737.62587818852, 2020-03-31, 40.30451672605439, 6.451254706546447e-05, 0.0, 0.5009054038763316, 0.05145895411143969
DRS 07 - Campinas, 594187659.040719, 28119.78829681989, 2020-04-01, 63.85470877672187, 7.402187619430177e-05, 0.0, 0.47815921086016566, 0.05888079938176109
DRS 07 - Campinas, 78014232.44027694, 26326.256051778313, 2020-04-01, 58.669517338880055, 8.708529843954464e-05, 0.0, 0.44679606136562244, 0.06977373243057122
DRS 07 - Campinas, 766276090.7314402, 25734.9372953164, 2020-03-31, 48.556239777654, 7.019024903918819e-05, 0.0, 0.4055841104747175, 0.025202797006879867
DRS 07 - Campinas, 469683389.93140435, 23913.031429248378, 2020-03-31, 57.30729196933072, 7.506456836281316e-05, 0.0, 0.6313323171039987, 0.051375244557192445
DRS 07 - Campinas, 259701090.1825517, 28339.887275354617, 2020-04-01, 57.546283780023124, 1.6158808354115134e-05, 0.0, 0.5481431176107429, 0.04699091277427092
DRS 07 - Campinas, 659274549.0347227, 27985.894509751794, 2020-03-30, 46.43421168451169, 1.374234279822668e-05, 0.0, 0.6581309806429616, 0.05307989267266898
DRS 07 - Campinas, 678846979.5579401, 27103.6862320503, 2020-04-02, 26.60835815325842, 3.261912121429587e-05, 0.0, 0.574860672344341, 0.07607801243560978
DRS 07 - Campinas, 178028674.3206368, 28177.763365383733, 2020-04-02, 41.39678891034127, 6.503209359953289e-05, 0.0, 0.7974077927288228, 0.04666974524958084
DRS 07 - Campinas, 202087702.35331646, 29006.19047591756, 2020-03-31, 67.70829278742323, 3.4184174345422725e-05, 0.0, 0.6813802683986641, 0.06470898776696138
DRS 07 - Campinas, 76868448.18164307, 20746.929299426098, 2020-03-30, 52.05134346774051, 0.00010411362116379753, 0.0, 0.5461733690348999, 0.05721659189707086
DRS 07 - Campinas, 152095458.3984935, 26872.436935328864, 2020-04-01, 42.38353402626974, 7.546321465610466e-05, 0.0, 0.7347443967309726, 0.0691588614310765
DRS 07 - Campinas, 127440122.01507121, 23597.736710512556, 2020-03-30, 24.74313573426643, 1.9602267228898128e-05, 0.0, 0.3066522293670948, 0.05150561177319976
DRS 07 - Campinas, 226002232.96566847, 28597.826415642143, 2020-03-31, 35.59105194173612, 2.3397373268488482e-05, 0.0, 0.45901817446710114, 0.032742516309173
DRS 07 - Campinas, 288360164.89503217, 27887.787654044012, 2020-03-30, 59.75448754016745, 2.1327368272814202e-05, 0.0, 0.5935101536341634, 0.03383149642275081
DRS 07 - Campinas, 679955129.7167139, 27851.373261009154, 2020-03-31, 61.11298080555366, 6.533241880751934e-05, 0.0, 0.5264743729543023, 0.06087654201804735
DRS 07 - Campinas, 1002829177.2668935, 29499.65486150494, 2020-04-01, 57.913657548192695, 7.50299427913279e-05, 0.0, 0.4195665653399656, 0.041125406179807956
DRS 07 - Campinas, 99041167.59710951, 26341.681722524154, 2020-03-31, 21.953238804060224, 6.552858679179091e-05, 0.0, 0.5956153721102702, 0.07174556494751758
DRS 07 - Campinas, 865613271.351885, 27714.796625036644, 2020-03-30, 79.68416149752248, 0.00011582220191683125, 0.0, 0.6017476485877753, 0.07031251886868066
DRS 07 - Campinas, 920728.4548405558, 17573.071712740955, 2020-04-01, 70.66943407377332, 8.397620084705302e-05, 0.0, 0.5742806178327677, 0.03346293998905536
DRS 07 - Campinas, 251855814.6348514, 28698.074880035958, 2020-04-02, 56.33773685108012, 6.839459608605386e-05, 0.0, 0.6540420880666307, 0.0631474755096851
DRS 07 - Campinas, 455730344.79887176, 28334.116390894545, 2020-03-31, 54.49822962969368, 4.612907501764441e-06, 0.0, 0.4317021415584754, 0.04356194101609134
DRS 07 - Campinas, 467515517.5637064, 24619.506032838297, 2020-04-01, 60.08280090137434, 5.086578139385e-05, 0.0, 0.7070932935425007, 0.0772049043999321
DRS 07 - Campinas, 613569464.8406324, 26751.63043502599, 2020-03-31, 32.88594558972126, 0.00010432964186603273, 0.0, 0.5488975562474638, 0.06886042786101364
DRS 07 - Campinas, 111564469.40662417, 26100.32905291628, 2020-04-01, 67.49992987658445, 3.070749142986911e-05, 0.0, 0.6687477694956349, 0.04488332779408284
DRS 07 - Campinas, 173066578.49781355, 23241.056272084174, 2020-04-01, 54.582961740854245, 6.236086866113058e-05, 0.0, 0.316316403605017, 0.059019512149913106
DRS 07 - Campinas, 436160722.5675271, 22187.633232693497, 2020-04-02, 59.72686222106647, 2.5342266403553933e-05, 0.0, 0.30743396846387716, 0.052372841698616876
DRS 07 - Campinas, 243241869.65977195, 28512.71795468257, 2020-04-02, 42.83290797028287, 7.976439095473018e-05, 0.0, 0.3421007969471782, 0.06402618435933821
DRS 07 - Campinas, 128350922.06243628, 26706.558839642552, 2020-04-02, 63.650303684432195, 6.0578642463477514e-05, 0.0, 0.6326059653443533, 0.033714952584205704
DRS 07 - Campinas, 168346933.74464598, 26547.520349114777, 2020-04-01, 25.794441466769975, 4.087124331831396e-05, 0.0, 0.539123773442699, 0.05476645959723567
DRS 07 - Campinas, 622241545.2288444, 28307.778662844707, 2020-03-31, 59.038795041649145, 4.371669649841806e-05, 0.0, 0.7428011914977117, 0.03860871012654481
DRS 07 - Campinas, 178996448.46237794, 26054.27126374035, 2020-04-02, 48.853130415427344, 5.614999271873226e-06, 0.0, 0.44180463518190366, 0.026148691024674833
DRS 07 - Campinas, 946176781.7907935, 28049.74894599514, 2020-04-02, 72.5812752591934, 8.450129147193302e-05, 0.0, 0.3156610044084991, 0.04688088355391125
DRS 07 - Campinas, 874238384.7334828, 28403.53591075856, 2020-03-31, 33.368255198398565, 5.245969116260013e-05, 0.0, 0.5597192858121527, 0.03732607373756135
DRS 07 - Campinas, 764394229.2257031, 29739.926533854225, 2020-04-02, 35.920988568760194, 6.455595401438878e-05, 0.0, 0.6444921925647789, 0.07987531975072444
DRS 07 - Campinas, 240654386.42364386, 26947.136492531143, 2020-04-01, 40.96754528107262, 1.1315655231052136e-06, 0.0, 0.3675962153811513, 0.04416290411420047
DRS 07 - Campinas, 542551732.613147, 26322.342227314744, 2020-04-02, 46.55117185779754, 4.412797245289985e-05, 0.0, 0.37102114757657134, 0.05860252078975853
DRS 07 - Campinas, 315050181.8151178, 28760.004078445498, 2020-03-31, 55.16173201442094, 7.913781311645879e-05, 0.0, 0.5833366729946153, 0.07984531654164781
DRS 07 - Campinas, 772891962.8824115, 29125.313916837586, 2020-03-30, 48.556239777654, 0.00010083990651188708, 0.0, 0.43571890081620296, 0.07012130810027906
DRS 07 - Campinas, 73917320.67462353, 21421.925066714266, 2020-04-01, 27.626465565121173, 1.9246824118138964e-05, 0.0, 0.42457132592925206, 0.028068274163852023
DRS 07 - Campinas, 742352390.9733156, 25705.238671936728, 2020-04-01, 55.85865466480393, 6.976989332805803e-05, 0.0, 0.4305467161319437, 0.0782244505840671
DRS 07 - Campinas, 659398087.3380234, 27985.894509751794, 2020-04-02, 27.62997213802391, 5.684050049633378e-05, 0.0, 0.657540125981823, 0.07794787101304357
DRS 07 - Campinas, 633632944.7530736, 26515.639528092775, 2020-03-31, 25.05272183257205, 6.624859876694356e-05, 0.0, 0.3938430028163661, 0.0609392561763385
DRS 07 - Campinas, 196676648.72244686, 29415.644980876517, 2020-04-02, 64.3560912514085, 7.024320693963205e-05, 0.0, 0.7974077927288228, 0.07167091043271902