DRS 14 - São João da Boa Vista, 83785783.17166142, 758930.6143711555, 2020-04-01, 76.75096429960335, 189.44506522389136, 157.2117395858271, 0.9335093449476232, 0
DRS 14 - São João da Boa Vista, 2262994.273549067, 594804.90881382, 2020-04-04, 216.90380092938338, 73.25815284323764, 167.82922473909196, 0.41705163126599387, 0
DRS 14 - São João da Boa Vista, 31570618.130725883, 157885.11363490357, 2020-04-02, 228.56639243014982, 169.37062414437966, 165.8488352013, 0.41908489302366014, 0
DRS 14 - São João da Boa Vista, 5142799.961241037, 606572.4775498081, 2020-03-29, 47.507184652236326, 10.201651344442315, 142.70545756214372, 0.3730761676324247, 0
DRS 14 - São João da Boa Vista, 13714139.651727675, 618030.9009033749, 2020-04-01, 26.967781084011822, 214.36881265635537, 195.0563900497893, 0.39497314540380757, 0
DRS 14 - São João da Boa Vista, 2235107.126229131, 81287.02438273534, 2020-04-03, 215.35134793341217, 40.10265822757367, 124.09168582957497, 0.8588680890312363, 0
DRS 14 - São João da Boa Vista, 30638898.738078054, 260690.42280557717, 2020-04-04, 241.09489115640818, 90.07419031646427, 126.86377975044, 0.33173486328329704, 0
DRS 14 - São João da Boa Vista, 20791462.84204258, 199259.42661289513, 2020-03-31, 10.9481298557223, 115.40534303824538, 230.93911878503752, 0.23057356313732275, 0
DRS 14 - São João da Boa Vista, 10124144.92923636, 255575.15474408004, 2020-03-29, 92.14359679623452, 154.34747185727167, 98.12797223499744, 0.7797168033865389, 0
DRS 14 - São João da Boa Vista, 16030353.299076907, 350232.3389638964, 2020-03-31, 243.62141967964652, 126.14114135664614, 151.9400299627941, 0.45362786395532917, 0
DRS 14 - São João da Boa Vista, 63233136.92469129, 720493.7330854156, 2020-03-28, 248.9734908262665, 37.725715458492765, 148.42726683294643, 0.6195446177480681, 0
DRS 14 - São João da Boa Vista, 48153310.72289926, 646458.2626535671, 2020-04-02, 60.22942779722662, 81.62346835538081, 107.71318131601556, 0.7924746206429677, 0
DRS 14 - São João da Boa Vista, 12887288.347324938, 54432.88260229642, 2020-04-04, 203.74872781113297, 103.86653218446578, 135.6592796762679, 0.5518480193191015, 0
DRS 14 - São João da Boa Vista, 21899242.178870764, 565418.7454313295, 2020-04-04, 138.04963830612556, 9.41982577943104, 48.822776171291245, 0.9134039619823989, 0
DRS 14 - São João da Boa Vista, 14275581.527807895, 785548.8230244488, 2020-04-03, 195.72652580026087, 115.01634715354476, 177.59321445047397, 0.40904750267522283, 0
DRS 14 - São João da Boa Vista, 6579360.886439538, 458994.63744104235, 2020-04-04, 240.7624785101452, 210.96257860775856, 247.52870020587338, 0.8681046633208513, 0
DRS 14 - São João da Boa Vista, 2319471.35872207, 707211.8130924839, 2020-04-02, 161.71833903540661, 83.79561890467899, 45.191282300798804, 0.8883679236878036, 0
DRS 14 - São João da Boa Vista, 77132919.9957483, 310812.23077821464, 2020-03-29, 83.13360634846109, 42.17654037079052, 164.6621043073481, 0.8828552380043473, 0
DRS 14 - São João da Boa Vista, 3135663.194049281, 419305.37933309923, 2020-03-30, 7.192547002255273, 66.12795152299444, 167.41173160346537, 0.9124154894315943, 0
DRS 14 - São João da Boa Vista, 734626.8336949898, 337162.99166053114, 2020-03-29, 26.416189135927553, 97.11330989783445, 99.54072581910292, 0.5601884529867395, 0
DRS 14 - São João da Boa Vista, 57201862.922486484, 248485.41056637638, 2020-04-03, 90.52151878527692, 131.63201540415457, 27.232883917137602, 0.78454570570482, 0
DRS 14 - São João da Boa Vista, 2520129.6800057176, 68956.95319463193, 2020-04-03, 53.856264456396936, 133.52547615192273, 102.47412364114963, 0.9732066907904606, 0
DRS 14 - São João da Boa Vista, 64829123.72193086, 337722.99169597146, 2020-03-28, 4.668741540343052, 208.6106340612273, 31.096788386338364, 0.7827815713199645, 0
DRS 14 - São João da Boa Vista, 1121333.2138361235, 295431.6494273267, 2020-04-03, 205.10409805006887, 171.69964531912257, 113.64884203776779, 0.1712744990883109, 0
DRS 14 - São João da Boa Vista, 3674538.8062603073, 353390.238310214, 2020-03-31, 241.980049711439, 62.784528727155205, 144.11739969549052, 0.6951484069442794, 0
DRS 14 - São João da Boa Vista, 17038617.235278495, 461655.463113841, 2020-03-28, 143.80096137532655, 140.4391213922372, 115.84284479853777, 0.47143600310440437, 0
DRS 14 - São João da Boa Vista, 20439633.064386077, 703625.214357343, 2020-03-28, 248.54077116875547, 56.60472700671376, 78.96810037877312, 0.5742629263229515, 0
DRS 14 - São João da Boa Vista, 57811856.36082824, 675144.4991123042, 2020-04-04, 199.6303793615391, 88.46170672780498, 206.99704339238792, 0.6158034079815569, 0
DRS 14 - São João da Boa Vista, 43575324.426260635, 727304.2763836533, 2020-03-31, 66.66297702924132, 91.7587372838287, 98.86363839112308, 0.6045342204151094, 0
DRS 14 - São João da Boa Vista, 26525870.935138654, 549424.2638564721, 2020-04-04, 69.48491321311973, 123.15680785168512, 105.15938494085871, 0.45585184074630414, 0
DRS 14 - São João da Boa Vista, 15085664.967129024, 450263.56474671257, 2020-04-01, 76.75096429960335, 237.43991850927765, 110.72457439656166, 0.8295571693726788, 0
DRS 14 - São João da Boa Vista, 70589116.3230607, 594804.90881382, 2020-04-01, 216.90380092938338, 58.171529859875704, 39.01836021038112, 0.847617403278504, 0
DRS 14 - São João da Boa Vista, 777897.5354104972, 157885.11363490357, 2020-04-01, 131.88083957264035, 169.37062414437966, 105.4207234843613, 0.5705559306832926, 0
DRS 14 - São João da Boa Vista, 30490821.884211723, 138769.2499817541, 2020-04-04, 44.42343362944584, 10.201651344442315, 142.70545756214372, 0.3730761676324247, 0
DRS 14 - São João da Boa Vista, 5541709.876979267, 200267.57261846532, 2020-04-04, 150.64984914110136, 178.40446404584407, 98.84220952357461, 0.20436614880806167, 0
DRS 14 - São João da Boa Vista, 1323365.337486169, 61897.643294257985, 2020-04-03, 141.30620757151442, 231.42153265975955, 124.09168582957497, 0.8152528497843085, 0
DRS 14 - São João da Boa Vista, 41805116.566794075, 260690.42280557717, 2020-04-04, 12.82577381277418, 188.19684684777292, 149.69863989102745, 0.40776668011611084, 0
DRS 14 - São João da Boa Vista, 26079431.56588467, 100087.36909981573, 2020-03-31, 159.4940615043601, 158.3739919544021, 164.98770321367962, 0.2744198448698826, 0
DRS 14 - São João da Boa Vista, 36458013.49255598, 494089.69268802495, 2020-03-29, 135.37727391202336, 219.2108786403563, 98.12797223499744, 0.8025378272952983, 0
DRS 14 - São João da Boa Vista, 1751484.6315444547, 406948.12471482647, 2020-04-02, 243.62141967964652, 131.3068522259127, 39.75871165695167, 0.6720981991471091, 0
DRS 14 - São João da Boa Vista, 832706.1435668207, 291315.05759894656, 2020-03-28, 248.9734908262665, 37.725715458492765, 148.42726683294643, 0.5577653842790955, 0
DRS 14 - São João da Boa Vista, 27096688.96253426, 818687.9175061616, 2020-03-28, 186.24643317526628, 154.60689737960936, 219.7232467547799, 0.7924746206429677, 0
DRS 14 - São João da Boa Vista, 18917421.161668677, 54432.88260229642, 2020-03-28, 65.2775416491172, 103.86653218446578, 43.739116037356254, 0.5008932098666717, 0
DRS 14 - São João da Boa Vista, 8911732.39405855, 656864.516717571, 2020-04-04, 138.04963830612556, 9.41982577943104, 120.24261321138654, 0.629977989957362, 0
DRS 14 - São João da Boa Vista, 1412288.5914427836, 799962.9537827215, 2020-04-03, 153.17958709528492, 75.64042044251256, 225.49672966239854, 0.18925470749564832, 0
DRS 14 - São João da Boa Vista, 23027429.423291568, 785509.7645389112, 2020-03-29, 246.27355463912582, 68.1958155034903, 87.8328600501438, 0.8681046633208513, 0
DRS 14 - São João da Boa Vista, 4654861.417507474, 680215.2445681079, 2020-03-30, 161.71833903540661, 83.79561890467899, 52.18988840873335, 0.8883679236878036, 0
DRS 14 - São João da Boa Vista, 29100086.04993783, 310812.23077821464, 2020-03-29, 247.8614183571339, 78.52995260557039, 164.6621043073481, 0.29640028827653686, 0
DRS 14 - São João da Boa Vista, 82133277.91365756, 174522.52855598056, 2020-03-30, 1.0463164828308502, 156.14715724549055, 216.96628975863817, 0.9124154894315943, 0
DRS 14 - São João da Boa Vista, 28755901.117971532, 645997.1278403429, 2020-03-29, 218.2361390960031, 17.281846017584826, 194.41067215021604, 0.2741314139115953, 0
DRS 14 - São João da Boa Vista, 44727002.28899482, 706633.2479571442, 2020-03-29, 118.58416771803637, 131.63201540415457, 202.64071594488223, 0.78454570570482, 0
DRS 14 - São João da Boa Vista, 1242620.1988954814, 478422.4141093594, 2020-03-29, 142.84461429762618, 175.5294720991822, 129.8042904835432, 0.2466703041838213, 0
DRS 14 - São João da Boa Vista, 36588838.03455192, 541685.7643525084, 2020-03-28, 4.668741540343052, 208.6106340612273, 31.096788386338364, 0.4291200210376446, 0
DRS 14 - São João da Boa Vista, 6120884.10624834, 336671.40812838124, 2020-03-31, 38.43351508514878, 157.81145762971292, 133.71216300027825, 0.1712744990883109, 0
DRS 14 - São João da Boa Vista, 69792996.73346819, 574286.3893300762, 2020-03-28, 241.980049711439, 62.784528727155205, 144.11739969549052, 0.6951484069442794, 0
DRS 14 - São João da Boa Vista, 23734240.60951871, 461655.463113841, 2020-03-28, 76.28789322998877, 40.0157013141981, 115.84284479853777, 0.6568165974160828, 0
DRS 14 - São João da Boa Vista, 42435663.725923136, 703625.214357343, 2020-03-29, 114.96565158701462, 56.60472700671376, 42.2250537514833, 0.5742629263229515, 0
DRS 14 - São João da Boa Vista, 16013836.60685631, 577280.2988561622, 2020-04-04, 199.6303793615391, 212.96546300260826, 219.75757547028786, 0.524735286877493, 0
DRS 14 - São João da Boa Vista, 20781960.655793574, 404662.01512405626, 2020-03-31, 157.3667115171891, 150.6523892708115, 207.41376729582458, 0.6045342204151094, 0
DRS 14 - São João da Boa Vista, 1152670.083435641, 390640.14390864247, 2020-03-30, 98.47674683612243, 123.15680785168512, 105.15938494085871, 0.8305581308720642, 0
DRS 14 - São João da Boa Vista, 7538587.226288548, 450263.56474671257, 2020-03-29, 231.21562497676513, 103.37615553744094, 110.72457439656166, 0.8295571693726788, 0
DRS 14 - São João da Boa Vista, 41102568.18359952, 592747.5745447205, 2020-04-03, 216.90380092938338, 131.47851206232832, 173.440404390439, 0.41705163126599387, 0
DRS 14 - São João da Boa Vista, 51628569.248876765, 519935.7913550915, 2020-04-02, 131.88083957264035, 130.0498849832201, 247.6541356342738, 0.5705559306832926, 0
DRS 14 - São João da Boa Vista, 38337680.9817255, 757447.7751353052, 2020-03-31, 218.86343802908334, 38.74856668504096, 83.99184345674814, 0.5733593500037835, 0
DRS 14 - São João da Boa Vista, 23889504.162464716, 200267.57261846532, 2020-04-04, 150.64984914110136, 16.721650456794134, 98.84220952357461, 0.6544889660882592, 0
DRS 14 - São João da Boa Vista, 3125465.0279927705, 300712.3627809245, 2020-04-04, 78.24164177084306, 231.42153265975955, 57.96745745654322, 0.4379850256946828, 0
DRS 14 - São João da Boa Vista, 24792290.997393303, 566125.3017360361, 2020-04-03, 241.09489115640818, 164.8120140842422, 126.86377975044, 0.30779885853232336, 0
DRS 14 - São João da Boa Vista, 11785516.302661698, 199259.42661289513, 2020-04-02, 205.99198423383626, 120.76393719055154, 229.43548055296597, 0.3439605627591308, 0
DRS 14 - São João da Boa Vista, 3492711.55044991, 210256.85138784067, 2020-04-03, 241.90049433640576, 160.1170651302341, 146.80213857907927, 0.47981285444639865, 0
DRS 14 - São João da Boa Vista, 1071447.3310856367, 99836.67547120672, 2020-03-28, 123.73241054340484, 131.3068522259127, 78.90266422647986, 0.6720981991471091, 0
DRS 14 - São João da Boa Vista, 27521970.486575957, 88345.90667755913, 2020-03-28, 94.61517591909902, 37.725715458492765, 94.24877732676731, 0.28275906378710514, 0
DRS 14 - São João da Boa Vista, 31185002.814450573, 789759.2706956896, 2020-03-28, 108.06218334805448, 74.55016820600521, 11.63124820482045, 0.7924746206429677, 0
DRS 14 - São João da Boa Vista, 418815.0529011445, 54432.88260229642, 2020-04-01, 214.6545598971517, 80.042011537999, 77.9248457074772, 0.30220244432314464, 0
DRS 14 - São João da Boa Vista, 23970237.02582286, 250198.10835542623, 2020-04-04, 138.04963830612556, 79.92963018778413, 30.860218716243672, 0.629977989957362, 0
DRS 14 - São João da Boa Vista, 42408789.12225636, 730279.0037601782, 2020-04-01, 153.17958709528492, 75.64042044251256, 5.854621682286288, 0.5421938718650141, 0
DRS 14 - São João da Boa Vista, 29686905.322667804, 682235.5879878703, 2020-04-03, 228.33804088018337, 28.663971998035052, 213.62431684162567, 0.8681046633208513, 0
DRS 14 - São João da Boa Vista, 36368314.72317944, 703280.2244243232, 2020-03-29, 47.80725632885888, 83.79561890467899, 33.780224429029964, 0.5995006011749822, 0
DRS 14 - São João da Boa Vista, 22780591.049432773, 310812.23077821464, 2020-04-03, 9.565150260558125, 181.3716914852156, 97.38706746620012, 0.6335716247677712, 0
DRS 14 - São João da Boa Vista, 52467678.05778668, 380568.4578057325, 2020-04-02, 88.38137814959451, 66.12795152299444, 149.19907388905835, 0.518073495320411, 0
DRS 14 - São João da Boa Vista, 474853.1582375914, 220322.5367205107, 2020-03-29, 149.67462634078774, 237.85802504016414, 124.46856037569789, 0.36808375098781493, 0
DRS 14 - São João da Boa Vista, 29161910.25950378, 787196.8646628368, 2020-03-28, 24.06650399575841, 142.0865263407708, 202.64071594488223, 0.8446569290615882, 0
DRS 14 - São João da Boa Vista, 15875434.044939084, 478422.4141093594, 2020-04-02, 189.31236164233133, 120.03275110313463, 115.93255591642982, 0.19054994353183663, 0
DRS 14 - São João da Boa Vista, 3048207.645694249, 705657.1565025231, 2020-03-28, 65.35154275695284, 53.638806314854435, 215.54803948426004, 0.33697132682855707, 0
DRS 14 - São João da Boa Vista, 5460998.063876933, 104937.59807581092, 2020-04-03, 151.74896085025858, 44.64289881598768, 5.491963452246507, 0.1712744990883109, 0
DRS 14 - São João da Boa Vista, 16163462.110073362, 353390.238310214, 2020-04-03, 241.980049711439, 62.784528727155205, 151.42244408849592, 0.1565338817471058, 0
DRS 14 - São João da Boa Vista, 62463129.21290564, 461655.463113841, 2020-03-28, 104.34663613006305, 25.19653831383059, 223.78902636200107, 0.725651114818427, 0
DRS 14 - São João da Boa Vista, 7655966.169162544, 219111.88242109807, 2020-04-01, 195.50850815745528, 157.67534070661137, 6.296345918836932, 0.5972236647981575, 0
DRS 14 - São João da Boa Vista, 15345893.992851596, 577280.2988561622, 2020-03-30, 194.82326431281328, 153.86129456731538, 219.75757547028786, 0.4483653231671837, 0
DRS 14 - São João da Boa Vista, 11904851.271348236, 404662.01512405626, 2020-03-31, 232.57102793340795, 208.38781034478689, 60.41977320485356, 0.5316423938944104, 0
DRS 14 - São João da Boa Vista, 38577508.55578926, 390640.14390864247, 2020-04-02, 216.52118444828537, 112.03290020366657, 244.11512049869793, 0.8305581308720642, 0
DRS 14 - São João da Boa Vista, 41685925.58258267, 450263.56474671257, 2020-03-29, 220.8566444094041, 35.415598364468806, 137.52925461280873, 0.4072987661435147, 0
DRS 14 - São João da Boa Vista, 394896.7651357512, 618110.760231569, 2020-04-04, 216.90380092938338, 95.2914185356017, 130.03993717621915, 0.27186058128231494, 0
DRS 14 - São João da Boa Vista, 2058799.0060278566, 780915.0121285056, 2020-04-01, 248.2998029324256, 96.51807453695275, 209.56595719130922, 0.16610552894428232, 0
DRS 14 - São João da Boa Vista, 44805939.554292865, 702290.5908171049, 2020-03-31, 140.07312404164406, 45.679226612391005, 142.70545756214372, 0.6399113633232978, 0
DRS 14 - São João da Boa Vista, 19158292.542856134, 200267.57261846532, 2020-03-31, 145.64115316990063, 12.920693216550067, 98.84220952357461, 0.20436614880806167, 0
DRS 14 - São João da Boa Vista, 3495312.7877153247, 630599.5210589396, 2020-04-03, 213.94849405162907, 131.6163101116255, 143.61317062331761, 0.45856936516212954, 0
DRS 14 - São João da Boa Vista, 2114741.5709717027, 196393.3022749157, 2020-03-31, 35.78088751976223, 37.99313258920589, 126.86377975044, 0.30779885853232336, 0
DRS 14 - São João da Boa Vista, 25924421.718025118, 428344.6942288277, 2020-04-02, 105.99044141733283, 120.76393719055154, 175.72041224295506, 0.9098021506524179, 0
DRS 14 - São João da Boa Vista, 12503966.757463096, 90664.20856276155, 2020-04-01, 241.90049433640576, 138.76344153349703, 40.03211796302824, 0.4339094585296759, 0
DRS 14 - São João da Boa Vista, 21466343.93227252, 691185.080771776, 2020-03-28, 123.73241054340484, 86.72248392485376, 78.90266422647986, 0.5796147489984882, 0
DRS 14 - São João da Boa Vista, 63048614.37266689, 291315.05759894656, 2020-04-02, 240.82813265192533, 37.725715458492765, 148.42726683294643, 0.834843631426837, 0
DRS 14 - São João da Boa Vista, 10772434.566334449, 583297.5757949076, 2020-03-31, 241.478611302444, 154.60689737960936, 219.7232467547799, 0.31443973476214515, 0
DRS 14 - São João da Boa Vista, 1849399.7870278892, 179130.49434449463, 2020-03-31, 214.6545598971517, 165.5788561461195, 174.62732231700298, 0.30220244432314464, 0
DRS 14 - São João da Boa Vista, 36971154.56228172, 409040.0324512576, 2020-04-03, 138.04963830612556, 94.58934137277842, 120.24261321138654, 0.39215201153136725, 0
DRS 14 - São João da Boa Vista, 6521947.935498897, 408430.34552438965, 2020-04-03, 33.12665241566168, 50.95279933860405, 225.49672966239854, 0.18925470749564832, 0
DRS 14 - São João da Boa Vista, 41525911.08844578, 458994.63744104235, 2020-04-01, 175.73542057589313, 14.63718819907088, 247.52870020587338, 0.6337188851499773, 0
DRS 14 - São João da Boa Vista, 32500536.35615115, 394924.16113418434, 2020-03-31, 178.70468326868755, 117.03542327733746, 129.45920733624988, 0.37588344458334355, 0
DRS 14 - São João da Boa Vista, 1149246.3640314753, 434666.02393160213, 2020-03-30, 133.3462961940848, 32.08274310217333, 158.62923297700755, 0.6335716247677712, 0
DRS 14 - São João da Boa Vista, 12337739.95712753, 79741.7068331753, 2020-04-02, 228.22911751176798, 247.27944428769226, 204.47251951973774, 0.3599189638110928, 0
DRS 14 - São João da Boa Vista, 84793795.58386146, 220322.5367205107, 2020-03-28, 149.67462634078774, 237.85802504016414, 124.46856037569789, 0.8464675539455463, 0
DRS 14 - São João da Boa Vista, 22767264.76716802, 787196.8646628368, 2020-03-29, 24.06650399575841, 117.33592459984725, 119.20523843598916, 0.8117614119906754, 0
DRS 14 - São João da Boa Vista, 34858470.800762296, 478422.4141093594, 2020-04-03, 71.40257177268897, 16.593141359451273, 117.18713142253067, 0.45147624237660233, 0
DRS 14 - São João da Boa Vista, 10460536.084202524, 705657.1565025231, 2020-03-28, 217.4443817222233, 53.638806314854435, 190.36722578301723, 0.3003562585102153, 0
DRS 14 - São João da Boa Vista, 25384039.413438596, 319482.55711827776, 2020-03-30, 108.0516095065609, 171.69964531912257, 134.95552533381036, 0.7161328873727912, 0
DRS 14 - São João da Boa Vista, 24566131.562101863, 306694.1212188479, 2020-03-31, 241.980049711439, 80.67034370338578, 200.13954425895346, 0.2734789923962361, 0
DRS 14 - São João da Boa Vista, 35241038.68847028, 375143.12998381944, 2020-04-03, 95.6284766331931, 16.264921712967805, 115.84284479853777, 0.47143600310440437, 0
DRS 14 - São João da Boa Vista, 53887832.73525095, 72880.82325257966, 2020-03-30, 238.19167224252658, 188.91370274808648, 108.64982619726898, 0.5811194729538811, 0
DRS 14 - São João da Boa Vista, 16515991.569650352, 577280.2988561622, 2020-03-29, 185.29709648395718, 153.86129456731538, 89.86786754902356, 0.4483653231671837, 0
DRS 14 - São João da Boa Vista, 16278641.905902563, 468194.5958240146, 2020-04-04, 186.9917830633612, 18.61206386874945, 241.27384209656685, 0.4774183259085629, 0
DRS 14 - São João da Boa Vista, 38750946.47295773, 71333.55357296379, 2020-03-30, 43.3574636899066, 123.15680785168512, 184.244277586492, 0.3795941138240334, 0
DRS 14 - São João da Boa Vista, 1978295.4406567232, 450263.56474671257, 2020-03-28, 202.0156171458773, 14.076021611041655, 134.0882795137528, 0.9793036095975179, 0
DRS 14 - São João da Boa Vista, 2450604.137253706, 277447.8640810297, 2020-04-04, 118.98733058424328, 173.68438923534066, 130.03993717621915, 0.27186058128231494, 0
DRS 14 - São João da Boa Vista, 5615761.2979376875, 157885.11363490357, 2020-03-28, 201.6290864066963, 106.48260274092786, 112.33527740173696, 0.3166264203676715, 0
DRS 14 - São João da Boa Vista, 1198655.1306442614, 606572.4775498081, 2020-04-01, 34.80266823027564, 168.20628779775805, 142.70545756214372, 0.9082845828189477, 0
DRS 14 - São João da Boa Vista, 3532057.935667771, 200267.57261846532, 2020-04-04, 221.52644297046942, 153.54232511786637, 98.84220952357461, 0.6076444104025417, 0
DRS 14 - São João da Boa Vista, 29540023.533633236, 61897.643294257985, 2020-04-03, 133.42655918075997, 48.56637244908524, 114.22766012317068, 0.8152528497843085, 0
DRS 14 - São João da Boa Vista, 11079143.042739717, 223775.11315755782, 2020-04-01, 233.93385972057428, 37.99313258920589, 126.86377975044, 0.30779885853232336, 0
DRS 14 - São João da Boa Vista, 3315284.4366396395, 285480.17587557377, 2020-04-01, 205.99198423383626, 2.2301636136139447, 229.43548055296597, 0.8592682373301198, 0
DRS 14 - São João da Boa Vista, 17041242.753154673, 816113.6427821325, 2020-04-03, 241.90049433640576, 93.45281584652638, 146.80213857907927, 0.47981285444639865, 0
DRS 14 - São João da Boa Vista, 28528091.025344513, 202755.53834314508, 2020-03-29, 192.43722323086993, 179.08028921928147, 10.756255210623136, 0.33778661846726354, 0
DRS 14 - São João da Boa Vista, 26744975.907151457, 430699.6216484896, 2020-03-28, 88.09389742471124, 102.37720310033204, 148.42726683294643, 0.365970482854528, 0
DRS 14 - São João da Boa Vista, 9664199.88168239, 345508.4533877969, 2020-03-31, 199.46240396712693, 191.91489503983848, 219.7232467547799, 0.2821030559233052, 0
DRS 14 - São João da Boa Vista, 56661494.85738465, 243316.48158404455, 2020-03-31, 115.4627091375191, 15.44789668817878, 85.52311268330577, 0.6794512161931114, 0
DRS 14 - São João da Boa Vista, 13170793.318026498, 540217.3539437327, 2020-04-01, 138.04963830612556, 170.5687321338441, 91.34912142185003, 0.5657452942040425, 0
DRS 14 - São João da Boa Vista, 18673943.78981023, 371206.43990917096, 2020-03-31, 153.17958709528492, 154.12474969317137, 225.49672966239854, 0.7924207009703695, 0
DRS 14 - São João da Boa Vista, 64896203.982739076, 690179.67936176, 2020-04-04, 10.29107714534952, 152.364951913133, 88.73228162510021, 0.6658944608447191, 0
DRS 14 - São João da Boa Vista, 70980042.79156417, 438777.64883347426, 2020-03-30, 18.582548607676525, 91.121108879902, 45.191282300798804, 0.8883679236878036, 0
DRS 14 - São João da Boa Vista, 15754968.581471765, 434666.02393160213, 2020-03-30, 219.09616997900147, 148.85119166382563, 81.5444771887595, 0.16734178173802866, 0
DRS 14 - São João da Boa Vista, 43127508.4687035, 268545.7647725158, 2020-03-30, 125.88816013796125, 66.12795152299444, 83.02872427010246, 0.4437070016878383, 0
DRS 14 - São João da Boa Vista, 22532771.187074527, 713674.0787711199, 2020-03-31, 149.67462634078774, 44.59563940648498, 124.46856037569789, 0.36808375098781493, 0
DRS 14 - São João da Boa Vista, 22943243.202927988, 333801.04561816226, 2020-03-29, 24.06650399575841, 95.2596038138965, 170.17579242087535, 0.8117614119906754, 0
DRS 14 - São João da Boa Vista, 5225612.370865765, 478422.4141093594, 2020-04-03, 142.84461429762618, 175.5294720991822, 62.951440460370264, 0.7200508285081352, 0
DRS 14 - São João da Boa Vista, 1080472.0395406731, 52444.37938129979, 2020-03-31, 65.35154275695284, 161.43155056680757, 17.465813477065613, 0.8790288947250137, 0
DRS 14 - São João da Boa Vista, 6853510.2855573855, 73765.48105758702, 2020-03-30, 233.3601693427229, 103.34327287041808, 47.64009886332363, 0.18077441165675778, 0
DRS 14 - São João da Boa Vista, 24640493.38444952, 353390.238310214, 2020-03-28, 187.29707019198145, 192.80189236240489, 150.07186973537682, 0.6951484069442794, 0
DRS 14 - São João da Boa Vista, 2994266.8037795573, 295449.2057562565, 2020-03-28, 143.80096137532655, 134.99170032497688, 230.225293592396, 0.47143600310440437, 0
DRS 14 - São João da Boa Vista, 35614926.24685454, 219111.88242109807, 2020-04-01, 199.84937073680857, 71.51743758115714, 78.37100085884045, 0.4038053296185442, 0
DRS 14 - São João da Boa Vista, 54197260.81286009, 180720.67832989164, 2020-04-02, 114.77242059649517, 66.57745095943606, 221.83349420762454, 0.8091175211642134, 0
DRS 14 - São João da Boa Vista, 51262343.72880636, 819533.877993758, 2020-03-31, 103.8304467247825, 141.34362548982384, 81.47751124641614, 0.5316423938944104, 0
DRS 14 - São João da Boa Vista, 4781066.253094534, 777303.990623518, 2020-03-30, 187.17536801830983, 133.54785271405405, 182.56552503947265, 0.822185907162592, 0
DRS 14 - São João da Boa Vista, 19033275.77422233, 563535.895367619, 2020-03-28, 9.632805522232962, 44.9568116924163, 25.440165391859296, 0.4989037646389348, 0
DRS 14 - São João da Boa Vista, 3002573.7818839615, 196242.2627754112, 2020-04-02, 184.67677535003676, 216.80432660313332, 241.71524015766187, 0.5899161239881624, 0
DRS 14 - São João da Boa Vista, 574439.6842254938, 133291.17649920733, 2020-04-02, 247.68033022085686, 217.01002855626672, 186.38384427278643, 0.39017657552288665, 0
DRS 14 - São João da Boa Vista, 2120232.2870551157, 151297.120574944, 2020-04-02, 187.92055197106166, 78.43337008860789, 159.6992160012871, 0.6552258458317687, 0
DRS 14 - São João da Boa Vista, 25093156.239671364, 200267.57261846532, 2020-03-29, 221.52644297046942, 153.54232511786637, 146.0920226865638, 0.2570045913339571, 0
DRS 14 - São João da Boa Vista, 28406324.499893427, 632877.7592009524, 2020-04-03, 141.30620757151442, 231.42153265975955, 175.0584128859353, 0.8152528497843085, 0
DRS 14 - São João da Boa Vista, 1145260.2337886144, 55814.15073807629, 2020-03-28, 206.13163717314725, 37.99313258920589, 86.32121662948077, 0.9073632728856815, 0
DRS 14 - São João da Boa Vista, 29905414.01487614, 180065.74902724117, 2020-04-04, 45.841230674274954, 93.43706789340351, 185.69387113331652, 0.8581643494072981, 0
DRS 14 - São João da Boa Vista, 5294303.178297515, 210256.85138784067, 2020-04-03, 95.72191524138356, 46.13787591208171, 212.29761278374184, 0.1532254030487232, 0
DRS 14 - São João da Boa Vista, 73092329.69924672, 99836.67547120672, 2020-03-28, 123.73241054340484, 131.3068522259127, 78.90266422647986, 0.8188039664370297, 0
DRS 14 - São João da Boa Vista, 3276395.408333901, 91088.27539366571, 2020-04-04, 18.37499572462234, 37.725715458492765, 62.585277327452324, 0.4597179743410166, 0
DRS 14 - São João da Boa Vista, 23691602.087542906, 486515.2954202583, 2020-03-31, 29.78016824087573, 191.91489503983848, 172.108567643411, 0.2821030559233052, 0
DRS 14 - São João da Boa Vista, 6998915.087969976, 54432.88260229642, 2020-04-01, 183.7463315015392, 202.09031167394247, 77.9248457074772, 0.5870930418468934, 0
DRS 14 - São João da Boa Vista, 7078631.126536803, 462901.99280186463, 2020-03-30, 25.45076274799561, 141.85038223313458, 120.24261321138654, 0.9610517710911934, 0
DRS 14 - São João da Boa Vista, 59277977.158588305, 799962.9537827215, 2020-04-03, 153.17958709528492, 125.12981206673668, 135.10771281722253, 0.624624982425976, 0
DRS 14 - São João da Boa Vista, 63904616.456935145, 344387.2753472411, 2020-03-28, 139.2192668943055, 210.96257860775856, 202.87078556272147, 0.8681046633208513, 0
DRS 14 - São João da Boa Vista, 37937068.74796257, 590234.7418522506, 2020-04-02, 87.47811229302303, 72.3581813469173, 45.191282300798804, 0.610566661722486, 0
DRS 14 - São João da Boa Vista, 2081024.540363576, 783913.5488282775, 2020-04-01, 58.226471371227134, 213.2182231635954, 158.62923297700755, 0.5213194126882812, 0
DRS 14 - São João da Boa Vista, 58571245.09128133, 419305.37933309923, 2020-03-30, 7.192547002255273, 66.12795152299444, 167.41173160346537, 0.5843150381166012, 0
DRS 14 - São João da Boa Vista, 639087.1919981363, 115453.82311228225, 2020-03-29, 149.67462634078774, 204.49315452165482, 118.54711144952816, 0.36808375098781493, 0
DRS 14 - São João da Boa Vista, 51487969.655432075, 787196.8646628368, 2020-03-29, 35.653172598068856, 137.30649983864052, 119.20523843598916, 0.5939451235093651, 0
DRS 14 - São João da Boa Vista, 23625166.062993504, 408635.721696632, 2020-03-31, 142.84461429762618, 175.5294720991822, 74.75710358554309, 0.7385004345682414, 0
DRS 14 - São João da Boa Vista, 15380535.270819083, 675765.6333381123, 2020-03-30, 167.80492755117893, 129.09208663086295, 17.465813477065613, 0.8790288947250137, 0
DRS 14 - São João da Boa Vista, 5735624.960278915, 584751.2071722695, 2020-04-04, 37.08654919891974, 171.69964531912257, 167.6255868652849, 0.1712744990883109, 0
DRS 14 - São João da Boa Vista, 937874.6598053352, 111452.3594107508, 2020-03-29, 132.42588636336396, 5.86304382821301, 144.11739969549052, 0.6951484069442794, 0
DRS 14 - São João da Boa Vista, 2234274.841671791, 702996.6726615592, 2020-03-30, 231.40053122397418, 247.78507820188634, 105.33967641417888, 0.6571154101235476, 0
DRS 14 - São João da Boa Vista, 13964602.801534241, 422784.8665245543, 2020-04-03, 195.50850815745528, 233.49670524328747, 6.296345918836932, 0.35967161561977246, 0
DRS 14 - São João da Boa Vista, 26834619.15203849, 577280.2988561622, 2020-04-03, 105.41723403825775, 153.86129456731538, 219.75757547028786, 0.48159847797004207, 0
DRS 14 - São João da Boa Vista, 31854573.287608556, 404662.01512405626, 2020-04-03, 172.48590382056716, 114.4311231882107, 60.41977320485356, 0.5316423938944104, 0
DRS 14 - São João da Boa Vista, 4232073.784066636, 390640.14390864247, 2020-04-03, 102.83369638218056, 123.15680785168512, 129.63626020962178, 0.6581583461750029, 0
DRS 14 - São João da Boa Vista, 29953721.767495193, 414094.6912384833, 2020-03-29, 146.14504565567572, 231.01431652011988, 134.0882795137528, 0.42693969252349706, 0
DRS 14 - São João da Boa Vista, 10036646.612727271, 80176.58998525522, 2020-04-01, 58.27249626608666, 95.2914185356017, 86.75236898826876, 0.27186058128231494, 0
DRS 14 - São João da Boa Vista, 25464133.396440268, 744769.3781131575, 2020-04-02, 59.36521502547568, 122.1686461142147, 241.24197611304464, 0.6138906670503084, 0
DRS 14 - São João da Boa Vista, 1091744.9368428702, 74477.51299077092, 2020-04-01, 34.80266823027564, 98.014235776024, 137.69529226532774, 0.9082845828189477, 0
DRS 14 - São João da Boa Vista, 44697185.111759, 226107.2004299417, 2020-04-03, 221.52644297046942, 153.54232511786637, 49.559853142221364, 0.49141015154717693, 0
DRS 14 - São João da Boa Vista, 17115343.64926587, 453576.3459360419, 2020-04-03, 26.28281168665749, 31.91584379258916, 124.09168582957497, 0.47647691612084764, 0
DRS 14 - São João da Boa Vista, 1381964.381528218, 453597.25253719627, 2020-04-04, 206.13163717314725, 220.7014910469563, 174.83305537106162, 0.9073632728856815, 0
DRS 14 - São João da Boa Vista, 29969631.10648623, 475394.7865649174, 2020-04-04, 205.99198423383626, 2.2301636136139447, 153.4853291860267, 0.848882368666804, 0
DRS 14 - São João da Boa Vista, 18114928.743058797, 621858.2296381663, 2020-03-30, 228.22363375581463, 160.1170651302341, 60.451943061560705, 0.47981285444639865, 0
DRS 14 - São João da Boa Vista, 56727434.6156089, 375712.4431743772, 2020-04-02, 196.87850901124463, 18.021443328331333, 80.2323614032638, 0.8610033975267151, 0
DRS 14 - São João da Boa Vista, 19776729.32269339, 291315.05759894656, 2020-03-30, 74.3357694108499, 187.18268804083743, 148.42726683294643, 0.5577653842790955, 0
DRS 14 - São João da Boa Vista, 1064993.439595411, 507369.8468169144, 2020-03-31, 46.22308616999061, 191.91489503983848, 91.40434097791741, 0.8105118699601311, 0
DRS 14 - São João da Boa Vista, 650491.1266102706, 679232.2931577911, 2020-04-01, 148.06338840106272, 80.042011537999, 160.43496301194986, 0.30220244432314464, 0
DRS 14 - São João da Boa Vista, 33892685.02621547, 519470.5670298863, 2020-04-04, 25.45076274799561, 141.85038223313458, 22.044962744158273, 0.8823007635339977, 0
DRS 14 - São João da Boa Vista, 1122479.5174579655, 325786.3520249118, 2020-04-03, 168.943371656784, 75.64042044251256, 127.03788707603746, 0.8362406132694806, 0
DRS 14 - São João da Boa Vista, 6511958.767587682, 397998.7870916097, 2020-04-04, 191.7354631130885, 231.13272953659379, 168.2383741085913, 0.9825448958368636, 0
DRS 14 - São João da Boa Vista, 6042177.169752761, 396884.33591637807, 2020-04-02, 161.71833903540661, 83.79561890467899, 4.121263062091804, 0.8883679236878036, 0
DRS 14 - São João da Boa Vista, 43527126.49445263, 273280.4393015014, 2020-04-01, 133.3462961940848, 24.075904749610153, 68.13872981510376, 0.5650379338745273, 0
DRS 14 - São João da Boa Vista, 42200908.212813206, 282376.0441325451, 2020-03-30, 166.8457535885763, 202.32089874438563, 123.68070533890248, 0.4965453442556331, 0
DRS 14 - São João da Boa Vista, 2665446.790426217, 788985.7839677429, 2020-04-01, 122.70427618902423, 101.47679985910874, 124.46856037569789, 0.36808375098781493, 0
DRS 14 - São João da Boa Vista, 9169179.117636248, 699659.2817561841, 2020-04-03, 24.06650399575841, 117.33592459984725, 99.8604716510377, 0.8117614119906754, 0
DRS 14 - São João da Boa Vista, 50578862.670192845, 607460.2746186554, 2020-04-01, 138.41259152251988, 32.497928463102205, 75.81241580892886, 0.5307981600788251, 0
DRS 14 - São João da Boa Vista, 33206819.452537704, 680420.8210526669, 2020-04-01, 84.59164963324206, 57.835121797255475, 142.22919039358084, 0.3516993104212459, 0
DRS 14 - São João da Boa Vista, 9893424.319088679, 130195.39920182228, 2020-04-04, 205.10409805006887, 171.69964531912257, 236.21998624910964, 0.656576583635893, 0
DRS 14 - São João da Boa Vista, 43267946.39890575, 304371.8662489437, 2020-03-28, 116.11761976203333, 180.95419713953424, 144.11739969549052, 0.4194124253169558, 0
DRS 14 - São João da Boa Vista, 29780162.28499486, 702996.6726615592, 2020-03-30, 236.23317691579203, 63.846331419271266, 229.66452749007084, 0.43614727303638934, 0
DRS 14 - São João da Boa Vista, 7184323.815480268, 211166.55101491927, 2020-03-31, 110.07100670070332, 225.5038229490358, 61.923352313436126, 0.6151581407046273, 0
DRS 14 - São João da Boa Vista, 343346.35614314827, 131996.77333425824, 2020-04-02, 173.21030031291994, 6.731558297820767, 178.51550298987405, 0.21426792824492227, 0
DRS 14 - São João da Boa Vista, 59067828.6943707, 481900.890682128, 2020-03-31, 232.57102793340795, 10.76930535144932, 60.41977320485356, 0.6813743897413812, 0
DRS 14 - São João da Boa Vista, 24441077.769711126, 390640.14390864247, 2020-04-02, 174.32018546417322, 123.15680785168512, 105.15938494085871, 0.8305581308720642, 0
DRS 14 - São João da Boa Vista, 42524078.49458016, 450263.56474671257, 2020-03-28, 167.81716111832037, 55.69585409123749, 110.45530626546025, 0.7147803910109685, 0
DRS 14 - São João da Boa Vista, 10264949.433187444, 618110.760231569, 2020-03-30, 180.39133695377825, 95.2914185356017, 66.48645293811958, 0.27186058128231494, 0
DRS 14 - São João da Boa Vista, 30625198.047443487, 439065.18781314685, 2020-04-02, 110.56238433300263, 217.01002855626672, 186.38384427278643, 0.8789954007815033, 0
DRS 14 - São João da Boa Vista, 11273604.443714049, 74477.51299077092, 2020-04-01, 204.2572838475136, 160.2237946741562, 129.14882522729818, 0.9082845828189477, 0
DRS 14 - São João da Boa Vista, 28752588.98348255, 580113.8650352746, 2020-03-31, 221.52644297046942, 77.2983695627466, 109.22729424476965, 0.7934422383616963, 0
DRS 14 - São João da Boa Vista, 71834495.315114, 328290.3045047519, 2020-04-03, 141.30620757151442, 231.42153265975955, 124.09168582957497, 0.8658460756031726, 0
DRS 14 - São João da Boa Vista, 9186523.58154808, 656942.5388911905, 2020-04-03, 18.150939687933214, 37.07328295220272, 196.36197357603263, 0.6288368651783831, 0
DRS 14 - São João da Boa Vista, 29427887.28901049, 333989.25523056265, 2020-04-01, 205.99198423383626, 147.19067784124186, 163.63287042276622, 0.2820980973419515, 0
DRS 14 - São João da Boa Vista, 3288566.658986809, 274200.60643265327, 2020-04-03, 143.87435155519367, 245.00409114393818, 143.3326882313942, 0.1943834062253863, 0
DRS 14 - São João da Boa Vista, 80289821.81503005, 694889.4621702188, 2020-03-29, 186.89916262806327, 131.3068522259127, 134.81432521485056, 0.7800444461305943, 0
DRS 14 - São João da Boa Vista, 831215.7665639232, 291315.05759894656, 2020-03-28, 248.9734908262665, 37.725715458492765, 118.76185037372613, 0.5577653842790955, 0
DRS 14 - São João da Boa Vista, 83529324.71648958, 757942.0788160537, 2020-04-01, 124.19800773757129, 178.96166501482682, 203.28191689318936, 0.8001859221422396, 0
DRS 14 - São João da Boa Vista, 50547896.40236796, 486518.7720836997, 2020-04-01, 142.12224445492228, 80.042011537999, 35.60215356488943, 0.7966942307375295, 0
DRS 14 - São João da Boa Vista, 33917578.35369415, 462901.99280186463, 2020-04-01, 158.17142734692092, 74.10319010775393, 154.2527519390671, 0.9610517710911934, 0
DRS 14 - São João da Boa Vista, 1734903.8579690212, 325786.3520249118, 2020-04-03, 103.4668787230696, 199.9280872753965, 53.43635389832804, 0.22062055766479144, 0
DRS 14 - São João da Boa Vista, 21180071.067945722, 521290.04346186493, 2020-04-01, 191.7354631130885, 203.7967792780338, 168.2383741085913, 0.5933171254297358, 0
DRS 14 - São João da Boa Vista, 10027669.126642011, 707211.8130924839, 2020-04-02, 230.32688426621158, 160.65068060611725, 192.23947678337228, 0.28846161424465766, 0
DRS 14 - São João da Boa Vista, 15695104.556805896, 434666.02393160213, 2020-03-29, 85.80225999409035, 52.79703635765651, 198.65330962478032, 0.4536831083830143, 0
DRS 14 - São João da Boa Vista, 24839758.884492554, 419305.37933309923, 2020-04-01, 15.998590747191733, 220.9127918822827, 94.35881017578447, 0.6768328722399527, 0
DRS 14 - São João da Boa Vista, 32218005.042103205, 170412.8536620384, 2020-03-31, 149.67462634078774, 89.62411030522335, 104.8390202642318, 0.9377979284135518, 0
DRS 14 - São João da Boa Vista, 65965204.222462706, 581621.4788989837, 2020-04-01, 24.06650399575841, 223.49750222232166, 162.9464945616028, 0.8117614119906754, 0
DRS 14 - São João da Boa Vista, 22118689.892461017, 478422.4141093594, 2020-04-02, 200.24621540930926, 175.5294720991822, 104.77604133300153, 0.3138771432010611, 0
DRS 14 - São João da Boa Vista, 1088632.1215206862, 52444.37938129979, 2020-04-04, 65.35154275695284, 41.006561269506165, 17.465813477065613, 0.8790288947250137, 0
DRS 14 - São João da Boa Vista, 62582428.054870464, 819539.5999004425, 2020-03-29, 248.33223067621057, 96.66197164279244, 32.843669585672735, 0.6723818334914348, 0
DRS 14 - São João da Boa Vista, 5008713.313229684, 283266.79550644424, 2020-03-29, 64.4740841549283, 193.0335383899022, 144.11739969549052, 0.6951484069442794, 0
DRS 14 - São João da Boa Vista, 268577.53684030636, 440095.3994949532, 2020-03-30, 220.3270667319298, 247.78507820188634, 137.6974082370164, 0.1568697276203115, 0
DRS 14 - São João da Boa Vista, 3057411.380160826, 211166.55101491927, 2020-03-31, 110.07100670070332, 68.61999580683725, 163.70390448790994, 0.39372855244020666, 0
DRS 14 - São João da Boa Vista, 25711114.97476583, 324890.90645995643, 2020-04-02, 173.21030031291994, 216.79246230263956, 212.77701934801044, 0.953648220604144, 0
DRS 14 - São João da Boa Vista, 9544827.19597031, 237844.5603519651, 2020-03-31, 232.57102793340795, 208.38781034478689, 207.07470332095468, 0.27726350345234496, 0
DRS 14 - São João da Boa Vista, 81776622.72226688, 729626.9671131241, 2020-03-29, 1.3143772844998414, 123.15680785168512, 100.82265735245028, 0.8305581308720642, 0
DRS 14 - São João da Boa Vista, 89227850.74444953, 450263.56474671257, 2020-03-28, 51.597862332637995, 199.1665055891847, 134.0882795137528, 0.9793036095975179, 0
DRS 14 - São João da Boa Vista, 4151292.374842843, 226489.84347739498, 2020-03-31, 73.95980912380695, 33.61152086452604, 126.95567284214593, 0.23814171830198866, 0
DRS 14 - São João da Boa Vista, 14600587.781276144, 184395.3388671431, 2020-04-01, 165.75793135176366, 167.76114683012568, 155.63142456413084, 0.25250372517598846, 0
DRS 14 - São João da Boa Vista, 14776623.356139472, 642218.3378857624, 2020-03-28, 204.33761721826542, 98.014235776024, 151.48512690773615, 0.41794143440436615, 0
DRS 14 - São João da Boa Vista, 801620.4834928305, 200267.57261846532, 2020-04-02, 68.69158881784315, 63.18753689980397, 75.48170357908758, 0.6076444104025417, 0
DRS 14 - São João da Boa Vista, 39366806.55333089, 644063.2878085944, 2020-04-03, 187.2522767632624, 231.42153265975955, 124.09168582957497, 0.7672156047889882, 0
DRS 14 - São João da Boa Vista, 1121237.6148704651, 55814.15073807629, 2020-03-28, 0.4713716439231491, 35.19623856147755, 58.13505619893526, 0.9073632728856815, 0
DRS 14 - São João da Boa Vista, 7204207.405008757, 678595.4243906016, 2020-04-02, 6.4033476040131205, 2.2301636136139447, 64.1159202653971, 0.9399533898822859, 0
DRS 14 - São João da Boa Vista, 16188603.009083906, 423238.926757365, 2020-04-03, 143.87435155519367, 245.00409114393818, 171.14786057758977, 0.6500741147380512, 0
DRS 14 - São João da Boa Vista, 58476191.40327018, 89890.5574907536, 2020-03-28, 123.73241054340484, 39.01501438580389, 195.02835661168083, 0.6283106167773592, 0
DRS 14 - São João da Boa Vista, 12890532.622394575, 694483.580125278, 2020-03-28, 248.9734908262665, 4.814261339091297, 182.95282430841365, 0.36850405673125214, 0
DRS 14 - São João da Boa Vista, 363088.12541168695, 316775.0203868422, 2020-03-29, 195.47373622914387, 183.70465048053978, 114.88846052429665, 0.20567070094031303, 0
DRS 14 - São João da Boa Vista, 6263914.2661926355, 51660.94645113331, 2020-04-04, 27.76434096223865, 101.50473409723807, 138.71696167001332, 0.1797184282704144, 0
DRS 14 - São João da Boa Vista, 29373281.159745328, 462901.99280186463, 2020-03-30, 25.45076274799561, 130.57709426402695, 120.24261321138654, 0.8162891623705884, 0
DRS 14 - São João da Boa Vista, 20474824.304001432, 325786.3520249118, 2020-04-02, 116.27646945978856, 75.64042044251256, 127.03788707603746, 0.5705744165453747, 0
DRS 14 - São João da Boa Vista, 3057628.3410275485, 397998.7870916097, 2020-04-04, 84.7276416445038, 81.49229004213193, 31.16509595738351, 0.938874802089328, 0
DRS 14 - São João da Boa Vista, 5084134.289514461, 335843.4660648131, 2020-04-02, 161.71833903540661, 83.79561890467899, 113.5967706490935, 0.970313100821701, 0
DRS 14 - São João da Boa Vista, 53527884.05881246, 690152.3542953558, 2020-03-30, 96.04682500776872, 55.37981426073546, 52.68989501425199, 0.756597523758065, 0
DRS 14 - São João da Boa Vista, 67626826.55962212, 135490.22542151733, 2020-04-04, 7.192547002255273, 63.52290987539194, 187.35275095694558, 0.7997013283808689, 0
DRS 14 - São João da Boa Vista, 36787759.6745212, 660989.3306783687, 2020-04-01, 14.028440241834305, 195.29457708207627, 69.83937655549717, 0.3880057039179404, 0
DRS 14 - São João da Boa Vista, 1478145.4392826136, 699659.2817561841, 2020-03-29, 243.74828686463687, 200.63421971462708, 84.53847533058509, 0.19528631786189005, 0
DRS 14 - São João da Boa Vista, 16284399.871463945, 390268.1312247211, 2020-03-29, 87.86828983665836, 81.26034993261158, 76.55379203418096, 0.4393496543930815, 0
DRS 14 - São João da Boa Vista, 389642.63691016164, 52444.37938129979, 2020-04-04, 174.408815799253, 66.13718096320059, 78.42476050058141, 0.29370587005525967, 0
DRS 14 - São João da Boa Vista, 33175336.615030188, 255656.57696600154, 2020-04-02, 206.41540374152297, 141.92442897642056, 113.64884203776779, 0.9157470404778659, 0
DRS 14 - São João da Boa Vista, 25744908.848140463, 111452.3594107508, 2020-04-02, 235.19440619191755, 1.1536886216531317, 83.46214836369415, 0.6951484069442794, 0
DRS 14 - São João da Boa Vista, 12533013.635627974, 252808.37175363683, 2020-03-30, 72.35710428570799, 111.75024793580025, 57.05641953865648, 0.1568697276203115, 0
DRS 14 - São João da Boa Vista, 13771853.929991791, 211166.55101491927, 2020-03-29, 122.9938704853811, 246.57010903084898, 28.073548905223216, 0.39372855244020666, 0
DRS 14 - São João da Boa Vista, 1162256.3671416126, 131996.77333425824, 2020-03-29, 35.556736639004605, 6.731558297820767, 9.450877205925135, 0.8869316936792937, 0
DRS 14 - São João da Boa Vista, 24384415.667107385, 298331.7328192418, 2020-04-04, 142.8813404521222, 148.482246615664, 30.079733196993114, 0.27726350345234496, 0
DRS 14 - São João da Boa Vista, 41195227.34035236, 743140.0723444138, 2020-04-02, 98.47674683612243, 152.17617556326226, 119.10566510602213, 0.4105368995611409, 0
DRS 14 - São João da Boa Vista, 1231953.167661448, 280345.5898485156, 2020-03-30, 177.35325772949537, 120.92229685591032, 49.338325789358194, 0.9793036095975179, 0
DRS 14 - São João da Boa Vista, 25409907.0715405, 618110.760231569, 2020-03-30, 226.77128872266354, 8.069759799457461, 43.24340463834402, 0.27186058128231494, 0
DRS 14 - São João da Boa Vista, 41594947.32979822, 362832.84642392374, 2020-03-29, 247.68033022085686, 98.01271604014362, 210.91046592443135, 0.39017657552288665, 0
DRS 14 - São João da Boa Vista, 9975791.932018092, 74477.51299077092, 2020-04-01, 46.06728877965347, 131.5781443796196, 95.53368622348452, 0.2711680856782198, 0
DRS 14 - São João da Boa Vista, 31243847.565628745, 200267.57261846532, 2020-03-29, 68.69158881784315, 74.62570013555549, 161.22592520056912, 0.8888752329006859, 0
DRS 14 - São João da Boa Vista, 43196798.71994737, 61897.643294257985, 2020-04-02, 141.30620757151442, 231.42153265975955, 124.09168582957497, 0.4449039104716682, 0
DRS 14 - São João da Boa Vista, 6486627.474626684, 329374.18005932553, 2020-04-03, 147.26709374732766, 139.40466464607712, 182.96790614574803, 0.8694873641412483, 0
DRS 14 - São João da Boa Vista, 2197210.6577365883, 285480.17587557377, 2020-03-28, 205.99198423383626, 175.080370841628, 229.43548055296597, 0.8033807042080225, 0
DRS 14 - São João da Boa Vista, 43430135.2799661, 274200.60643265327, 2020-03-29, 143.87435155519367, 56.925102676646496, 143.3326882313942, 0.48372512668990164, 0
DRS 14 - São João da Boa Vista, 75423359.7114208, 99836.67547120672, 2020-04-01, 197.97328525288373, 80.20177525181161, 78.90266422647986, 0.7749645449505085, 0
DRS 14 - São João da Boa Vista, 3779149.153202789, 411877.02393878344, 2020-04-02, 120.60214857721824, 37.725715458492765, 100.19858716318706, 0.17299109099056895, 0
DRS 14 - São João da Boa Vista, 34451074.22861554, 316775.0203868422, 2020-04-02, 171.9019729199943, 183.70465048053978, 114.88846052429665, 0.43656152185578434, 0
DRS 14 - São João da Boa Vista, 816714.1106669245, 54432.88260229642, 2020-03-29, 126.3191436161552, 133.48209128272038, 105.91454141279843, 0.30220244432314464, 0
DRS 14 - São João da Boa Vista, 22823146.278421156, 382103.2438128217, 2020-03-30, 140.19702908386145, 141.85038223313458, 208.562366786615, 0.6640064193117844, 0
DRS 14 - São João da Boa Vista, 34124929.35658623, 606522.122044716, 2020-04-04, 75.14653339302669, 15.45607223015988, 44.82310390400307, 0.36768557198225327, 0
DRS 14 - São João da Boa Vista, 14223224.42917126, 359422.768759485, 2020-03-29, 124.55333312062811, 172.36509496279183, 31.16509595738351, 0.3735697866875347, 0
DRS 14 - São João da Boa Vista, 3761930.605398119, 707211.8130924839, 2020-04-01, 138.6317740663302, 187.18668094137996, 193.0155105778942, 0.8883679236878036, 0
DRS 14 - São João da Boa Vista, 59830618.85901991, 517331.8636354598, 2020-03-30, 13.939261407547907, 113.92410864682748, 174.49673015522967, 0.9045409589057078, 0
DRS 14 - São João da Boa Vista, 9697215.973298237, 562514.0425522852, 2020-04-03, 42.9798192458095, 69.2254567084668, 126.96179405221648, 0.5390455042579839, 0
DRS 14 - São João da Boa Vista, 61328912.51749034, 220322.5367205107, 2020-04-01, 1.2466702534447704, 237.85802504016414, 199.37236110438323, 0.6235534484133772, 0
DRS 14 - São João da Boa Vista, 1164637.3933835144, 233867.4537500703, 2020-03-28, 104.44207365253882, 25.94582374993859, 181.56212257961803, 0.15144206320841688, 0
DRS 14 - São João da Boa Vista, 8832366.133850558, 318850.6418392812, 2020-03-29, 155.8687560962664, 175.5294720991822, 129.8042904835432, 0.2466703041838213, 0
DRS 14 - São João da Boa Vista, 996345.4718096411, 52444.37938129979, 2020-04-03, 174.408815799253, 66.13718096320059, 218.38249383516956, 0.3991264344249341, 0
DRS 14 - São João da Boa Vista, 3533035.47141881, 403530.0741757675, 2020-03-29, 54.85620517366011, 36.54696745794433, 142.76247668003757, 0.8839060892893026, 0
DRS 14 - São João da Boa Vista, 4016174.3506716313, 482845.45919778594, 2020-04-01, 132.42588636336396, 5.86304382821301, 88.58903224321472, 0.6951484069442794, 0
DRS 14 - São João da Boa Vista, 25687471.386004787, 440095.3994949532, 2020-03-31, 90.75687115244428, 197.2459513486044, 134.0359790794192, 0.7247258185801652, 0
DRS 14 - São João da Boa Vista, 36563802.76817368, 418660.5053031335, 2020-03-29, 82.07251854132532, 28.5626323302586, 74.95865318161997, 0.39372855244020666, 0
DRS 14 - São João da Boa Vista, 19633942.73798004, 131996.77333425824, 2020-04-02, 119.0439042708379, 137.08319507003728, 178.51550298987405, 0.21426792824492227, 0
DRS 14 - São João da Boa Vista, 27249991.58313765, 237844.5603519651, 2020-03-29, 77.18310428393315, 25.000632013623374, 86.26739890650056, 0.27726350345234496, 0
DRS 14 - São João da Boa Vista, 12116338.08740894, 532495.7558287209, 2020-03-30, 181.11631311280738, 21.5036847011489, 146.3880248101026, 0.34055786310913894, 0
DRS 14 - São João da Boa Vista, 11814884.900977578, 280345.5898485156, 2020-03-30, 216.4774738798918, 58.39128955780102, 102.55112138092629, 0.8995699854241699, 0
DRS 14 - São João da Boa Vista, 51395339.70733958, 475846.50097520987, 2020-03-28, 216.90380092938338, 95.2914185356017, 100.05482147473377, 0.6118447440249327, 0
DRS 14 - São João da Boa Vista, 14102714.786187906, 133291.17649920733, 2020-04-03, 163.55897860933985, 114.59650245495476, 101.93839975840262, 0.39017657552288665, 0
DRS 14 - São João da Boa Vista, 25972615.66081895, 170566.38508816407, 2020-03-29, 239.75130453924834, 90.18784628248343, 48.99173170761073, 0.9082845828189477, 0
DRS 14 - São João da Boa Vista, 1768602.5073800595, 610594.7754270696, 2020-04-02, 108.1376651911013, 138.59371980667032, 75.48170357908758, 0.6076444104025417, 0
DRS 14 - São João da Boa Vista, 1610491.0260576375, 182220.28421769687, 2020-04-03, 141.30620757151442, 231.42153265975955, 125.13978637471746, 0.8884258438134508, 0
DRS 14 - São João da Boa Vista, 62455868.69499451, 414800.3441743909, 2020-04-04, 59.674068122442456, 190.9841665847478, 58.13505619893526, 0.9073632728856815, 0
DRS 14 - São João da Boa Vista, 3033234.5159041383, 380134.93785992207, 2020-03-30, 154.54163927379966, 175.080370841628, 79.86221259630314, 0.5360894631404136, 0
DRS 14 - São João da Boa Vista, 4259415.818775768, 549375.3943346542, 2020-03-30, 49.016268001207955, 5.6395793232865215, 69.8775367502339, 0.6048903043299408, 0
DRS 14 - São João da Boa Vista, 2400118.1813381873, 99836.67547120672, 2020-04-04, 215.73851854751052, 212.99829124993852, 78.90266422647986, 0.4724790270565449, 0
DRS 14 - São João da Boa Vista, 10982940.460696558, 220476.02455498528, 2020-04-04, 107.23311770209584, 220.91238774045866, 96.01027116699305, 0.29883239226622327, 0
DRS 14 - São João da Boa Vista, 277618.9435017044, 316775.0203868422, 2020-03-29, 182.01551169707434, 90.56194128470126, 90.91223276424944, 0.20567070094031303, 0
DRS 14 - São João da Boa Vista, 1919890.8202769433, 259357.0980101995, 2020-03-31, 220.65076342811008, 80.042011537999, 77.9248457074772, 0.30220244432314464, 0
DRS 14 - São João da Boa Vista, 34036186.3270694, 386957.3510126424, 2020-03-30, 121.5999486587063, 141.85038223313458, 238.44695413161514, 0.8055004444261535, 0
DRS 14 - São João da Boa Vista, 43162475.424112506, 572756.0546053246, 2020-04-03, 109.33818525036078, 119.20301533109506, 127.03788707603746, 0.44485218190895937, 0
DRS 14 - São João da Boa Vista, 88529627.08343156, 201406.03373003544, 2020-03-28, 134.91643839269744, 81.49229004213193, 73.25809017080476, 0.938874802089328, 0
DRS 14 - São João da Boa Vista, 75771685.11552867, 707211.8130924839, 2020-04-02, 208.7825344053614, 125.50009471246753, 45.191282300798804, 0.8883679236878036, 0
DRS 14 - São João da Boa Vista, 55802008.31836861, 434666.02393160213, 2020-04-03, 232.90283935052665, 83.00563527190386, 23.412504541378137, 0.6335716247677712, 0
DRS 14 - São João da Boa Vista, 34312418.14034852, 501098.7105691639, 2020-03-29, 127.34691865161373, 3.277644147936909, 52.54995156290565, 0.9167520641629697, 0
DRS 14 - São João da Boa Vista, 10361250.552270886, 355927.2087304117, 2020-03-31, 248.52307823506962, 0.521355979296409, 124.46856037569789, 0.6624979866516932, 0
DRS 14 - São João da Boa Vista, 34719267.7364, 649353.8664860463, 2020-04-03, 153.74228108190417, 25.94582374993859, 123.60568918868682, 0.3450634900795084, 0
DRS 14 - São João da Boa Vista, 21801204.352200773, 478422.4141093594, 2020-03-31, 96.76061039501572, 175.5294720991822, 129.8042904835432, 0.6101468133778774, 0
DRS 14 - São João da Boa Vista, 1629461.2796072548, 592600.0816118103, 2020-04-04, 236.44874818421198, 164.1884693931993, 242.96019963129257, 0.29370587005525967, 0
DRS 14 - São João da Boa Vista, 17106682.68216782, 155181.70416552894, 2020-04-03, 205.10409805006887, 184.23306709774246, 242.1340995103502, 0.1712744990883109, 0
DRS 14 - São João da Boa Vista, 21279469.5108035, 111452.3594107508, 2020-03-29, 132.42588636336396, 55.848459044485026, 200.70447586885626, 0.6157639586826513, 0
DRS 14 - São João da Boa Vista, 13936546.717482323, 440095.3994949532, 2020-04-03, 217.68624434137823, 19.3720147889323, 137.6974082370164, 0.1568697276203115, 0
DRS 14 - São João da Boa Vista, 41010673.495303266, 60767.5403525039, 2020-03-30, 99.81800534063838, 35.82446638463346, 163.70390448790994, 0.39372855244020666, 0
DRS 14 - São João da Boa Vista, 1130115.2822861993, 129935.44641706183, 2020-03-29, 223.14365562893164, 6.731558297820767, 178.51550298987405, 0.7052330941139269, 0
DRS 14 - São João da Boa Vista, 1968250.8719922183, 670670.8747375051, 2020-04-04, 58.635844527431566, 27.02559808104374, 207.07470332095468, 0.4641375178217253, 0
DRS 14 - São João da Boa Vista, 19993522.796263363, 542628.0710016327, 2020-03-30, 169.74623787499405, 54.40413628491239, 228.11756730683362, 0.5841117430573658, 0
DRS 14 - São João da Boa Vista, 59433759.02561713, 338039.16374513344, 2020-03-28, 108.2788050559437, 70.83772668790988, 187.2430670553753, 0.7286928656360168, 0
DRS 14 - São João da Boa Vista, 7591085.22460279, 307723.5681545058, 2020-03-29, 247.051834851479, 55.057772967544274, 130.03993717621915, 0.27186058128231494, 0
DRS 14 - São João da Boa Vista, 38246263.90613238, 133291.17649920733, 2020-04-02, 247.68033022085686, 64.12437050264899, 186.38384427278643, 0.39017657552288665, 0
DRS 14 - São João da Boa Vista, 1109897.540213391, 57333.175640408066, 2020-04-01, 34.80266823027564, 98.014235776024, 137.69529226532774, 0.9082845828189477, 0
DRS 14 - São João da Boa Vista, 74793114.31857818, 69429.74310349514, 2020-03-29, 235.5929148903961, 171.7420561407729, 98.4511159848452, 0.7650381614743184, 0
DRS 14 - São João da Boa Vista, 7806458.685278475, 600104.0903821117, 2020-04-01, 141.30620757151442, 131.41466822887236, 4.684792002309479, 0.17766672211150494, 0
DRS 14 - São João da Boa Vista, 22489842.39806004, 202706.81079006047, 2020-04-02, 92.21039258811716, 161.40832052160292, 58.13505619893526, 0.8097290297847127, 0
DRS 14 - São João da Boa Vista, 1634360.0906232365, 550316.035941484, 2020-03-29, 176.75701182715537, 175.080370841628, 229.43548055296597, 0.220746304753575, 0
DRS 14 - São João da Boa Vista, 13793977.644079968, 497411.743139733, 2020-04-03, 143.87435155519367, 88.29124420886725, 2.1249511116442283, 0.1995602117014496, 0
DRS 14 - São João da Boa Vista, 53316739.186881065, 608289.6655803074, 2020-03-28, 165.65793916861566, 57.55127789446266, 153.5331854091207, 0.8534863580291113, 0
DRS 14 - São João da Boa Vista, 46157181.851323016, 621782.8030393311, 2020-04-03, 9.503200112588983, 37.725715458492765, 118.76185037372613, 0.5773394866810736, 0